system_index,city_key,selected_rank,analysis_rank,selected_rank_original,universe_rank,cohort,cohort_rank,city_label,duplicate_city_name,rank_global,rank_country,eFUA_name,Cntry_ISO,country_name,continent,FUA_p_2015,current_530,current_730,extension_rank,proposed_analysis_rank,inclusion_probability,design_weight,combined_inclusion_probability,combined_design_weight,selection_seed,selection_design,selection_hash,extension_phase,prior_extension_cities,stratum,phase1_stratum_n,phase2_candidate_stratum_n,phase2_stratum_n,combined_stratum_n,original_candidate_stratum_n,population_quintile,climate_family,koppen_zone,hdi_available,hdi_tertile,national_hdi_2023,latitude_band,latitude,longitude,fua_area_km2,same_name_country_as_current,extension_eligible,same_name_country_as_current_730,phase2_eligible
00000000000000000b91,00000000000000000b91,1,1,1.0,1,original_250,1,Tokyo (JPN),False,1,1,Tokyo,JPN,Japan,Asia,36471786.90712099,True,True,,1,1.0,1.0,1.0,1.0,,current_530_certainty_v1,,,,Asia|P5,,,,,,5,Temperate,14,True,High,0.925,N_mid,35.730425835850504,139.67081174539254,11944.26186262077,,,,
00000000000000000361,00000000000000000361,2,2,2.0,2,original_250,2,Delhi [New Delhi] (IND),False,2,1,Delhi [New Delhi],IND,India,Asia,30076707.751785222,True,True,,2,1.0,1.0,1.0,1.0,,current_530_certainty_v1,,,,Asia|P5,,,,,,5,Arid,6,True,Low,0.685,N_mid,28.65939119905296,77.19683226178773,5556.556812256336,,,,
00000000000000000954,00000000000000000954,3,3,3.0,3,original_250,3,Jakarta (IDN),False,3,1,Jakarta,IDN,Indonesia,Asia,29753582.446153075,True,True,,3,1.0,1.0,1.0,1.0,,current_530_certainty_v1,,,,Asia|P5,,,,,,5,Tropical,1,True,Middle,0.728,S_tropical,-6.369907852930387,106.81932686922062,5280.172777735528,,,,
000000000000000016ed,000000000000000016ed,4,4,4.0,4,original_250,4,Shanghai (CHN),False,4,1,Shanghai,CHN,China,Asia,26920218.16448322,True,True,,4,1.0,1.0,1.0,1.0,,current_530_certainty_v1,,,,Asia|P5,,,,,,5,Temperate,14,True,Middle,0.797,N_mid,31.145937941476262,121.39757875700262,5864.869643775712,,,,
00000000000000001c53,00000000000000001c53,5,5,5.0,5,original_250,5,Quezon City [Manila] (PHL),False,5,1,Quezon City [Manila],PHL,Philippines,Asia,24958274.419444025,True,True,,5,1.0,1.0,1.0,1.0,,current_530_certainty_v1,,,,Asia|P5,,,,,,5,Tropical,3,True,Middle,0.72,N_tropical,14.474071579334987,121.06195959560289,4862.110193233957,,,,
00000000000000001e4f,00000000000000001e4f,6,6,6.0,6,original_250,6,Seoul (KOR),False,6,1,Seoul,KOR,South Korea,Asia,24287447.2124514,True,True,,6,1.0,1.0,1.0,1.0,,current_530_certainty_v1,,,,Asia|P5,,,,,,5,Continental,21,True,High,0.937,N_mid,37.46411951587307,126.94537440186468,7037.242027751168,,,,
000000000000000018c1,000000000000000018c1,7,7,7.0,7,original_250,7,Cairo (EGY),False,7,1,Cairo,EGY,Egypt,Africa,23490198.364338383,True,True,,7,1.0,1.0,1.0,1.0,,current_530_certainty_v1,,,,Africa|P5,,,,,,5,Arid,4,True,Middle,0.754,N_mid,30.058418866997112,31.270828196510525,4338.277079765758,,,,
000000000000000008c4,000000000000000008c4,8,8,8.0,8,original_250,8,Kolkata (IND),False,8,2,Kolkata,IND,India,Asia,23129019.57106242,True,True,,8,1.0,1.0,1.0,1.0,,current_530_certainty_v1,,,,Asia|P5,,,,,,5,Tropical,3,True,Low,0.685,N_tropical,22.61242710032012,88.30836132392602,4575.750946195057,,,,
00000000000000000324,00000000000000000324,9,9,9.0,9,original_250,9,Mumbai (IND),False,9,3,Mumbai,IND,India,Asia,22277275.06993202,True,True,,9,1.0,1.0,1.0,1.0,,current_530_certainty_v1,,,,Asia|P5,,,,,,5,Tropical,2,True,Low,0.685,N_tropical,19.13772990283864,73.03669475442061,2361.7080975493845,,,,
00000000000000001006,00000000000000001006,10,10,10.0,10,original_250,10,São Paulo (BRA),False,10,1,São Paulo,BRA,Brazil,America,21684522.81658964,True,True,,10,1.0,1.0,1.0,1.0,,current_530_certainty_v1,,,,America|P5,,,,,,5,Temperate,14,True,Middle,0.786,S_mid,-23.52623233750691,-46.63738171176969,6063.417507733573,,,,
00000000000000000cb0,00000000000000000cb0,11,11,11.0,11,original_250,11,Mexico City (MEX),False,11,1,Mexico City,MEX,Mexico,America,21410705.863286152,True,True,,11,1.0,1.0,1.0,1.0,,current_530_certainty_v1,,,,America|P5,,,,,,5,Temperate,12,True,Middle,0.789,N_tropical,19.511994238854875,-99.06974236467292,4820.203510074852,,,,
000000000000000012f4,000000000000000012f4,12,12,12.0,12,original_250,12,Beijing (CHN),False,12,2,Beijing,CHN,China,Asia,21279474.475599967,True,True,,12,1.0,1.0,1.0,1.0,,current_530_certainty_v1,,,,Asia|P5,,,,,,5,Arid,7,True,Middle,0.797,N_mid,39.8990319721568,116.36527213144878,5523.630369549228,,,,
00000000000000000ef0,00000000000000000ef0,13,13,13.0,13,original_250,13,Dhaka (BGD),True,13,1,Dhaka,BGD,Bangladesh,Asia,20392157.109597683,True,True,,13,1.0,1.0,1.0,1.0,,current_530_certainty_v1,,,,Asia|P5,,,,,,5,Temperate,11,True,Low,0.685,N_mid,23.720507893001063,90.36089776685428,3260.6962955318227,,,,
0000000000000000220d,0000000000000000220d,14,14,14.0,14,original_250,14,New York (USA),False,14,1,New York,USA,United States,America,19523052.757618506,True,True,,14,1.0,1.0,1.0,1.0,,current_530_certainty_v1,,,,America|P5,,,,,,5,Temperate,14,True,High,0.938,N_mid,40.84622582064004,-74.00562783857781,17449.92042229688,,,,
00000000000000000b71,00000000000000000b71,15,15,15.0,15,original_250,15,Osaka [Kyoto] (JPN),False,15,2,Osaka [Kyoto],JPN,Japan,Asia,17621765.591932304,True,True,,15,1.0,1.0,1.0,1.0,,current_530_certainty_v1,,,,Asia|P5,,,,,,5,Temperate,14,True,High,0.925,N_mid,34.76679729246405,135.32533442609193,10067.45914546713,,,,
00000000000000001656,00000000000000001656,16,16,16.0,16,original_250,16,Guangzhou (CHN),False,16,3,Guangzhou,CHN,China,Asia,16746844.154886736,True,True,,16,1.0,1.0,1.0,1.0,,current_530_certainty_v1,,,,Asia|P5,,,,,,5,Temperate,14,True,Middle,0.797,N_tropical,23.08182853387333,113.07473400364502,4403.138275580741,,,,
00000000000000001cf7,00000000000000001cf7,17,17,17.0,17,original_250,17,Moscow (RUS),False,17,1,Moscow,RUS,Russia,Europe,16375317.145185009,True,True,,17,1.0,1.0,1.0,1.0,,current_530_certainty_v1,,,,Europe|P5,,,,,,5,Continental,26,True,High,0.832,N_polar,55.69753500367024,37.58065760240572,8440.092659912716,,,,
00000000000000001f97,00000000000000001f97,18,18,18.0,18,original_250,18,Bangkok (THA),False,18,1,Bangkok,THA,Thailand,Asia,16290188.457921864,True,True,,18,1.0,1.0,1.0,1.0,,current_530_certainty_v1,,,,Asia|P5,,,,,,5,Tropical,3,True,High,0.798,N_tropical,13.793717691620678,100.54296816938006,5149.464829399487,,,,
00000000000000002126,00000000000000002126,19,19,19.0,19,original_250,19,Los Angeles (USA),False,19,2,Los Angeles,USA,United States,America,15655357.449185034,True,True,,19,1.0,1.0,1.0,1.0,,current_530_certainty_v1,,,,America|P5,,,,,,5,Temperate,8,True,High,0.938,N_mid,33.973114424863454,-117.8478781991379,10383.755659654478,,,,
00000000000000000e91,00000000000000000e91,20,20,20.0,20,original_250,20,Buenos Aires (ARG),False,20,1,Buenos Aires,ARG,Argentina,America,14984068.901711538,True,True,,20,1.0,1.0,1.0,1.0,,current_530_certainty_v1,,,,America|P5,,,,,,5,Temperate,14,True,High,0.865,S_mid,-34.76902143927657,-58.584243767485226,5363.993410960894,,,,
00000000000000001fe6,00000000000000001fe6,21,21,21.0,21,original_250,21,Istanbul (TUR),False,21,1,Istanbul,TUR,Türkiye,Asia,14791738.791781647,True,True,,21,1.0,1.0,1.0,1.0,,current_530_certainty_v1,,,,Asia|P5,,,,,,5,Temperate,8,True,High,0.853,N_mid,41.02135677777917,29.057840400657152,2534.3234555122376,,,,
00000000000000001b58,00000000000000001b58,22,22,22.0,22,original_250,22,Karachi (PAK),False,22,1,Karachi,PAK,Pakistan,Asia,13417664.361740949,True,True,,22,1.0,1.0,1.0,1.0,,current_530_certainty_v1,,,,Asia|P5,,,,,,5,Arid,4,True,Low,0.544,N_mid,24.90827550094994,67.10119595798005,1344.9924949047297,,,,
00000000000000000a46,00000000000000000a46,23,23,23.0,23,original_250,23,Tehran (IRN),False,23,1,Tehran,IRN,Iran,Asia,13408679.69987731,True,True,,23,1.0,1.0,1.0,1.0,,current_530_certainty_v1,,,,Asia|P5,,,,,,5,Arid,7,True,High,0.799,N_mid,35.6635011398012,51.222949228498265,3324.559281185179,,,,
000000000000000022d0,000000000000000022d0,24,24,24.0,24,original_250,24,Ho Chi Minh City (VNM),False,24,1,Ho Chi Minh City,VNM,Vietnam,Asia,12831945.081212908,True,True,,24,1.0,1.0,1.0,1.0,,current_530_certainty_v1,,,,Asia|P5,,,,,,5,Tropical,3,True,Middle,0.766,N_tropical,10.84033666394796,106.6956054971644,3029.222532174901,,,,
00000000000000001702,00000000000000001702,25,25,25.0,25,original_250,25,Jieyang (CHN),False,25,4,Jieyang,CHN,China,Asia,12657025.20616302,True,True,,25,1.0,1.0,1.0,1.0,,current_530_certainty_v1,,,,Asia|P5,,,,,,5,Temperate,14,True,Middle,0.797,N_tropical,23.468048460349852,116.46511139952509,5908.770176402534,,,,
00000000000000002105,00000000000000002105,26,26,26.0,26,original_250,26,London (GBR),False,26,1,London,GBR,United Kingdom,Europe,12598186.448312998,True,True,,26,1.0,1.0,1.0,1.0,,current_530_certainty_v1,,,,Europe|P5,,,,,,5,Temperate,15,True,High,0.946,N_polar,51.441445644733164,-0.1000873485165444,6590.241802259096,,,,
0000000000000000198e,0000000000000000198e,27,27,27.0,27,original_250,27,Lagos (NGA),False,27,1,Lagos,NGA,Nigeria,Africa,12337226.551975057,True,True,,27,1.0,1.0,1.0,1.0,,current_530_certainty_v1,,,,Africa|P5,,,,,,5,Tropical,3,True,Low,0.56,N_tropical,6.587085854811073,3.280489329223516,2278.889130171301,,,,
0000000000000000064e,0000000000000000064e,28,28,28.0,28,original_250,28,Bengaluru (IND),False,28,4,Bengaluru,IND,India,Asia,11934852.474908724,True,True,,28,1.0,1.0,1.0,1.0,,current_530_certainty_v1,,,,Asia|P5,,,,,,5,Tropical,3,True,Low,0.685,N_tropical,12.983690294296922,77.58695312930101,2049.4147161999445,,,,
00000000000000001bec,00000000000000001bec,29,29,29.0,29,original_250,29,Lahore (PAK),False,29,2,Lahore,PAK,Pakistan,Asia,11786290.585428355,True,True,,29,1.0,1.0,1.0,1.0,,current_530_certainty_v1,,,,Asia|P5,,,,,,5,Arid,6,True,Low,0.544,N_mid,31.553597209259223,74.21575528020219,3146.9583832045855,,,,
000000000000000000eb,000000000000000000eb,30,30,30.0,31,original_250,30,Paris (FRA),False,32,1,Paris,FRA,France,Europe,11236407.127822112,True,True,,30,1.0,1.0,1.0,1.0,,current_530_certainty_v1,,,,Europe|P5,,,,,,5,Temperate,15,True,High,0.92,N_polar,48.833052849275454,2.2082767374849546,6762.861666370175,,,,
00000000000000001032,00000000000000001032,31,31,31.0,32,original_250,31,Rio de Janeiro (BRA),False,33,2,Rio de Janeiro,BRA,Brazil,America,10814391.233790528,True,True,,31,1.0,1.0,1.0,1.0,,current_530_certainty_v1,,,,America|P5,,,,,,5,Tropical,3,True,Middle,0.786,S_tropical,-22.75645041623028,-43.416022720144475,3589.9545394121847,,,,
00000000000000000991,00000000000000000991,32,32,32.0,33,original_250,32,Surabaya (IDN),False,34,2,Surabaya,IDN,Indonesia,Asia,10752964.44120702,True,True,,32,1.0,1.0,1.0,1.0,,current_530_certainty_v1,,,,Asia|P5,,,,,,5,Tropical,2,True,Middle,0.728,S_tropical,-7.703591273915541,112.6606904825939,4268.445514626797,,,,
00000000000000001c2c,00000000000000001c2c,33,33,33.0,35,original_250,33,Lima (PER),False,36,1,Lima,PER,Peru,America,9669592.86579652,True,True,,33,1.0,1.0,1.0,1.0,,current_530_certainty_v1,,,,America|P5,,,,,,5,Arid,4,True,Middle,0.794,S_tropical,-11.991927711666262,-76.95005888869984,2116.2644629223473,,,,
00000000000000000b7f,00000000000000000b7f,34,34,34.0,36,original_250,34,Nagoya (JPN),False,37,3,Nagoya,JPN,Japan,Asia,9590442.435834404,True,True,,34,1.0,1.0,1.0,1.0,,current_530_certainty_v1,,,,Asia|P5,,,,,,5,Temperate,14,True,High,0.925,N_mid,35.10083824882832,136.77818419060463,7333.570917244134,,,,
00000000000000001f4c,00000000000000001f4c,35,35,35.0,37,original_250,35,New Taipei [Taipei] (TWN),False,39,1,New Taipei [Taipei],TWN,Taiwan,Asia,9530828.725439332,True,True,,35,1.0,1.0,1.0,1.0,,current_530_certainty_v1,,,,Asia|P5,,,,,,5,Temperate,14,False,Missing,,N_mid,25.01532477617497,121.42455672748515,2457.5026044325264,,,,
0000000000000000095c,0000000000000000095c,36,36,36.0,38,original_250,36,Bandung (IDN),False,40,3,Bandung,IDN,Indonesia,Asia,9310750.844457626,True,True,,36,1.0,1.0,1.0,1.0,,current_530_certainty_v1,,,,Asia|P5,,,,,,5,Tropical,2,True,Middle,0.728,S_tropical,-6.945698734205171,107.64757920697164,2306.8249163745327,,,,
0000000000000000178a,0000000000000000178a,37,37,37.0,39,original_250,37,Bogota (COL),False,41,1,Bogota,COL,Colombia,America,9080732.020929962,True,True,,37,1.0,1.0,1.0,1.0,,current_530_certainty_v1,,,,America|P5,,,,,,5,Temperate,15,True,Middle,0.788,N_tropical,4.661962042118676,-74.12191573177329,1858.8344331997732,,,,
00000000000000000efc,00000000000000000efc,38,38,38.0,40,original_250,38,Comilla (BGD),False,43,2,Comilla,BGD,Bangladesh,Asia,8812244.066754684,True,True,,38,1.0,1.0,1.0,1.0,,current_530_certainty_v1,,,,Asia|P5,,,,,,5,Tropical,3,True,Low,0.685,N_tropical,23.418395500668215,90.98084318805398,4482.965092330091,,,,
000000000000000021ca,000000000000000021ca,39,39,39.0,41,original_250,39,Chicago (USA),False,44,3,Chicago,USA,United States,America,8797568.994347408,True,True,,39,1.0,1.0,1.0,1.0,,current_530_certainty_v1,,,,America|P5,,,,,,5,Continental,25,True,High,0.938,N_mid,41.70143850240695,-87.88025174752492,13155.539653881931,,,,
0000000000000000229f,0000000000000000229f,40,40,40.0,42,original_250,40,Hanoi (VNM),False,47,2,Hanoi,VNM,Vietnam,Asia,8350600.196766855,True,True,,40,1.0,1.0,1.0,1.0,,current_530_certainty_v1,,,,Asia|P5,,,,,,5,Temperate,11,True,Middle,0.766,N_tropical,21.07235143058268,105.86467176585673,3285.6359600230003,,,,
00000000000000001e34,00000000000000001e34,41,41,41.0,43,original_250,41,Johannesburg (ZAF),False,49,1,Johannesburg,ZAF,South Africa,Africa,8182341.804983598,True,True,,41,1.0,1.0,1.0,1.0,,current_530_certainty_v1,,,,Africa|P5,,,,,,5,Temperate,12,True,Middle,0.741,S_mid,-26.138747396955257,28.0486502722181,3786.522125260672,,,,
00000000000000000c32,00000000000000000c32,42,42,42.0,44,original_250,42,Kuala Lumpur (MYS),False,50,1,Kuala Lumpur,MYS,Malaysia,Asia,7481102.847486123,True,True,,42,1.0,1.0,1.0,1.0,,current_530_certainty_v1,,,,Asia|P5,,,,,,5,Tropical,1,True,High,0.819,N_tropical,3.072423096095634,101.59264818059007,3306.5948243740827,,,,
00000000000000000976,00000000000000000976,43,43,43.0,45,original_250,43,Yogyakarta (IDN),False,51,4,Yogyakarta,IDN,Indonesia,Asia,7463686.599249005,True,True,,43,1.0,1.0,1.0,1.0,,current_530_certainty_v1,,,,Asia|P5,,,,,,5,Tropical,2,True,Middle,0.728,S_tropical,-7.661284486748482,110.6313987612068,4288.408319766186,,,,
00000000000000000e31,00000000000000000e31,44,44,44.0,46,original_250,44,Luanda (AGO),False,52,1,Luanda,AGO,Angola,Africa,7308152.208250642,True,True,,44,1.0,1.0,1.0,1.0,,current_530_certainty_v1,,,,Africa|P5,,,,,,5,Arid,6,True,Low,0.616,S_tropical,-8.947896905336666,13.336109020030642,1936.663556875124,,,,
000000000000000010fe,000000000000000010fe,45,45,45.0,47,original_250,45,Toronto (CAN),False,55,1,Toronto,CAN,Canada,America,7278248.435490533,True,True,,45,1.0,1.0,1.0,1.0,,current_530_certainty_v1,,,,America|P5,,,,,,5,Continental,26,True,High,0.939,N_mid,43.66751877815894,-79.55582708696271,8204.620018370206,,,,
00000000000000001142,00000000000000001142,46,46,46.0,48,original_250,46,Santiago (CHL),False,56,1,Santiago,CHL,Chile,America,7087659.554542821,True,True,,46,1.0,1.0,1.0,1.0,,current_530_certainty_v1,,,,America|P5,,,,,,5,Temperate,8,True,High,0.878,S_mid,-33.501066454997414,-70.71747673062373,2916.468569517027,,,,
0000000000000000217b,0000000000000000217b,47,47,47.0,49,original_250,47,Dallas (USA),False,57,4,Dallas,USA,United States,America,7077557.752164631,True,True,,47,1.0,1.0,1.0,1.0,,current_530_certainty_v1,,,,America|P5,,,,,,5,Temperate,14,True,High,0.938,N_mid,32.82445684001578,-96.92045534099223,19781.69234326038,,,,
00000000000000001dbd,00000000000000001dbd,48,48,48.0,51,original_250,48,Riyadh (SAU),False,63,1,Riyadh,SAU,Saudi Arabia,Asia,6299387.244866326,True,True,,48,1.0,1.0,1.0,1.0,,current_530_certainty_v1,,,,Asia|P5,,,,,,5,Arid,4,True,High,0.9,N_mid,24.686929106129515,46.71323558860286,3231.766908980842,,,,
00000000000000000abc,00000000000000000abc,49,49,49.0,52,original_250,49,Baghdad (IRQ),False,64,1,Baghdad,IRQ,Iraq,Asia,6245609.021319371,True,True,,49,1.0,1.0,1.0,1.0,,current_530_certainty_v1,,,,Asia|P5,,,,,,5,Arid,4,True,Low,0.695,N_mid,33.302990266924006,44.39073128710435,2246.972948441253,,,,
00000000000000001ef2,00000000000000001ef2,50,50,50.0,53,original_250,50,Khartoum (SDN),False,65,1,Khartoum,SDN,Sudan,Africa,6229523.115826815,True,True,,50,1.0,1.0,1.0,1.0,,current_530_certainty_v1,,,,Africa|P5,,,,,,5,Arid,4,True,Low,0.511,N_tropical,15.618427304666264,32.51631383134501,1359.9566117198826,,,,
00000000000000000da9,00000000000000000da9,51,51,51.0,54,original_250,51,Yangon (MMR),False,67,1,Yangon,MMR,Myanmar,Asia,6143161.517787933,True,True,,51,1.0,1.0,1.0,1.0,,current_530_certainty_v1,,,,Asia|P5,,,,,,5,Tropical,2,True,Low,0.609,N_tropical,16.867647886696393,96.1577097276312,1318.0492937480446,,,,
00000000000000001ea0,00000000000000001ea0,52,52,52.0,55,original_250,52,Madrid (ESP),False,68,1,Madrid,ESP,Spain,Europe,6131918.9978968445,True,True,,52,1.0,1.0,1.0,1.0,,current_530_certainty_v1,,,,Europe|P5,,,,,,5,Arid,7,True,High,0.918,N_mid,40.37099248495437,-3.6877180398503144,4260.453972545303,,,,
000000000000000018cb,000000000000000018cb,53,53,53.0,56,original_250,53,Mansoura (EGY),False,69,2,Mansoura,EGY,Egypt,Africa,6114874.270102806,True,True,,53,1.0,1.0,1.0,1.0,,current_530_certainty_v1,,,,Africa|P5,,,,,,5,Arid,4,True,Middle,0.754,N_mid,30.90898247995445,31.3497535933168,2030.4488604399523,,,,
00000000000000000f05,00000000000000000f05,54,54,54.0,57,original_250,54,Chattogram (BGD),False,72,3,Chattogram,BGD,Bangladesh,Asia,5964578.131129384,True,True,,54,1.0,1.0,1.0,1.0,,current_530_certainty_v1,,,,Asia|P5,,,,,,5,Tropical,2,True,Low,0.685,N_tropical,22.464658634964376,91.82818780145762,1587.44903111888,,,,
000000000000000018a5,000000000000000018a5,55,55,55.0,58,original_250,55,Alexandria (EGY),False,74,3,Alexandria,EGY,Egypt,Africa,5860478.166953523,True,True,,55,1.0,1.0,1.0,1.0,,current_530_certainty_v1,,,,Africa|P5,,,,,,5,Arid,4,True,Middle,0.754,N_mid,31.124114364267164,29.950648453441065,1195.317012660165,,,,
000000000000000001fd,000000000000000001fd,56,56,56.0,59,original_250,56,Hong Kong (HKG),False,75,1,Hong Kong,HKG,Hong Kong,Asia,5845663.066958129,True,True,,56,1.0,1.0,1.0,1.0,,current_530_certainty_v1,,,,Asia|P5,,,,,,5,Temperate,11,True,High,0.955,N_tropical,22.348021810562063,114.11169272056868,682.4721842878965,,,,
00000000000000000121,00000000000000000121,57,57,57.0,60,original_250,57,Dortmund (DEU),False,76,1,Dortmund,DEU,Germany,Europe,5837624.6945551755,True,True,,57,1.0,1.0,1.0,1.0,,current_530_certainty_v1,,,,Europe|P5,,,,,,5,Temperate,15,True,High,0.959,N_polar,51.53855246309039,7.111520102811857,6288.917520919975,,,,
00000000000000001b6b,00000000000000001b6b,58,58,58.0,61,original_250,58,Peshawar (PAK),False,78,3,Peshawar,PAK,Pakistan,Asia,5789130.046263393,True,True,,58,1.0,1.0,1.0,1.0,,current_530_certainty_v1,,,,Asia|P5,,,,,,5,Arid,6,True,Low,0.544,N_mid,34.03934799057728,71.65813542433013,2008.5046577119213,,,,
00000000000000001800,00000000000000001800,59,59,59.0,62,original_250,59,Kinshasa (COD),False,79,1,Kinshasa,COD,DR Congo,Africa,5764312.318533659,True,True,,59,1.0,1.0,1.0,1.0,,current_530_certainty_v1,,,,Africa|P5,,,,,,5,Tropical,3,True,Low,0.522,S_tropical,-4.414548153566325,15.322700236270336,589.6791296046839,,,,
00000000000000001ec3,00000000000000001ec3,60,60,60.0,63,original_250,60,Colombo (LKA),False,81,1,Colombo,LKA,Sri Lanka,Asia,5670079.610443413,True,True,,60,1.0,1.0,1.0,1.0,,current_530_certainty_v1,,,,Asia|P5,,,,,,5,Tropical,1,True,Middle,0.776,N_tropical,6.931267156012907,79.99445797428186,2782.7676147921725,,,,
00000000000000001f85,00000000000000001f85,61,61,61.0,64,original_250,61,Dar es Salaam (TZA),False,82,1,Dar es Salaam,TZA,Tanzania,Africa,5644865.666666031,True,True,,61,1.0,1.0,1.0,1.0,,current_530_certainty_v1,,,,Africa|P5,,,,,,5,Tropical,3,True,Low,0.555,S_tropical,-6.819765234870471,39.18042577654222,1054.6401223017158,,,,
00000000000000001df7,00000000000000001df7,62,62,62.0,65,original_250,62,Singapore (SGP),True,84,1,Singapore,SGP,Singapore,Asia,5602397.891364843,True,True,,62,1.0,1.0,1.0,1.0,,current_530_certainty_v1,,,,Asia|P5,,,,,,5,Tropical,1,True,High,0.946,N_tropical,1.352755666550353,103.81640066778948,635.5724045537952,,,,
000000000000000020be,000000000000000020be,63,63,63.0,66,original_250,63,Dubai (ARE),False,86,1,Dubai,ARE,United Arab Emirates,Asia,5444031.3013662025,True,True,,63,1.0,1.0,1.0,1.0,,current_530_certainty_v1,,,,Asia|P5,,,,,,5,Arid,4,True,High,0.94,N_mid,25.170779477720476,55.33630811173693,2172.136997375151,,,,
00000000000000000c7c,00000000000000000c7c,64,64,64.0,67,original_250,64,Guadalajara (MEX),False,89,2,Guadalajara,MEX,Mexico,America,5184364.547466679,True,True,,64,1.0,1.0,1.0,1.0,,current_530_certainty_v1,,,,America|P5,,,,,,5,Temperate,11,True,Middle,0.789,N_tropical,20.59347219154343,-103.2931523637851,1963.606763253903,,,,
00000000000000000af8,00000000000000000af8,65,65,65.0,68,original_250,65,Milan (ITA),False,92,1,Milan,ITA,Italy,Europe,5121995.6297267005,True,True,,65,1.0,1.0,1.0,1.0,,current_530_certainty_v1,,,,Europe|P5,,,,,,5,Temperate,14,True,High,0.915,N_polar,45.55275759781486,9.144154519156832,3385.40931228975,,,,
00000000000000001cea,00000000000000001cea,66,66,66.0,69,original_250,66,Saint Petersburg (RUS),False,94,2,Saint Petersburg,RUS,Russia,Europe,5002494.444503034,True,True,,66,1.0,1.0,1.0,1.0,,current_530_certainty_v1,,,,Europe|P5,,,,,,5,Continental,26,True,High,0.832,N_polar,59.92609003115343,30.308105911878727,2757.8319192850695,,,,
00000000000000001bd6,00000000000000001bd6,67,67,67.0,70,original_250,67,Faisalabad (PAK),False,95,4,Faisalabad,PAK,Pakistan,Asia,4979823.291224718,True,True,,67,1.0,1.0,1.0,1.0,,current_530_certainty_v1,,,,Asia|P5,,,,,,5,Arid,6,True,Low,0.544,N_mid,31.45329446445795,73.1680486509716,1640.3219049266734,,,,
00000000000000001026,00000000000000001026,68,68,68.0,71,original_250,68,Belo Horizonte (BRA),False,96,3,Belo Horizonte,BRA,Brazil,America,4966926.83222162,True,True,,68,1.0,1.0,1.0,1.0,,current_530_certainty_v1,,,,America|P5,,,,,,5,Temperate,11,True,Middle,0.786,S_tropical,-19.904254341214088,-44.00959253372841,3092.082155063095,,,,
00000000000000000dfa,00000000000000000dfa,69,69,69.0,72,original_250,69,Algiers (DZA),False,97,1,Algiers,DZA,Algeria,Africa,4921385.250120759,True,True,,69,1.0,1.0,1.0,1.0,,current_530_certainty_v1,,,,Africa|P5,,,,,,5,Temperate,8,True,Middle,0.763,N_mid,36.68221198228272,3.1475708809786385,1797.9717684025602,,,,
00000000000000001a6f,00000000000000001a6f,70,70,70.0,73,original_250,70,Kano (NGA),False,99,2,Kano,NGA,Nigeria,Africa,4821779.426832378,True,True,,70,1.0,1.0,1.0,1.0,,current_530_certainty_v1,,,,Africa|P5,,,,,,5,Tropical,3,True,Low,0.56,N_tropical,11.98695315498816,8.514869905045446,1393.8776313525348,,,,
00000000000000000184,00000000000000000184,71,71,71.0,74,original_250,71,Accra (GHA),False,100,1,Accra,GHA,Ghana,Africa,4786265.398211181,True,True,,71,1.0,1.0,1.0,1.0,,current_530_certainty_v1,,,,Africa|P5,,,,,,5,Tropical,3,True,Low,0.628,N_tropical,5.659197677049165,-0.2416600706317368,1929.6787760460268,,,,
00000000000000000bcb,00000000000000000bcb,72,72,72.0,75,original_250,72,Nairobi (KEN),False,102,1,Nairobi,KEN,Kenya,Africa,4712493.997491837,True,True,,72,1.0,1.0,1.0,1.0,,current_530_certainty_v1,,,,Africa|P5,,,,,,5,Tropical,3,True,Low,0.628,S_tropical,-1.2529958582721905,36.82077697354512,857.0854408466558,,,,
000000000000000017ed,000000000000000017ed,73,73,73.0,76,original_250,73,Abidjan (CIV),False,103,1,Abidjan,CIV,Côte d'Ivoire,Africa,4649772.030738354,True,True,,73,1.0,1.0,1.0,1.0,,current_530_certainty_v1,,,,Africa|P5,,,,,,5,Tropical,2,True,Low,0.582,N_tropical,5.36456383952238,-4.019094780139577,1079.5745897642662,,,,
00000000000000001ebf,00000000000000001ebf,74,74,74.0,77,original_250,74,Barcelona (ESP),False,104,2,Barcelona,ESP,Spain,Europe,4609369.609553948,True,True,,74,1.0,1.0,1.0,1.0,,current_530_certainty_v1,,,,Europe|P5,,,,,,5,Arid,7,True,High,0.918,N_mid,41.509053172766826,2.132782688579005,1962.6048812468707,,,,
00000000000000000dcc,00000000000000000dcc,75,75,75.0,78,original_250,75,Kabul (AFG),False,105,1,Kabul,AFG,Afghanistan,Asia,4604344.157493293,True,True,,75,1.0,1.0,1.0,1.0,,current_530_certainty_v1,,,,Asia|P5,,,,,,5,Arid,7,True,Low,0.496,N_mid,34.521572516610746,69.15816553494189,705.4183406206803,,,,
00000000000000000cc5,00000000000000000cc5,76,76,76.0,80,original_250,76,Monterrey (MEX),False,110,3,Monterrey,MEX,Mexico,America,4521204.928855038,True,True,,76,1.0,1.0,1.0,1.0,,current_530_certainty_v1,,,,America|P5,,,,,,5,Arid,6,True,Middle,0.789,N_mid,25.70449426447619,-100.27899508322268,1844.8676173076608,,,,
00000000000000000ea6,00000000000000000ea6,77,77,77.0,81,original_250,77,Melbourne (AUS),False,112,1,Melbourne,AUS,Australia,Oceania,4474593.500473405,True,True,,77,1.0,1.0,1.0,1.0,,current_530_certainty_v1,,,,Oceania|P5,,,,,,5,Temperate,15,True,High,0.958,S_mid,-37.79871482607548,145.08691490068964,8329.355522270225,,,,
00000000000000000eab,00000000000000000eab,78,78,78.0,82,original_250,78,Sydney (AUS),False,113,2,Sydney,AUS,Australia,Oceania,4404986.391695047,True,True,,78,1.0,1.0,1.0,1.0,,current_530_certainty_v1,,,,Oceania|P5,,,,,,5,Temperate,14,True,High,0.958,S_mid,-33.75236473609642,150.99325091335692,3872.320080574511,,,,
00000000000000000d08,00000000000000000d08,79,79,79.0,83,original_250,79,Casablanca (MAR),False,114,1,Casablanca,MAR,Morocco,Africa,4377455.140142471,True,True,,79,1.0,1.0,1.0,1.0,,current_530_certainty_v1,,,,Africa|P5,,,,,,5,Temperate,8,True,Middle,0.71,N_mid,33.554938169754074,-7.574975704402806,912.956763275572,,,,
00000000000000001a1a,00000000000000001a1a,80,80,80.0,84,original_250,80,Onitsha (NGA),False,115,3,Onitsha,NGA,Nigeria,Africa,4359636.934239507,True,True,,80,1.0,1.0,1.0,1.0,,current_530_certainty_v1,,,,Africa|P5,,,,,,5,Tropical,3,True,Low,0.56,N_tropical,6.091923837226181,6.941155689230235,1956.6203295457797,,,,
00000000000000000161,00000000000000000161,81,81,81.0,85,original_250,81,Berlin (DEU),False,117,2,Berlin,DEU,Germany,Europe,4290482.744469203,True,True,,81,1.0,1.0,1.0,1.0,,current_530_certainty_v1,,,,Europe|P5,,,,,,5,Temperate,15,True,High,0.959,N_polar,52.49782211723792,13.374402761328897,3564.0202242201563,,,,
00000000000000001883,00000000000000001883,82,82,82.0,86,original_250,82,Santo Domingo (DOM),False,119,1,Santo Domingo,DOM,Dominican Republic,America,4248976.099823631,True,True,,82,1.0,1.0,1.0,1.0,,current_530_certainty_v1,,,,America|P5,,,,,,5,Tropical,2,True,Middle,0.776,N_tropical,18.518465614785036,-69.86435701900766,1578.472351083672,,,,
00000000000000001e69,00000000000000001e69,83,83,83.0,87,original_250,83,Busan (KOR),False,121,2,Busan,KOR,South Korea,Asia,4218267.516901158,True,True,,83,1.0,1.0,1.0,1.0,,current_530_certainty_v1,,,,Asia|P5,,,,,,5,Temperate,11,True,High,0.937,N_mid,35.22872596123676,128.964488147739,1474.6925563905515,,,,
00000000000000000b9e,00000000000000000b9e,84,84,84.0,89,original_250,84,Amman (JOR),False,124,1,Amman,JOR,Jordan,Asia,4123100.493438572,True,True,,84,1.0,1.0,1.0,1.0,,current_530_certainty_v1,,,,Asia|P5,,,,,,5,Arid,7,True,Middle,0.754,N_mid,31.961776197248057,35.95261892742681,1594.4284733590168,,,,
00000000000000001104,00000000000000001104,85,85,85.0,90,original_250,85,Montreal (CAN),False,125,2,Montreal,CAN,Canada,America,4089586.486733604,True,True,,85,1.0,1.0,1.0,1.0,,current_530_certainty_v1,,,,America|P5,,,,,,5,Continental,26,True,High,0.939,N_polar,45.513940273697216,-73.66448047917247,5015.780485551426,,,,
00000000000000000b27,00000000000000000b27,86,86,86.0,91,original_250,86,Naples (ITA),False,130,2,Naples,ITA,Italy,Europe,4054332.826902278,True,True,,86,1.0,1.0,1.0,1.0,,current_530_certainty_v1,,,,Europe|P5,,,,,,5,Temperate,8,True,High,0.915,N_mid,40.89800279006914,14.35092100728937,2312.8278853493057,,,,
00000000000000001f4a,00000000000000001f4a,87,87,87.0,92,original_250,87,Taichung (TWN),False,131,2,Taichung,TWN,Taiwan,Asia,4020321.0338168144,True,True,,87,1.0,1.0,1.0,1.0,,current_530_certainty_v1,,,,Asia|P5,,,,,,5,Temperate,11,False,Missing,,N_mid,24.08345251427022,120.59502107645774,1782.011155329471,,,,
00000000000000001da4,00000000000000001da4,88,88,88.0,93,original_250,88,Jeddah (SAU),False,132,2,Jeddah,SAU,Saudi Arabia,Asia,3992565.125086784,True,True,,88,1.0,1.0,1.0,1.0,,current_530_certainty_v1,,,,Asia|P5,,,,,,5,Arid,4,True,High,0.9,N_tropical,21.558100169137116,39.219258293149494,1513.6070886917205,,,,
00000000000000000069,00000000000000000069,89,89,89.0,94,original_250,89,Addis Ababa (ETH),False,133,1,Addis Ababa,ETH,Ethiopia,Africa,3968807.407813549,True,True,,89,1.0,1.0,1.0,1.0,,current_530_certainty_v1,,,,Africa|P5,,,,,,5,Temperate,12,True,Low,0.497,N_tropical,8.993033749527676,38.76657973319358,808.1887139647525,,,,
0000000000000000206a,0000000000000000206a,90,90,90.0,95,original_250,90,Kampala (UGA),False,134,1,Kampala,UGA,Uganda,Africa,3964521.715662956,True,True,,90,1.0,1.0,1.0,1.0,,current_530_certainty_v1,,,,Africa|P5,,,,,,5,Tropical,1,True,Low,0.582,N_tropical,0.3160328523326366,32.586917979032926,1074.5860783967903,,,,
00000000000000001e16,00000000000000001e16,91,91,91.0,96,original_250,91,Cape Town (ZAF),False,140,2,Cape Town,ZAF,South Africa,Africa,3796315.917448666,True,True,,91,1.0,1.0,1.0,1.0,,current_530_certainty_v1,,,,Africa|P5,,,,,,5,Temperate,9,True,Middle,0.741,S_mid,-33.91469756813319,18.579428082687983,1725.131415672878,,,,
0000000000000000019e,0000000000000000019e,92,92,92.0,97,original_250,92,Athens (GRC),False,142,1,Athens,GRC,Greece,Europe,3747423.8787978105,True,True,,92,1.0,1.0,1.0,1.0,,current_530_certainty_v1,,,,Europe|P5,,,,,,5,Temperate,8,True,High,0.908,N_mid,38.04675191168767,23.764371140641575,2240.9841651238976,,,,
0000000000000000223b,0000000000000000223b,93,93,93.0,98,original_250,93,Tashkent (UZB),False,144,1,Tashkent,UZB,Uzbekistan,Asia,3704738.508392349,True,True,,93,1.0,1.0,1.0,1.0,,current_530_certainty_v1,,,,Asia|P5,,,,,,5,Temperate,8,True,Middle,0.74,N_mid,41.26575142333565,69.26126832633557,1256.1881932453143,,,,
00000000000000001079,00000000000000001079,94,94,94.0,99,original_250,94,Recife (BRA),False,146,4,Recife,BRA,Brazil,America,3679510.146388322,True,True,,94,1.0,1.0,1.0,1.0,,current_530_certainty_v1,,,,America|P5,,,,,,5,Tropical,2,True,Middle,0.786,S_tropical,-7.996177597488554,-34.96540882937046,1259.1728653255202,,,,
0000000000000000193e,0000000000000000193e,95,95,95.0,100,original_250,95,Kathmandu (NPL),False,147,1,Kathmandu,NPL,Nepal,Asia,3679117.866565704,True,True,,95,1.0,1.0,1.0,1.0,,current_530_certainty_v1,,,,Asia|P5,,,,,,5,Temperate,11,True,Low,0.622,N_mid,27.68810895644328,85.34194280629363,486.9113225553001,,,,
00000000000000000be5,00000000000000000be5,96,96,96.0,101,original_250,96,Kuwait City (KWT),False,149,1,Kuwait City,KWT,Kuwait,Asia,3631546.887918152,True,True,,96,1.0,1.0,1.0,1.0,,current_530_certainty_v1,,,,Asia|P5,,,,,,5,Arid,4,True,High,0.852,N_mid,29.223527012618696,47.95541397843046,1144.4343585178517,,,,
0000000000000000176f,0000000000000000176f,97,97,97.0,103,original_250,97,Medellín (COL),False,151,2,Medellín,COL,Colombia,America,3610595.1641940777,True,True,,97,1.0,1.0,1.0,1.0,,current_530_certainty_v1,,,,America|P5,,,,,,5,Tropical,1,True,Middle,0.788,N_tropical,6.26178466991543,-75.55838159806162,690.4486613479384,,,,
00000000000000002282,00000000000000002282,98,98,98.0,104,original_250,98,Caracas (VEN),False,152,1,Caracas,VEN,Venezuela,America,3589208.183283236,True,True,,98,1.0,1.0,1.0,1.0,,current_530_certainty_v1,,,,America|P5,,,,,,5,Tropical,3,True,Middle,0.709,N_tropical,10.42065997966822,-66.92737768085243,888.0133378053712,,,,
000000000000000010d2,000000000000000010d2,99,99,99.0,105,original_250,99,Yaounde (CMR),False,154,1,Yaounde,CMR,Cameroon,Africa,3547917.375785589,True,True,,99,1.0,1.0,1.0,1.0,,current_530_certainty_v1,,,,Africa|P5,,,,,,5,Tropical,3,True,Low,0.588,N_tropical,3.841353708091856,11.52857967391742,570.72204655901,,,,
00000000000000000b1c,00000000000000000b1c,100,100,100.0,106,original_250,100,Rome (ITA),False,155,3,Rome,ITA,Italy,Europe,3501925.0829263255,True,True,,100,1.0,1.0,1.0,1.0,,current_530_certainty_v1,,,,Europe|P5,,,,,,5,Temperate,8,True,High,0.915,N_mid,41.89981549794189,12.558565520914051,2689.981731188626,,,,
00000000000000001942,00000000000000001942,101,101,101.0,107,original_250,101,Rotterdam [The Hague] (NLD),False,156,1,Rotterdam [The Hague],NLD,Netherlands,Europe,3494348.384350188,True,True,,101,1.0,1.0,1.0,1.0,,current_530_certainty_v1,,,,Europe|P5,,,,,,5,Temperate,15,True,High,0.955,N_polar,51.92798920989578,4.473720565169281,2936.4232793352307,,,,
000000000000000001b6,000000000000000001b6,102,102,102.0,108,original_250,102,Guatemala City (GTM),False,160,1,Guatemala City,GTM,Guatemala,America,3464817.450881418,True,True,,102,1.0,1.0,1.0,1.0,,current_530_certainty_v1,,,,America|P5,,,,,,5,Tropical,3,True,Low,0.662,N_tropical,14.599450318010774,-90.52107616094816,1417.8277995181284,,,,
00000000000000002087,00000000000000002087,103,103,103.0,109,original_250,103,Kyiv (UKR),False,162,1,Kyiv,UKR,Ukraine,Europe,3438138.071591899,True,True,,103,1.0,1.0,1.0,1.0,,current_530_certainty_v1,,,,Europe|P5,,,,,,5,Continental,26,True,Middle,0.779,N_polar,50.44554633748298,30.49521943923824,3377.439725420992,,,,
00000000000000000cba,00000000000000000cba,104,104,104.0,110,original_250,104,Puebla (MEX),False,163,4,Puebla,MEX,Mexico,America,3431638.479547292,True,True,,104,1.0,1.0,1.0,1.0,,current_530_certainty_v1,,,,America|P5,,,,,,5,Temperate,12,True,Middle,0.789,N_tropical,19.1336558918214,-98.16451651618875,2344.7496790368077,,,,
00000000000000001dc4,00000000000000001dc4,105,105,105.0,111,original_250,105,Dakar (SEN),False,164,1,Dakar,SEN,Senegal,Africa,3409806.4307798147,True,True,,105,1.0,1.0,1.0,1.0,,current_530_certainty_v1,,,,Africa|P5,,,,,,5,Arid,6,True,Low,0.53,N_tropical,14.741785021546104,-17.356369329525293,387.1312398304518,,,,
00000000000000002003,00000000000000002003,106,106,106.0,112,original_250,106,Ankara (TUR),False,165,2,Ankara,TUR,Türkiye,Asia,3385325.26723212,True,True,,106,1.0,1.0,1.0,1.0,,current_530_certainty_v1,,,,Asia|P5,,,,,,5,Arid,7,True,High,0.853,N_mid,39.92597487832261,32.88264234469688,1039.6770760613952,,,,
0000000000000000199e,0000000000000000199e,107,107,107.0,113,original_250,107,Ibadan (NGA),False,166,4,Ibadan,NGA,Nigeria,Africa,3327050.183268547,True,True,,107,1.0,1.0,1.0,1.0,,current_530_certainty_v1,,,,Africa|P5,,,,,,5,Tropical,3,True,Low,0.56,N_tropical,7.395262825189178,3.911463130607119,1182.3520143708963,,,,
00000000000000001f37,00000000000000001f37,108,108,108.0,114,original_250,108,Damascus (SYR),False,167,1,Damascus,SYR,Syria,Asia,3304903.1249005795,True,True,,108,1.0,1.0,1.0,1.0,,current_530_certainty_v1,,,,Asia|P5,,,,,,5,Arid,7,True,Low,0.564,N_mid,33.49568787772422,36.3171764904884,1265.1713009885225,,,,
00000000000000000c4c,00000000000000000c4c,109,109,109.0,115,original_250,109,Bamako (MLI),False,168,1,Bamako,MLI,Mali,Africa,3290547.4612575173,True,True,,109,1.0,1.0,1.0,1.0,,current_530_certainty_v1,,,,Africa|P5,,,,,,5,Tropical,3,True,Low,0.419,N_tropical,12.622114653909842,-7.97358630075903,698.4347260268306,,,,
000000000000000020df,000000000000000020df,110,110,110.0,116,original_250,110,Manchester (GBR),True,172,2,Manchester,GBR,United Kingdom,Europe,3270370.459773466,True,True,,110,1.0,1.0,1.0,1.0,,current_530_certainty_v1,,,,Europe|P5,,,,,,5,Temperate,15,True,High,0.946,N_polar,53.43833326675828,-2.2847646935187966,2177.12154012891,,,,
0000000000000000016e,0000000000000000016e,111,111,111.0,117,original_250,111,Kumasi (GHA),False,176,2,Kumasi,GHA,Ghana,Africa,3234531.7708529234,True,True,,111,1.0,1.0,1.0,1.0,,current_530_certainty_v1,,,,Africa|P5,,,,,,5,Tropical,3,True,Low,0.628,N_tropical,6.714789727439507,-1.602162131732094,1026.7034615747982,,,,
00000000000000001e48,00000000000000001e48,112,112,112.0,118,original_250,112,Durban (ZAF),False,178,3,Durban,ZAF,South Africa,Africa,3226799.3936927617,True,True,,112,1.0,1.0,1.0,1.0,,current_530_certainty_v1,,,,Africa|P5,,,,,,5,Temperate,14,True,Middle,0.741,S_mid,-29.850867362258835,30.892441853621524,1607.3925324464433,,,,
00000000000000000a8d,00000000000000000a8d,113,113,113.0,119,original_250,113,Mashhad (IRN),False,182,2,Mashhad,IRN,Iran,Asia,3181980.7148230076,True,True,,113,1.0,1.0,1.0,1.0,,current_530_certainty_v1,,,,Asia|P5,,,,,,5,Arid,5,True,High,0.799,N_mid,36.33600900224229,59.57992612609749,828.1402302928028,,,,
00000000000000000125,00000000000000000125,114,114,114.0,120,original_250,114,Cologne (DEU),False,183,3,Cologne,DEU,Germany,Europe,3178671.8155770153,True,True,,114,1.0,1.0,1.0,1.0,,current_530_certainty_v1,,,,Europe|P5,,,,,,5,Temperate,15,True,High,0.959,N_polar,50.85449179467901,7.041257556330785,3255.705609106739,,,,
0000000000000000181f,0000000000000000181f,115,115,115.0,121,original_250,115,Mbuji-Mayi (COD),False,185,2,Mbuji-Mayi,COD,DR Congo,Africa,3126644.837460071,True,True,,115,1.0,1.0,1.0,1.0,,current_530_certainty_v1,,,,Africa|P5,,,,,,5,Tropical,3,True,Low,0.522,S_tropical,-6.13223719071216,23.61279927103673,212.52179000312907,,,,
00000000000000001fdd,00000000000000001fdd,116,116,116.0,123,original_250,116,Izmir (TUR),False,187,3,Izmir,TUR,Türkiye,Asia,3094411.9904401097,True,True,,116,1.0,1.0,1.0,1.0,,current_530_certainty_v1,,,,Asia|P5,,,,,,5,Temperate,8,True,High,0.853,N_mid,38.43668398601693,27.14218361230619,1122.487947649703,,,,
00000000000000000eef,00000000000000000eef,117,117,117.0,124,original_250,117,Dhaka (BGD),True,188,4,Dhaka,BGD,Bangladesh,Asia,3075402.547022581,True,True,,117,1.0,1.0,1.0,1.0,,current_530_certainty_v1,,,,Asia|P5,,,,,,5,Temperate,11,True,Low,0.685,N_mid,24.265806315564323,90.34654403997976,1373.921528113835,,,,
00000000000000001c6e,00000000000000001c6e,118,118,118.0,125,original_250,118,Cebu City (PHL),False,190,2,Cebu City,PHL,Philippines,Asia,3059069.973345518,True,True,,118,1.0,1.0,1.0,1.0,,current_530_certainty_v1,,,,Asia|P5,,,,,,5,Tropical,1,True,Middle,0.72,N_tropical,10.293615816257422,123.81694358183564,1229.2534789018396,,,,
00000000000000000136,00000000000000000136,119,119,119.0,126,original_250,119,Frankfurt am Main (DEU),False,193,4,Frankfurt am Main,DEU,Germany,Europe,3025700.4685177393,True,True,,119,1.0,1.0,1.0,1.0,,current_530_certainty_v1,,,,Europe|P5,,,,,,5,Temperate,15,True,High,0.959,N_polar,50.0984936240489,8.566378372810266,3315.5742352839006,,,,
000000000000000010c2,000000000000000010c2,120,120,120.0,127,original_250,120,Douala (CMR),False,194,2,Douala,CMR,Cameroon,Africa,3002078.173214674,True,True,,120,1.0,1.0,1.0,1.0,,current_530_certainty_v1,,,,Africa|P5,,,,,,5,Tropical,2,True,Low,0.588,N_tropical,4.06721345990614,9.701201935322688,359.1967426147654,,,,
00000000000000000b46,00000000000000000b46,121,121,121.0,128,original_250,121,Fukuoka (JPN),False,195,4,Fukuoka,JPN,Japan,Asia,2998820.908444691,True,True,,121,1.0,1.0,1.0,1.0,,current_530_certainty_v1,,,,Asia|P5,,,,,,5,Temperate,14,True,High,0.925,N_mid,33.52780740043777,130.44670662117278,1933.6686157443637,,,,
00000000000000001b09,00000000000000001b09,122,122,122.0,129,original_250,122,Pyongyang (PRK),False,196,1,Pyongyang,PRK,North Korea,Asia,2993742.7330727205,True,True,,122,1.0,1.0,1.0,1.0,,current_530_certainty_v1,,,,Asia|P5,,,,,,5,Continental,21,False,Missing,,N_mid,39.02025002383761,125.71500480775676,752.3152942026835,,,,
000000000000000020e6,000000000000000020e6,123,123,123.0,130,original_250,123,Birmingham (GBR),False,198,3,Birmingham,GBR,United Kingdom,Europe,2958884.7795559764,True,True,,123,1.0,1.0,1.0,1.0,,current_530_certainty_v1,,,,Europe|P5,,,,,,5,Temperate,15,True,High,0.946,N_polar,52.51875026206115,-2.042148432473832,1782.0077314841362,,,,
00000000000000001f50,00000000000000001f50,124,124,124.0,131,original_250,124,Kaohsiung (TWN),False,199,3,Kaohsiung,TWN,Taiwan,Asia,2934154.379176423,True,True,,124,1.0,1.0,1.0,1.0,,current_530_certainty_v1,,,,Asia|P5,,,,,,5,Tropical,3,False,Missing,,N_tropical,22.67634009337192,120.38037351493658,1085.5657313722515,,,,
000000000000000020ec,000000000000000020ec,125,125,125.0,132,original_250,125,Leeds (GBR),False,202,4,Leeds,GBR,United Kingdom,Europe,2922157.5593698844,True,True,,125,1.0,1.0,1.0,1.0,,current_530_certainty_v1,,,,Europe|P5,,,,,,5,Temperate,15,True,High,0.946,N_polar,53.69476544262989,-1.4564729864852748,3037.1961468128475,,,,
00000000000000001c9d,00000000000000001c9d,126,126,126.0,133,original_250,126,Katowice (POL),False,203,1,Katowice,POL,Poland,Europe,2912555.1875346955,True,True,,126,1.0,1.0,1.0,1.0,,current_530_certainty_v1,,,,Europe|P5,,,,,,5,Continental,26,True,High,0.906,N_polar,50.339336726375905,18.965996755871423,5186.38749029152,,,,
00000000000000002341,00000000000000002341,127,127,127.0,134,original_250,127,Harare (ZWE),False,205,1,Harare,ZWE,Zimbabwe,Africa,2906612.257310737,True,True,,127,1.0,1.0,1.0,1.0,,current_530_certainty_v1,,,,Africa|P5,,,,,,5,Temperate,12,True,Low,0.598,S_tropical,-17.821568187543317,31.05552398005328,1517.5964636117574,,,,
00000000000000001e61,00000000000000001e61,128,128,128.0,135,original_250,128,Daegu (KOR),False,207,3,Daegu,KOR,South Korea,Asia,2868256.7255031355,True,True,,128,1.0,1.0,1.0,1.0,,current_530_certainty_v1,,,,Asia|P5,,,,,,5,Temperate,11,True,High,0.937,N_mid,35.85108481464853,128.66273379719482,2245.9638301915247,,,,
00000000000000001ca5,00000000000000001ca5,129,129,129.0,136,original_250,129,Warsaw (POL),False,208,2,Warsaw,POL,Poland,Europe,2865997.288793312,True,True,,129,1.0,1.0,1.0,1.0,,current_530_certainty_v1,,,,Europe|P5,,,,,,5,Continental,26,True,High,0.906,N_polar,52.18164654359923,21.0109541993099,4171.661787549416,,,,
0000000000000000188b,0000000000000000188b,130,130,130.0,137,original_250,130,Guayaquil (ECU),False,209,1,Guayaquil,ECU,Ecuador,America,2857865.396189213,True,True,,130,1.0,1.0,1.0,1.0,,current_530_certainty_v1,,,,America|P5,,,,,,5,Tropical,3,True,Middle,0.777,S_tropical,-2.139194116354168,-79.87539569191797,1013.7346312236672,,,,
000000000000000001e4,000000000000000001e4,131,131,131.0,138,original_250,131,Port-au-Prince (HTI),False,211,1,Port-au-Prince,HTI,Haiti,America,2847436.0811716616,True,True,,131,1.0,1.0,1.0,1.0,,current_530_certainty_v1,,,,America|P5,,,,,,5,Tropical,3,True,Low,0.554,N_tropical,18.557936131181098,-72.28428686002243,506.87222729621743,,,,
00000000000000000205,00000000000000000205,132,132,132.0,139,original_250,132,Budapest (HUN),False,212,1,Budapest,HUN,Hungary,Europe,2822154.57220589,True,True,,132,1.0,1.0,1.0,1.0,,current_530_certainty_v1,,,,Europe|P5,,,,,,5,Continental,25,True,High,0.87,N_polar,47.46845767833733,19.17459374263944,4187.622589023043,,,,
00000000000000000bf6,00000000000000000bf6,133,133,133.0,140,original_250,133,Beirut (LBN),False,214,1,Beirut,LBN,Lebanon,Asia,2813753.4452264905,True,True,,133,1.0,1.0,1.0,1.0,,current_530_certainty_v1,,,,Asia|P5,,,,,,5,Temperate,8,True,Middle,0.752,N_mid,33.90155205903603,35.606036526472465,866.0530100455819,,,,
00000000000000001094,00000000000000001094,134,134,134.0,141,original_250,134,Ouagadougou (BFA),False,215,1,Ouagadougou,BFA,Burkina Faso,Africa,2813684.2488155365,True,True,,134,1.0,1.0,1.0,1.0,,current_530_certainty_v1,,,,Africa|P5,,,,,,5,Arid,6,True,Low,0.459,N_tropical,12.364283839301915,-1.539956164834558,905.9684639950374,,,,
00000000000000000ae8,00000000000000000ae8,135,135,135.0,142,original_250,135,Tel Aviv (ISR),False,216,1,Tel Aviv,ISR,Israel,Asia,2805937.200536281,True,True,,135,1.0,1.0,1.0,1.0,,current_530_certainty_v1,,,,Asia|P5,,,,,,5,Temperate,8,True,High,0.919,N_mid,32.002371816686576,34.8588656970104,1099.5335737416428,,,,
00000000000000000ec6,00000000000000000ec6,136,136,136.0,143,original_250,136,Baku (AZE),False,219,1,Baku,AZE,Azerbaijan,Asia,2741763.271108471,True,True,,136,1.0,1.0,1.0,1.0,,current_530_certainty_v1,,,,Asia|P5,,,,,,5,Arid,5,True,Middle,0.789,N_mid,40.45934085684429,49.8250540050301,1207.293736174834,,,,
000000000000000018d8,000000000000000018d8,137,137,137.0,144,original_250,137,Asyut (EGY),False,223,4,Asyut,EGY,Egypt,Africa,2694393.600836277,True,True,,137,1.0,1.0,1.0,1.0,,current_530_certainty_v1,,,,Africa|P5,,,,,,5,Arid,4,True,Middle,0.754,N_mid,27.329621085587203,31.008542959828556,921.9395968221831,,,,
00000000000000002300,00000000000000002300,138,138,138.0,146,original_250,138,Sana'a (YEM),False,227,1,Sana'a,YEM,Yemen,Asia,2671299.114224434,True,True,,138,1.0,1.0,1.0,1.0,,current_530_certainty_v1,,,,Asia|P5,,,,,,5,Arid,5,True,Low,0.47,N_tropical,15.381771960013229,44.19260774823394,498.8826759795481,,,,
000000000000000018f5,000000000000000018f5,139,139,139.0,147,original_250,139,San Salvador (SLV),False,228,1,San Salvador,SLV,El Salvador,America,2661755.7574566007,True,True,,139,1.0,1.0,1.0,1.0,,current_530_certainty_v1,,,,America|P5,,,,,,5,Tropical,3,True,Low,0.678,N_tropical,13.714369401215324,-89.20663096274808,1999.5178369819937,,,,
0000000000000000189f,0000000000000000189f,140,140,140.0,148,original_250,140,Quito (ECU),False,229,2,Quito,ECU,Ecuador,America,2659133.1260908246,True,True,,140,1.0,1.0,1.0,1.0,,current_530_certainty_v1,,,,America|P5,,,,,,5,Temperate,9,True,Middle,0.777,S_tropical,-0.1821882653013655,-78.45034859834146,1390.8867632799966,,,,
00000000000000002320,00000000000000002320,141,141,141.0,150,original_250,141,Lusaka (ZMB),False,231,1,Lusaka,ZMB,Zambia,Africa,2620092.50442338,True,True,,141,1.0,1.0,1.0,1.0,,current_530_certainty_v1,,,,Africa|P5,,,,,,5,Temperate,11,True,Low,0.595,S_tropical,-15.40913602921157,28.296737320584995,741.3337680473232,,,,
00000000000000000d37,00000000000000000d37,142,142,142.0,151,original_250,142,Maputo (MOZ),False,234,1,Maputo,MOZ,Mozambique,Africa,2579017.6870414615,True,True,,142,1.0,1.0,1.0,1.0,,current_530_certainty_v1,,,,Africa|P5,,,,,,5,Tropical,3,True,Low,0.493,S_mid,-25.87503217923312,32.544934707828794,688.4534424174266,,,,
000000000000000017ab,000000000000000017ab,143,143,143.0,152,original_250,143,San José (CRI),False,236,1,San José,CRI,Costa Rica,America,2565528.8642190993,True,True,,143,1.0,1.0,1.0,1.0,,current_530_certainty_v1,,,,America|P5,,,,,,5,Tropical,2,True,High,0.833,N_tropical,9.926684757951772,-84.12656877723938,1796.9734187134518,,,,
00000000000000001cb0,00000000000000001cb0,144,144,144.0,153,original_250,144,Lisbon (PRT),False,237,1,Lisbon,PRT,Portugal,Europe,2559898.925072941,True,True,,144,1.0,1.0,1.0,1.0,,current_530_certainty_v1,,,,Europe|P5,,,,,,5,Temperate,8,True,High,0.89,N_mid,38.80627578341626,-9.192182120231712,1571.477680259349,,,,
00000000000000001fcd,00000000000000001fcd,145,145,145.0,154,original_250,145,Tunis (TUN),False,238,1,Tunis,TUN,Tunisia,Africa,2534692.787467167,True,True,,145,1.0,1.0,1.0,1.0,,current_530_certainty_v1,,,,Africa|P5,,,,,,5,Temperate,8,True,Middle,0.746,N_mid,36.7975525477378,10.169299879136627,1126.4719860412176,,,,
000000000000000001cb,000000000000000001cb,146,146,146.0,155,original_250,146,Conakry (GIN),False,239,1,Conakry,GIN,Guinea,Africa,2533177.4582259357,True,True,,146,1.0,1.0,1.0,1.0,,current_530_certainty_v1,,,,Africa|P5,,,,,,5,Tropical,2,True,Low,0.5,N_tropical,9.707728929374833,-13.495675566288554,707.4183368525872,,,,
00000000000000000a5e,00000000000000000a5e,147,147,147.0,156,original_250,147,Isfahan (IRN),False,240,3,Isfahan,IRN,Iran,Asia,2515160.3149065673,True,True,,147,1.0,1.0,1.0,1.0,,current_530_certainty_v1,,,,Asia|P5,,,,,,5,Arid,5,True,High,0.799,N_mid,32.65764013064432,51.669946363006055,1028.6941163332972,,,,
00000000000000001c12,00000000000000001c12,148,148,148.0,157,original_250,148,Asuncion (PRY),False,244,1,Asuncion,PRY,Paraguay,America,2487874.1908804774,True,True,,148,1.0,1.0,1.0,1.0,,current_530_certainty_v1,,,,America|P5,,,,,,5,Temperate,14,True,Middle,0.756,S_mid,-25.294631633412504,-57.48683012706681,1756.06416514247,,,,
00000000000000001f38,00000000000000001f38,149,149,149.0,160,original_250,149,Aleppo (SYR),False,253,2,Aleppo,SYR,Syria,Asia,2437709.283875214,True,True,,149,1.0,1.0,1.0,1.0,,current_530_certainty_v1,,,,Asia|P5,,,,,,5,Arid,6,True,Low,0.564,N_mid,36.203100869144535,37.128252211021405,1033.6834205582336,,,,
000000000000000010ec,000000000000000010ec,150,150,150.0,161,original_250,150,Vancouver (CAN),False,256,3,Vancouver,CAN,Canada,America,2407755.768443249,True,True,,150,1.0,1.0,1.0,1.0,,current_530_certainty_v1,,,,America|P5,,,,,,5,Temperate,15,True,High,0.939,N_polar,49.225949759254185,-122.9471109512734,1597.4160140627127,,,,
0000000000000000175c,0000000000000000175c,151,151,151.0,162,original_250,151,Cali (COL),False,259,3,Cali,COL,Colombia,America,2390801.636255741,True,True,,151,1.0,1.0,1.0,1.0,,current_530_certainty_v1,,,,America|P5,,,,,,5,Tropical,3,True,Middle,0.788,N_tropical,3.447299589781218,-76.4948989588224,407.09123918995823,,,,
00000000000000000c21,00000000000000000c21,152,152,152.0,163,original_250,152,Antananarivo (MDG),False,260,1,Antananarivo,MDG,Madagascar,Africa,2386441.8653568625,True,True,,152,1.0,1.0,1.0,1.0,,current_530_certainty_v1,,,,Africa|P5,,,,,,5,Temperate,12,True,Low,0.487,S_tropical,-18.893915942369848,47.52290522276275,446.99593040490737,,,,
00000000000000000eb8,00000000000000000eb8,153,153,153.0,164,original_250,153,Vienna (AUT),False,262,1,Vienna,AUT,Austria,Europe,2381082.9286581497,True,True,,153,1.0,1.0,1.0,1.0,,current_530_certainty_v1,,,,Europe|P5,,,,,,5,Temperate,15,True,High,0.93,N_polar,48.17175514061402,16.359404348867606,3097.055598163466,,,,
00000000000000001dc3,00000000000000001dc3,154,154,154.0,165,original_250,154,Dammam (SAU),False,268,3,Dammam,SAU,Saudi Arabia,Asia,2319628.5409650207,True,True,,154,1.0,1.0,1.0,1.0,,current_530_certainty_v1,,,,Asia|P5,,,,,,5,Arid,4,True,High,0.9,N_mid,26.41347238274906,50.06164709588368,1195.3227297064193,,,,
0000000000000000225d,0000000000000000225d,155,155,155.0,166,original_250,155,Maracaibo (VEN),False,269,2,Maracaibo,VEN,Venezuela,America,2305881.7578228265,True,True,,155,1.0,1.0,1.0,1.0,,current_530_certainty_v1,,,,America|P5,,,,,,5,Arid,6,True,Middle,0.709,N_tropical,10.597590401622671,-71.70086015231131,849.1023223593382,,,,
00000000000000001845,00000000000000001845,156,156,156.0,167,original_250,156,Lubumbashi (COD),False,270,3,Lubumbashi,COD,DR Congo,Africa,2303799.003295928,True,True,,156,1.0,1.0,1.0,1.0,,current_530_certainty_v1,,,,Africa|P5,,,,,,5,Temperate,11,True,Low,0.522,S_tropical,-11.650542808873723,27.4881373012523,434.0247924444929,,,,
00000000000000000f1f,00000000000000000f1f,157,157,157.0,168,original_250,157,Brussels (BEL),False,273,1,Brussels,BEL,Belgium,Europe,2269665.213016808,True,True,,157,1.0,1.0,1.0,1.0,,current_530_certainty_v1,,,,Europe|P5,,,,,,5,Temperate,15,True,High,0.951,N_polar,50.800410352078224,4.28596372061677,1846.863208498936,,,,
00000000000000001cda,00000000000000001cda,158,158,158.0,170,original_250,158,Bucharest (ROU),False,281,1,Bucharest,ROU,Romania,Europe,2230363.096402323,True,True,,158,1.0,1.0,1.0,1.0,,current_530_certainty_v1,,,,Europe|P5,,,,,,5,Continental,25,True,High,0.845,N_mid,44.444127666590695,26.09623742613926,2086.324776499369,,,,
000000000000000017b2,000000000000000017b2,159,159,159.0,171,original_250,159,Havana (CUB),False,285,1,Havana,CUB,Cuba,America,2203018.9697532505,True,True,,159,1.0,1.0,1.0,1.0,,current_530_certainty_v1,,,,America|P5,,,,,,5,Tropical,3,True,Middle,0.762,N_tropical,23.04910544601029,-82.3319571792416,973.8167062698028,,,,
00000000000000001fb8,00000000000000001fb8,160,160,160.0,172,original_250,160,Lomé (TGO),False,287,1,Lomé,TGO,Togo,Africa,2180682.6618790627,True,True,,160,1.0,1.0,1.0,1.0,,current_530_certainty_v1,,,,Africa|P5,,,,,,5,Tropical,3,True,Low,0.571,N_tropical,6.206327392092923,1.2392175234364506,518.8428433221906,,,,
00000000000000000eb1,00000000000000000eb1,161,161,161.0,173,original_250,161,Brisbane (AUS),False,291,3,Brisbane,AUS,Australia,Oceania,2150602.6365064904,True,True,,161,1.0,1.0,1.0,1.0,,current_530_certainty_v1,,,,Oceania|P5,,,,,,5,Temperate,14,True,High,0.958,S_mid,-27.52222845110371,152.99245964644763,3136.978039390054,,,,
000000000000000010bb,000000000000000010bb,162,162,162.0,174,original_250,162,Phnom Penh (KHM),False,292,1,Phnom Penh,KHM,Cambodia,Asia,2140599.394915372,True,True,,162,1.0,1.0,1.0,1.0,,current_530_certainty_v1,,,,Asia|P5,,,,,,5,Tropical,3,True,Low,0.606,N_tropical,11.546522894906484,104.88121247450292,718.3934829402008,,,,
00000000000000000f11,00000000000000000f11,163,163,163.0,175,original_250,163,Minsk (BLR),False,293,1,Minsk,BLR,Belarus,Europe,2137264.684848726,True,True,,163,1.0,1.0,1.0,1.0,,current_530_certainty_v1,,,,Europe|P5,,,,,,5,Continental,26,True,High,0.824,N_polar,53.84293473413735,27.610468620667625,1578.4702950331716,,,,
00000000000000000d0f,00000000000000000d0f,164,164,164.0,176,original_250,164,Rabat (MAR),False,297,2,Rabat,MAR,Morocco,Africa,2082985.8998706655,True,True,,164,1.0,1.0,1.0,1.0,,current_530_certainty_v1,,,,Africa|P5,,,,,,5,Temperate,8,True,Middle,0.71,N_mid,33.972426862552716,-6.829194035963058,634.5781829824246,,,,
00000000000000000d76,00000000000000000d76,165,165,165.0,177,original_250,165,Mandalay (MMR),False,300,2,Mandalay,MMR,Myanmar,Asia,2078198.4888174536,True,True,,165,1.0,1.0,1.0,1.0,,current_530_certainty_v1,,,,Asia|P5,,,,,,5,Tropical,3,True,Low,0.609,N_tropical,21.90644512538687,96.05242471886586,703.4280206855032,,,,
0000000000000000178b,0000000000000000178b,166,166,166.0,178,original_250,166,Barranquilla (COL),False,301,4,Barranquilla,COL,Colombia,America,2073296.0263164043,True,True,,166,1.0,1.0,1.0,1.0,,current_530_certainty_v1,,,,America|P5,,,,,,5,Tropical,3,True,Middle,0.788,N_tropical,10.925555771485415,-74.82415700706478,435.02369119955864,,,,
000000000000000000fd,000000000000000000fd,167,167,167.0,179,original_250,167,Lyon (FRA),False,302,2,Lyon,FRA,France,Europe,2056576.0362441652,True,True,,167,1.0,1.0,1.0,1.0,,current_530_certainty_v1,,,,Europe|P5,,,,,,5,Temperate,14,True,High,0.92,N_polar,45.75728719744621,4.8853972140404105,3508.148019203388,,,,
00000000000000001f2e,00000000000000001f2e,168,168,168.0,180,original_250,168,Zurich (CHE),False,304,1,Zurich,CHE,Switzerland,Europe,2051343.0426485536,True,True,,168,1.0,1.0,1.0,1.0,,current_530_certainty_v1,,,,Europe|P5,,,,,,5,Temperate,15,True,High,0.97,N_polar,47.36495767425398,8.594245938731303,2582.215123426404,,,,
00000000000000000bbb,00000000000000000bbb,169,169,169.0,181,original_250,169,Almaty (KAZ),False,308,1,Almaty,KAZ,Kazakhstan,Asia,2043997.1834667623,True,True,,169,1.0,1.0,1.0,1.0,,current_530_certainty_v1,,,,Asia|P5,,,,,,5,Continental,25,True,High,0.837,N_mid,43.28885983027941,76.91777397680175,953.8607398486292,,,,
00000000000000001f23,00000000000000001f23,170,170,170.0,182,original_250,170,Stockholm (SWE),False,313,1,Stockholm,SWE,Sweden,Europe,2011040.466645619,True,True,,170,1.0,1.0,1.0,1.0,,current_530_certainty_v1,,,,Europe|P5,,,,,,5,Continental,26,True,High,0.959,N_polar,59.360302173155944,18.010129866115957,2530.333669822883,,,,
00000000000000001876,00000000000000001876,171,171,171.0,183,original_250,171,Copenhagen (DNK),False,317,1,Copenhagen,DNK,Denmark,Europe,1987482.4548510725,True,True,,171,1.0,1.0,1.0,1.0,,current_530_certainty_v1,,,,Europe|P5,,,,,,5,Temperate,15,True,High,0.962,N_polar,55.67890356367523,12.162378334701785,3398.3965639551216,,,,
00000000000000001c4c,00000000000000001c4c,172,172,172.0,184,original_250,172,Angeles [San Fernando] (PHL),False,318,3,Angeles [San Fernando],PHL,Philippines,Asia,1983596.9198462665,True,True,,172,1.0,1.0,1.0,1.0,,current_530_certainty_v1,,,,Asia|P5,,,,,,5,Tropical,3,True,Middle,0.72,N_tropical,15.078252980616126,120.62290489292592,1076.5858521203195,,,,
00000000000000002277,00000000000000002277,173,173,173.0,185,original_250,173,Valencia (VEN),True,321,3,Valencia,VEN,Venezuela,America,1968184.800373286,True,True,,173,1.0,1.0,1.0,1.0,,current_530_certainty_v1,,,,America|P5,,,,,,5,Tropical,3,True,Middle,0.709,N_tropical,10.191430945430374,-68.0251817887597,1174.370735940864,,,,
00000000000000001946,00000000000000001946,174,174,174.0,186,original_250,174,Amsterdam (NLD),False,326,2,Amsterdam,NLD,Netherlands,Europe,1929349.974442404,True,True,,174,1.0,1.0,1.0,1.0,,current_530_certainty_v1,,,,Europe|P5,,,,,,5,Temperate,15,True,High,0.955,N_polar,52.385709446438455,4.82489918693884,1291.1128765743258,,,,
00000000000000001eb5,00000000000000001eb5,175,175,175.0,187,original_250,175,Valencia (ESP),True,334,3,Valencia,ESP,Spain,Europe,1888705.412368452,True,True,,175,1.0,1.0,1.0,1.0,,current_530_certainty_v1,,,,Europe|P5,,,,,,5,Arid,6,True,High,0.918,N_mid,39.494668823275184,-0.4800527011705119,2088.322664733535,,,,
000000000000000017ca,000000000000000017ca,176,176,176.0,188,original_250,176,Prague (CZE),False,337,1,Prague,CZE,Czechia,Europe,1879976.610923755,True,True,,176,1.0,1.0,1.0,1.0,,current_530_certainty_v1,,,,Europe|P5,,,,,,5,Temperate,15,True,High,0.915,N_polar,50.07933441639117,14.516325393669748,2890.5276705072215,,,,
00000000000000001feb,00000000000000001feb,177,177,177.0,189,original_250,177,Bursa (TUR),False,338,4,Bursa,TUR,Türkiye,Asia,1868115.0363482684,True,True,,177,1.0,1.0,1.0,1.0,,current_530_certainty_v1,,,,Asia|P5,,,,,,5,Temperate,8,True,High,0.853,N_mid,40.24872341764053,29.026831594382347,774.2660940716634,,,,
00000000000000000c3d,00000000000000000c3d,178,178,178.0,190,original_250,178,Singapore (MYS),True,340,2,Singapore,MYS,Malaysia,Asia,1858307.1459937096,True,True,,178,1.0,1.0,1.0,1.0,,current_530_certainty_v1,,,,Asia|P5,,,,,,5,Tropical,1,True,High,0.819,N_tropical,1.552457681301824,103.75121836751256,1304.0849799277712,,,,
00000000000000000a05,00000000000000000a05,179,179,179.0,191,original_250,179,Tabriz (IRN),False,343,4,Tabriz,IRN,Iran,Asia,1839113.7169028448,True,True,,179,1.0,1.0,1.0,1.0,,current_530_certainty_v1,,,,Asia|P5,,,,,,5,Arid,5,True,High,0.799,N_mid,38.0232317237849,46.23783356672125,890.005669742547,,,,
00000000000000000f2f,00000000000000000f2f,180,180,180.0,192,original_250,180,Cotonou (BEN),False,346,1,Cotonou,BEN,Benin,Africa,1828526.2910189629,True,True,,180,1.0,1.0,1.0,1.0,,current_530_certainty_v1,,,,Africa|P5,,,,,,5,Tropical,3,True,Low,0.515,N_tropical,6.405579029494897,2.3762436967154623,519.8316040003203,,,,
00000000000000001cb9,00000000000000001cb9,181,181,181.0,193,original_250,181,Doha (QAT),False,347,1,Doha,QAT,Qatar,Asia,1821304.86565803,True,True,,181,1.0,1.0,1.0,1.0,,current_530_certainty_v1,,,,Asia|P5,,,,,,5,Arid,4,True,High,0.886,N_mid,25.281263130561527,51.425347393635285,1097.5337735493024,,,,
00000000000000000f1e,00000000000000000f1e,182,182,182.0,194,original_250,182,Antwerp (BEL),False,348,2,Antwerp,BEL,Belgium,Europe,1817176.4149747044,True,True,,182,1.0,1.0,1.0,1.0,,current_530_certainty_v1,,,,Europe|P5,,,,,,5,Temperate,15,True,High,0.951,N_polar,51.20358878434467,4.478915486783959,2387.6458392722047,,,,
00000000000000000aef,00000000000000000aef,183,183,183.0,195,original_250,183,Turin (ITA),False,351,4,Turin,ITA,Italy,Europe,1784834.156148957,True,True,,183,1.0,1.0,1.0,1.0,,current_530_certainty_v1,,,,Europe|P5,,,,,,5,Temperate,14,True,High,0.915,N_polar,45.04678550133038,7.664043452984156,1704.1865929736211,,,,
00000000000000000f39,00000000000000000f39,184,184,184.0,196,original_250,184,El Alto [La Paz] (BOL),False,352,1,El Alto [La Paz],BOL,Bolivia,America,1772263.3033400625,True,True,,184,1.0,1.0,1.0,1.0,,current_530_certainty_v1,,,,America|P5,,,,,,5,Polar,29,True,Middle,0.733,S_tropical,-16.538571254069154,-68.20351935233833,743.3365382491668,,,,
00000000000000000f43,00000000000000000f43,185,185,185.0,197,original_250,185,Santa Cruz de la Sierra (BOL),False,354,2,Santa Cruz de la Sierra,BOL,Bolivia,America,1762054.2343765795,True,True,,185,1.0,1.0,1.0,1.0,,current_530_certainty_v1,,,,America|P5,,,,,,5,Tropical,3,True,Middle,0.733,S_tropical,-17.796497458033418,-63.16016068494359,815.17693044442,,,,
00000000000000001d75,00000000000000001d75,186,186,186.0,198,original_250,186,Novosibirsk (RUS),False,357,3,Novosibirsk,RUS,Russia,Europe,1746824.362701362,True,True,,186,1.0,1.0,1.0,1.0,,current_530_certainty_v1,,,,Europe|P5,,,,,,5,Continental,26,True,High,0.832,N_polar,54.99174806431089,82.95719062004144,1603.409123652635,,,,
00000000000000001e58,00000000000000001e58,187,187,187.0,199,original_250,187,Daejeon (KOR),False,358,4,Daejeon,KOR,South Korea,Asia,1746023.247787349,True,True,,187,1.0,1.0,1.0,1.0,,current_530_certainty_v1,,,,Asia|P5,,,,,,5,Continental,21,True,High,0.937,N_mid,36.34089693717873,127.3706549860662,998.762294721281,,,,
00000000000000001da5,00000000000000001da5,188,188,188.0,201,original_250,188,Mecca (SAU),False,361,4,Mecca,SAU,Saudi Arabia,Asia,1742128.9272890384,True,True,,188,1.0,1.0,1.0,1.0,,current_530_certainty_v1,,,,Asia|P5,,,,,,5,Arid,4,True,High,0.9,N_tropical,21.42991051930071,39.82695761543561,833.1309745925913,,,,
00000000000000002224,00000000000000002224,189,189,189.0,202,original_250,189,Montevideo (URY),False,362,1,Montevideo,URY,Uruguay,America,1738937.8772568414,True,True,,189,1.0,1.0,1.0,1.0,,current_530_certainty_v1,,,,America|P5,,,,,,5,Temperate,14,True,High,0.862,S_mid,-34.80405526043966,-56.133827730375074,800.208784311606,,,,
00000000000000001bfe,00000000000000001bfe,190,190,190.0,204,original_250,190,Gaza (PSE),False,378,1,Gaza,PSE,Palestine,Asia,1689860.6030537486,True,True,,190,1.0,1.0,1.0,1.0,,current_530_certainty_v1,,,,Asia|P5,,,,,,5,Arid,6,True,Low,0.674,N_mid,31.41147285914619,34.37185100547072,354.2045510703295,,,,
00000000000000001cbe,00000000000000001cbe,191,191,191.0,207,original_250,191,Brazzaville (COG),False,388,1,Brazzaville,COG,Congo Republic,Africa,1646275.6814649105,True,True,,191,1.0,1.0,1.0,1.0,,current_530_certainty_v1,,,,Africa|P5,,,,,,5,Tropical,3,True,Low,0.649,S_tropical,-4.238921286029539,15.264728134685727,175.6062023358644,,,,
00000000000000000ae5,00000000000000000ae5,192,192,192.0,211,original_250,192,Dublin (IRL),False,402,1,Dublin,IRL,Ireland,Europe,1596285.0530003067,True,True,,192,1.0,1.0,1.0,1.0,,current_530_certainty_v1,,,,Europe|P5,,,,,,5,Temperate,15,True,High,0.949,N_polar,53.29412744092683,-6.416157963925443,2239.98138972907,,,,
00000000000000000c02,00000000000000000c02,193,193,193.0,215,original_250,193,Tripoli (LBY),True,420,1,Tripoli,LBY,Libya,Africa,1525385.7216598245,True,True,,193,1.0,1.0,1.0,1.0,,current_530_certainty_v1,,,,Africa|P5,,,,,,5,Arid,6,True,Middle,0.721,N_mid,32.784443738228845,13.172087075127209,1219.272853360314,,,,
00000000000000001e0e,00000000000000001e0e,194,194,194.0,216,original_250,194,Mogadishu (SOM),False,422,1,Mogadishu,SOM,Somalia,Africa,1518891.0039348602,True,True,,194,1.0,1.0,1.0,1.0,,current_530_certainty_v1,,,,Africa|P5,,,,,,5,Arid,6,True,Low,0.404,N_tropical,2.0511776551581864,45.33311185490062,123.72304703394876,,,,
00000000000000000bfc,00000000000000000bfc,195,195,195.0,221,original_250,195,Monrovia (LBR),False,432,1,Monrovia,LBR,Liberia,Africa,1482214.912258625,True,True,,195,1.0,1.0,1.0,1.0,,current_530_certainty_v1,,,,Africa|P5,,,,,,5,Tropical,2,True,Low,0.51,N_tropical,6.339328506076684,-10.723504023119007,449.9900291405128,,,,
00000000000000001961,00000000000000001961,196,196,196.0,222,original_250,196,Auckland (NZL),False,436,1,Auckland,NZL,New Zealand,Oceania,1465958.2832305245,True,True,,196,1.0,1.0,1.0,1.0,,current_530_certainty_v1,,,,Oceania|P5,,,,,,5,Temperate,15,True,High,0.938,S_mid,-36.97569516147752,174.76259571318494,2154.180740073742,,,,
00000000000000001c07,00000000000000001c07,197,197,197.0,225,original_250,197,Panama City (PAN),False,439,1,Panama City,PAN,Panama,America,1461305.3104854226,True,True,,197,1.0,1.0,1.0,1.0,,current_530_certainty_v1,,,,America|P5,,,,,,5,Tropical,2,True,High,0.839,N_tropical,9.092309364237984,-79.49411839092429,949.8779276069804,,,,
0000000000000000107e,0000000000000000107e,198,198,198.0,226,original_250,198,Sofia (BGR),False,446,1,Sofia,BGR,Bulgaria,Europe,1423934.9142632484,True,True,,198,1.0,1.0,1.0,1.0,,current_530_certainty_v1,,,,Europe|P5,,,,,,5,Continental,26,True,High,0.845,N_mid,42.68247618279836,23.295498673272103,1348.9808857542707,,,,
00000000000000001de5,00000000000000001de5,199,199,199.0,228,original_250,199,Belgrade (SRB),False,450,1,Belgrade,SRB,Serbia,Europe,1416301.7128537446,True,True,,199,1.0,1.0,1.0,1.0,,current_530_certainty_v1,,,,Europe|P5,,,,,,5,Temperate,14,True,High,0.833,N_mid,44.776016188026034,20.44014601932844,1203.305092745372,,,,
000000000000000000d0,000000000000000000d0,200,200,200.0,229,original_250,200,Helsinki (FIN),False,453,1,Helsinki,FIN,Finland,Europe,1409994.0355981998,True,True,,200,1.0,1.0,1.0,1.0,,current_530_certainty_v1,,,,Europe|P5,,,,,,5,Continental,26,True,High,0.948,N_polar,60.34378393906469,24.878027992620332,3059.1502552738916,,,,
00000000000000001cb7,00000000000000001cb7,201,201,201.0,233,original_250,201,Río Piedras [San Juan] (PRI),False,466,1,Río Piedras [San Juan],PRI,Puerto Rico,America,1374922.4942915738,True,True,,201,1.0,1.0,1.0,1.0,,current_530_certainty_v1,,,,America|P5,,,,,,5,Tropical,1,False,Missing,,N_tropical,18.372717217822792,-66.09242781487873,1160.401648257849,,,,
00000000000000001115,00000000000000001115,202,202,202.0,234,original_250,202,N'Djamena (TCD),False,469,1,N'Djamena,TCD,Chad,Africa,1370021.3314366937,True,True,,202,1.0,1.0,1.0,1.0,,current_530_certainty_v1,,,,Africa|P5,,,,,,5,Arid,6,True,Low,0.416,N_tropical,12.124106311512955,15.067293382488844,257.4243190538471,,,,
00000000000000000ec8,00000000000000000ec8,203,203,203.0,235,original_250,203,Manama (BHR),False,470,1,Manama,BHR,Bahrain,Asia,1369162.1693139672,True,True,,203,1.0,1.0,1.0,1.0,,current_530_certainty_v1,,,,Asia|P5,,,,,,5,Arid,4,True,High,0.899,N_mid,26.134791358452382,50.54886798139789,668.5017904645392,,,,
00000000000000000cf9,00000000000000000cf9,204,204,204.0,236,original_250,204,Ulaanbaatar (MNG),False,472,1,Ulaanbaatar,MNG,Mongolia,Asia,1360931.8322993442,True,True,,204,1.0,1.0,1.0,1.0,,current_530_certainty_v1,,,,Asia|P5,,,,,,5,Arid,7,True,Middle,0.747,N_polar,47.92154593356057,106.8924921852269,382.1407639697394,,,,
00000000000000001b3d,00000000000000001b3d,205,205,205.0,237,original_250,205,Oslo (NOR),False,474,1,Oslo,NOR,Norway,Europe,1359903.323678032,True,True,,205,1.0,1.0,1.0,1.0,,current_530_certainty_v1,,,,Europe|P5,,,,,,5,Continental,26,True,High,0.97,N_polar,59.90921140107241,10.771117229670873,4262.460824604832,,,,
00000000000000000e9e,00000000000000000e9e,206,206,206.0,239,original_250,206,Yerevan (ARM),False,476,1,Yerevan,ARM,Armenia,Asia,1356806.6508510113,True,True,,206,1.0,1.0,1.0,1.0,,current_530_certainty_v1,,,,Asia|P5,,,,,,5,Arid,7,True,High,0.811,N_mid,40.17926716658091,44.47887728412424,663.5174674586198,,,,
00000000000000001d9b,00000000000000001d9b,207,207,207.0,246,original_250,207,Kigali (RWA),False,499,1,Kigali,RWA,Rwanda,Africa,1294124.27931118,True,True,,207,1.0,1.0,1.0,1.0,,current_530_certainty_v1,,,,Africa|P5,,,,,,5,Tropical,3,True,Low,0.578,S_tropical,-1.9435402743598733,30.083311760491075,481.9203348453948,,,,
00000000000000001965,00000000000000001965,208,208,208.0,251,original_250,208,Managua (NIC),False,508,1,Managua,NIC,Nicaragua,America,1274053.3467060924,True,True,,208,1.0,1.0,1.0,1.0,,current_530_certainty_v1,,,,America|P5,,,,,,5,Tropical,3,True,Middle,0.706,N_tropical,12.096692962634508,-86.30303097154632,881.0280483653589,,,,
00000000000000001f59,00000000000000001f59,209,209,209.0,255,original_250,209,Dushanbe (TJK),False,519,1,Dushanbe,TJK,Tajikistan,Asia,1241583.182750225,True,True,,209,1.0,1.0,1.0,1.0,,current_530_certainty_v1,,,,Asia|P5,,,,,,5,Arid,7,True,Low,0.691,N_mid,38.54268875237083,68.76717504703045,349.21750095113964,,,,
00000000000000001dee,00000000000000001dee,210,210,210.0,257,original_250,210,Freetown (SLE),False,527,1,Freetown,SLE,Sierra Leone,Africa,1222025.5210248232,True,True,,210,1.0,1.0,1.0,1.0,,current_530_certainty_v1,,,,Africa|P5,,,,,,5,Tropical,2,True,Low,0.467,N_tropical,8.422884033068724,-13.20875339402004,263.4105046897762,,,,
00000000000000000beb,00000000000000000beb,211,211,211.0,264,original_250,211,Bishkek (KGZ),False,550,1,Bishkek,KGZ,Kyrgyzstan,Asia,1179392.0135317745,True,True,,211,1.0,1.0,1.0,1.0,,current_530_certainty_v1,,,,Asia|P5,,,,,,5,Arid,7,True,Middle,0.72,N_mid,42.8877460164648,74.60971908866442,388.12807674356566,,,,
0000000000000000011d,0000000000000000011d,212,212,212.0,265,original_250,212,Tbilisi (GEO),False,564,1,Tbilisi,GEO,Georgia,Asia,1150902.9644639906,True,True,,212,1.0,1.0,1.0,1.0,,current_530_certainty_v1,,,,Asia|P4,,,,,,4,Arid,7,True,High,0.844,N_mid,41.710223592280805,44.823784652204104,320.2813400846631,,,,
000000000000000001f9,000000000000000001f9,213,213,213.0,266,original_250,213,Tegucigalpa (HND),False,567,1,Tegucigalpa,HND,Honduras,America,1148517.185113877,True,True,,213,1.0,1.0,1.0,1.0,,current_530_certainty_v1,,,,America|P4,,,,,,4,Tropical,3,True,Low,0.645,N_tropical,14.082276056037935,-87.20356202325763,860.0764106926327,,,,
00000000000000001972,00000000000000001972,214,214,214.0,267,original_250,214,Niamey (NER),False,571,1,Niamey,NER,Niger,Africa,1142932.7141230106,True,True,,214,1.0,1.0,1.0,1.0,,current_530_certainty_v1,,,,Africa|P4,,,,,,4,Arid,6,True,Low,0.419,N_tropical,13.536134945913163,2.1048999917231903,201.54900885150175,,,,
00000000000000000c5b,00000000000000000c5b,215,215,215.0,268,original_250,215,Nouakchott (MRT),False,573,1,Nouakchott,MRT,Mauritania,Africa,1140832.1451411247,True,True,,215,1.0,1.0,1.0,1.0,,current_530_certainty_v1,,,,Africa|P4,,,,,,4,Arid,4,True,Low,0.563,N_tropical,18.079288495856716,-15.96648428936778,234.47431410400912,,,,
00000000000000000b41,00000000000000000b41,216,216,216.0,271,original_250,216,Kingston (JAM),False,580,1,Kingston,JAM,Jamaica,America,1134768.9673832953,True,True,,216,1.0,1.0,1.0,1.0,,current_530_certainty_v1,,,,America|P4,,,,,,4,Tropical,3,True,Middle,0.72,N_tropical,18.00708690201054,-76.88996393363043,740.3397046609803,,,,
00000000000000001110,00000000000000001110,217,217,217.0,283,original_250,217,Bangui (CAF),False,629,1,Bangui,CAF,Central African Republic,Africa,1048483.3273200988,True,True,,217,1.0,1.0,1.0,1.0,,current_530_certainty_v1,,,,Africa|P4,,,,,,4,Tropical,3,True,Low,0.414,N_tropical,4.388063347755819,18.5475796319209,154.65414489636885,,,,
000000000000000017ae,000000000000000017ae,218,218,218.0,286,original_250,218,Zagreb (HRV),False,644,1,Zagreb,HRV,Croatia,Europe,1032621.7052020133,True,True,,218,1.0,1.0,1.0,1.0,,current_530_certainty_v1,,,,Europe|P4,,,,,,4,Temperate,14,True,High,0.889,N_polar,45.82064590565892,15.992365124125673,1567.4903079121657,,,,
00000000000000000c25,00000000000000000c25,219,219,219.0,288,original_250,219,Lilongwe (MWI),False,651,1,Lilongwe,MWI,Malawi,Africa,1022605.2603883744,True,True,,219,1.0,1.0,1.0,1.0,,current_530_certainty_v1,,,,Africa|P4,,,,,,4,Temperate,11,True,Low,0.517,S_tropical,-13.970021461637335,33.779806458223405,337.2486720284375,,,,
000000000000000010a7,000000000000000010a7,220,220,220.0,300,original_250,220,Bujumbura (BDI),False,718,1,Bujumbura,BDI,Burundi,Africa,937371.2411179544,True,True,,220,1.0,1.0,1.0,1.0,,current_530_certainty_v1,,,,Africa|P4,,,,,,4,Tropical,3,True,Low,0.439,S_tropical,-3.378255754199045,29.365599414445175,215.5178458421737,,,,
0000000000000000205c,0000000000000000205c,221,221,221.0,307,original_250,221,Ashgabat (TKM),False,746,1,Ashgabat,TKM,Turkmenistan,Asia,907635.9768476486,True,True,,221,1.0,1.0,1.0,1.0,,current_530_certainty_v1,,,,Asia|P4,,,,,,4,Arid,5,True,Middle,0.764,N_mid,37.95337181581373,58.377318558050064,381.1431329188481,,,,
00000000000000000117,00000000000000000117,222,222,222.0,322,original_250,222,Serrekunda (GMB),False,841,1,Serrekunda,GMB,Gambia,Africa,803685.1316994429,True,True,,222,1.0,1.0,1.0,1.0,,current_530_certainty_v1,,,,Africa|P4,,,,,,4,Tropical,3,True,Low,0.524,N_tropical,13.399341767257734,-16.68530700004235,206.5381551156437,,,,
00000000000000000dd7,00000000000000000dd7,223,223,223.0,324,original_250,223,Tirana (ALB),False,845,1,Tirana,ALB,Albania,Europe,802322.6213327646,True,True,,223,1.0,1.0,1.0,1.0,,current_530_certainty_v1,,,,Europe|P4,,,,,,4,Temperate,8,True,High,0.81,N_mid,41.34216778721195,19.784389236941927,376.15225701981416,,,,
00000000000000000cf6,00000000000000000cf6,224,224,224.0,329,original_250,224,Chișinău (MDA),False,855,1,Chișinău,MDA,Moldova,Europe,797278.0094963731,True,True,,224,1.0,1.0,1.0,1.0,,current_530_certainty_v1,,,,Europe|P4,,,,,,4,Continental,25,True,Middle,0.785,N_polar,47.03668316925445,28.831490701581608,741.3400370354648,,,,
00000000000000000bf2,00000000000000000bf2,225,225,225.0,330,original_250,225,Riga (LVA),False,865,1,Riga,LVA,Latvia,Europe,788480.592500668,True,True,,225,1.0,1.0,1.0,1.0,,current_530_certainty_v1,,,,Europe|P4,,,,,,4,Continental,26,True,High,0.889,N_polar,56.92859257259153,24.15738951467704,1589.441476041501,,,,
00000000000000000c5f,00000000000000000c5f,226,226,226.0,338,original_250,226,Port Louis (MUS),False,920,1,Port Louis,MUS,Mauritius,Africa,730252.3061017394,True,True,,226,1.0,1.0,1.0,1.0,,current_530_certainty_v1,,,,Africa|P4,,,,,,4,Tropical,2,True,High,0.806,S_tropical,-20.21570546825702,57.52191878362118,525.8199878519731,,,,
000000000000000018fe,000000000000000018fe,227,227,227.0,345,original_250,227,Asmara (ERI),False,1020,1,Asmara,ERI,Eritrea,Africa,657740.9191131592,True,True,,227,1.0,1.0,1.0,1.0,,current_530_certainty_v1,,,,Africa|P4,,,,,,4,Temperate,15,True,Low,0.503,N_tropical,15.324433043464811,38.92197103007878,74.83332498591514,,,,
00000000000000000c13,00000000000000000c13,228,228,228.0,358,original_250,228,Vilnius (LTU),False,1104,1,Vilnius,LTU,Lithuania,Europe,615156.7022164762,True,True,,228,1.0,1.0,1.0,1.0,,current_530_certainty_v1,,,,Europe|P4,,,,,,4,Continental,26,True,High,0.895,N_polar,54.69525480466679,25.192185151959368,848.0997077358456,,,,
00000000000000000c19,00000000000000000c19,229,229,229.0,365,original_250,229,Skopje (MKD),False,1180,1,Skopje,MKD,North Macedonia,Europe,576711.2024983168,True,True,,229,1.0,1.0,1.0,1.0,,current_530_certainty_v1,,,,Europe|P3,,,,,,3,Arid,7,True,High,0.815,N_mid,41.9995338299007,21.440867481507173,422.0484244988872,,,,
00000000000000000115,00000000000000000115,230,230,230.0,368,original_250,230,Libreville (GAB),False,1196,1,Libreville,GAB,Gabon,Africa,572292.6268284321,True,True,,230,1.0,1.0,1.0,1.0,,current_530_certainty_v1,,,,Africa|P3,,,,,,3,Tropical,2,True,Middle,0.733,N_tropical,0.4044048735027628,9.47054984214808,216.51435544653285,,,,
00000000000000001b44,00000000000000001b44,231,231,231.0,375,original_250,231,Al Ghubra (OMN),False,1239,1,Al Ghubra,OMN,Oman,Asia,555046.2717781067,True,True,,231,1.0,1.0,1.0,1.0,,current_530_certainty_v1,,,,Asia|P3,,,,,,3,Arid,4,True,High,0.858,N_mid,23.583246333785496,58.444454638591125,241.4645739456939,,,,
00000000000000001fbf,00000000000000001fbf,232,232,232.0,381,original_250,232,Port of Spain (TTO),False,1306,1,Port of Spain,TTO,Trinidad and Tobago,America,525948.0374721885,True,True,,232,1.0,1.0,1.0,1.0,,current_530_certainty_v1,,,,America|P3,,,,,,3,Tropical,2,True,High,0.807,N_tropical,10.658966859574717,-61.42944264089616,408.08763161251215,,,,
00000000000000001df8,00000000000000001df8,233,233,233.0,382,original_250,233,Bratislava (SVK),False,1314,1,Bratislava,SVK,Slovakia,Europe,523360.46142728627,True,True,,233,1.0,1.0,1.0,1.0,,current_530_certainty_v1,,,,Europe|P3,,,,,,3,Temperate,15,True,High,0.88,N_polar,48.17957281273965,17.189661901052236,831.1361651023374,,,,
000000000000000001c5,000000000000000001c5,234,234,234.0,386,original_250,234,Bissau (GNB),False,1350,1,Bissau,GNB,Guinea-Bissau,Africa,510206.1554927826,True,True,,234,1.0,1.0,1.0,1.0,,current_530_certainty_v1,,,,Africa|P3,,,,,,3,Tropical,3,True,Low,0.514,N_tropical,11.870768378323152,-15.615473645453765,77.82550211481016,,,,
00000000000000001902,00000000000000001902,235,235,235.0,387,original_250,235,Tallinn (EST),False,1361,1,Tallinn,EST,Estonia,Europe,504947.8994621616,True,True,,235,1.0,1.0,1.0,1.0,,current_530_certainty_v1,,,,Europe|P3,,,,,,3,Continental,26,True,High,0.905,N_polar,59.39447835666963,24.764054117006257,718.3855414065325,,,,
00000000000000000bef,00000000000000000bef,236,236,236.0,388,original_250,236,Vientiane (LAO),False,1365,1,Vientiane,LAO,Laos,Asia,503610.0019006133,True,True,,236,1.0,1.0,1.0,1.0,,current_530_certainty_v1,,,,Asia|P3,,,,,,3,Tropical,3,True,Low,0.617,N_tropical,17.983843296735106,102.62472764207048,279.37478174441515,,,,
00000000000000001e7c,00000000000000001e7c,237,237,237.0,391,original_250,237,Juba (SSD),False,1384,1,Juba,SSD,South Sudan,Africa,498155.4777989387,True,True,,237,1.0,1.0,1.0,1.0,,current_530_certainty_v1,,,,Africa|P3,,,,,,3,Tropical,3,True,Low,0.388,N_tropical,4.850175662978275,31.567225140437102,145.67028229732662,,,,
00000000000000001877,00000000000000001877,238,238,238.0,397,original_250,238,Djibouti (DJI),False,1450,1,Djibouti,DJI,Djibouti,Africa,478821.0689086914,True,True,,238,1.0,1.0,1.0,1.0,,current_530_certainty_v1,,,,Africa|P3,,,,,,3,Arid,4,True,Low,0.513,N_tropical,11.573984463907076,43.14254443165819,52.88001019141737,,,,
00000000000000000f48,00000000000000000f48,239,239,239.0,407,original_250,239,Sarajevo (BIH),False,1520,1,Sarajevo,BIH,Bosnia and Herzegovina,Europe,456555.47862386703,True,True,,239,1.0,1.0,1.0,1.0,,current_530_certainty_v1,,,,Europe|P3,,,,,,3,Temperate,15,True,High,0.804,N_mid,43.87384291900346,18.302409928756006,338.2422336605441,,,,
00000000000000000c15,00000000000000000c15,240,240,240.0,408,original_250,240,Zhuhai (MAC),False,1524,1,Zhuhai,MAC,Macau,Asia,455611.5139160156,True,True,,240,1.0,1.0,1.0,1.0,,current_530_certainty_v1,,,,Asia|P3,,,,,,3,Temperate,11,False,Missing,,N_tropical,22.198960783329053,113.55016741049128,13.969265064653609,,,,
00000000000000000c14,00000000000000000c14,241,241,241.0,412,original_250,241,Luxembourg (LUX),False,1562,1,Luxembourg,LUX,Luxembourg,Europe,442453.2131124772,True,True,,241,1.0,1.0,1.0,1.0,,current_530_certainty_v1,,,,Europe|P3,,,,,,3,Temperate,15,True,High,0.922,N_polar,49.62821012086238,6.117810867669172,1052.638404011841,,,,
00000000000000001dfe,00000000000000001dfe,242,242,242.0,426,original_250,242,Ljubljana (SVN),False,1655,1,Ljubljana,SVN,Slovenia,Europe,415219.55622547865,True,True,,242,1.0,1.0,1.0,1.0,,current_530_certainty_v1,,,,Europe|P3,,,,,,3,Temperate,14,True,High,0.931,N_polar,46.07347676502102,14.526378275042513,652.535999714514,,,,
00000000000000001936,00000000000000001936,243,243,243.0,430,original_250,243,Windhoek (NAM),False,1722,1,Windhoek,NAM,Namibia,Africa,398597.1339020729,True,True,,243,1.0,1.0,1.0,1.0,,current_530_certainty_v1,,,,Africa|P2,,,,,,2,Arid,6,True,Low,0.665,S_tropical,-22.555950166637892,17.060309677550396,144.67694722142056,,,,
00000000000000000c58,00000000000000000c58,244,244,244.0,441,original_250,244,Valletta (MLT),False,1785,1,Valletta,MLT,Malta,Europe,383401.26706147194,True,True,,244,1.0,1.0,1.0,1.0,,current_530_certainty_v1,,,,Europe|P2,,,,,,2,Temperate,8,True,High,0.924,N_mid,35.88603929178959,14.455387853758886,261.41366554681395,,,,
00000000000000000f4d,00000000000000000f4d,245,245,245.0,449,original_250,245,Gaborone (BWA),False,1892,1,Gaborone,BWA,Botswana,Africa,365451.1252715587,True,True,,245,1.0,1.0,1.0,1.0,,current_530_certainty_v1,,,,Africa|P2,,,,,,2,Arid,6,True,Middle,0.731,S_mid,-24.630798188504897,25.894312379812614,261.41530998356376,,,,
00000000000000001f17,00000000000000001f17,246,246,246.0,474,original_250,246,Paramaribo (SUR),False,2154,1,Paramaribo,SUR,Suriname,America,324134.26604139805,True,True,,246,1.0,1.0,1.0,1.0,,current_530_certainty_v1,,,,America|P2,,,,,,2,Tropical,1,True,Middle,0.722,N_tropical,5.799779846845957,-55.19489343318746,313.3029005379671,,,,
00000000000000001c0d,00000000000000001c0d,247,247,247.0,484,original_250,247,Port Moresby (PNG),False,2287,1,Port Moresby,PNG,Papua New Guinea,Oceania,304894.53304192424,True,True,,247,1.0,1.0,1.0,1.0,,current_530_certainty_v1,,,,Oceania|P1,,,,,,1,Tropical,3,True,Low,0.576,S_tropical,-9.440170892664533,147.18422844821367,144.67513747223612,,,,
00000000000000000bfb,00000000000000000bfb,248,248,248.0,493,original_250,248,Maseru (LSO),False,2381,1,Maseru,LSO,Lesotho,Africa,290985.8330144882,True,True,,248,1.0,1.0,1.0,1.0,,current_530_certainty_v1,,,,Africa|P1,,,,,,1,Temperate,12,True,Low,0.55,S_mid,-29.3334149676733,27.529798124686035,158.64397438533044,,,,
00000000000000000be2,00000000000000000be2,249,249,249.0,496,original_250,249,Pristina (XKO),False,2401,1,Pristina,XKO,Kosovo,Europe,288792.98770420253,True,True,,249,1.0,1.0,1.0,1.0,,current_530_certainty_v1,,,,Europe|P1,,,,,,1,Temperate,14,False,Missing,,N_mid,42.64197068754049,21.124756456919272,356.1989029866924,,,,
00000000000000001faf,00000000000000001faf,250,250,250.0,511,original_250,250,Dili (TLS),False,2563,1,Dili,TLS,Timor-Leste,Asia,270905.5163564682,True,True,,250,1.0,1.0,1.0,1.0,,current_530_certainty_v1,,,,Asia|P1,,,,,,1,Tropical,3,True,Low,0.634,S_tropical,-8.56693087722469,125.56213659772372,77.82537093439926,,,,
000000000000000011cc,000000000000000011cc,251,251,,30,extension_280,1,Chengdu (CHN),False,30,5,Chengdu,CHN,China,Asia,11749963.149518607,True,True,,251,1.0,1.0,1.0,1.0,,current_530_certainty_v1,,,,Asia|P5,,,,,,5,Temperate,11,True,Middle,0.797,N_mid,30.69904052717847,104.0413649998859,4024.992064542284,,,,
000000000000000007aa,000000000000000007aa,252,252,,34,extension_280,2,Chennai (IND),False,35,5,Chennai,IND,India,Asia,10577189.245091911,True,True,,252,1.0,1.0,1.0,1.0,,current_530_certainty_v1,,,,Asia|P5,,,,,,5,Tropical,3,True,Low,0.685,N_tropical,12.994594205782942,80.12705753070367,2065.389362831738,,,,
00000000000000002179,00000000000000002179,253,253,,50,extension_280,3,Houston (USA),False,62,5,Houston,USA,United States,America,6442256.183526691,True,True,,253,1.0,1.0,1.0,1.0,,current_530_certainty_v1,,,,America|P5,,,,,,5,Temperate,14,True,High,0.938,N_mid,29.751828310329287,-95.52135956046538,15080.22212282618,,,,
00000000000000000912,00000000000000000912,254,254,,79,extension_280,4,Medan (IDN),False,108,5,Medan,IDN,Indonesia,Asia,4546313.154808998,True,True,,254,1.0,1.0,1.0,1.0,,current_530_certainty_v1,,,,Asia|P5,,,,,,5,Tropical,1,True,Middle,0.728,N_tropical,3.598472838616854,98.64203423308302,1719.152092700346,,,,
00000000000000001baf,00000000000000001baf,255,255,,88,extension_280,5,Rawalpindi [Islamabad] (PAK),False,123,5,Rawalpindi [Islamabad],PAK,Pakistan,Asia,4137957.2767691016,True,True,,255,1.0,1.0,1.0,1.0,,current_530_certainty_v1,,,,Asia|P5,,,,,,5,Temperate,11,True,Low,0.544,N_mid,33.59448231457776,73.08720067935117,1149.428515705996,,,,
00000000000000001056,00000000000000001056,256,256,,102,extension_280,6,Fortaleza (BRA),False,150,5,Fortaleza,BRA,Brazil,America,3611864.226931885,True,True,,256,1.0,1.0,1.0,1.0,,current_530_certainty_v1,,,,America|P5,,,,,,5,Tropical,3,True,Middle,0.786,S_tropical,-3.834504526809429,-38.586353537840495,1553.530595000204,,,,
00000000000000001a1c,00000000000000001a1c,257,257,,122,extension_280,7,Amaigbo (NGA),False,186,5,Amaigbo,NGA,Nigeria,Africa,3099677.5763127804,True,True,,257,1.0,1.0,1.0,1.0,,current_530_certainty_v1,,,,Africa|P5,,,,,,5,Tropical,2,True,Low,0.56,N_tropical,5.702319192281205,7.021831260435211,1632.3421877904748,,,,
00000000000000000141,00000000000000000141,258,258,,145,extension_280,8,Hamburg (DEU),False,224,5,Hamburg,DEU,Germany,Europe,2686299.7757126633,True,True,,258,1.0,1.0,1.0,1.0,,current_530_certainty_v1,,,,Europe|P5,,,,,,5,Temperate,15,True,High,0.959,N_polar,53.569863603208454,9.994026326242722,3198.8360972202204,,,,
00000000000000000ee2,00000000000000000ee2,259,259,,149,extension_280,9,Sirajganj (BGD),False,230,5,Sirajganj,BGD,Bangladesh,Asia,2631728.4658950567,True,True,,259,1.0,1.0,1.0,1.0,,current_530_certainty_v1,,,,Asia|P5,,,,,,5,Temperate,11,True,Low,0.685,N_mid,24.387265471357154,89.63307534246103,1307.0778152001103,,,,
000000000000000018ea,000000000000000018ea,260,260,,158,extension_280,10,Luxor (EGY),False,250,5,Luxor,EGY,Egypt,Africa,2468478.110611588,True,True,,260,1.0,1.0,1.0,1.0,,current_530_certainty_v1,,,,Africa|P5,,,,,,5,Arid,4,True,Middle,0.754,N_mid,25.796898672699427,32.691254339088815,734.3487638108897,,,,
00000000000000000cac,00000000000000000cac,261,261,,159,extension_280,11,Toluca (MEX),False,252,5,Toluca,MEX,Mexico,America,2451377.64920944,True,True,,261,1.0,1.0,1.0,1.0,,current_530_certainty_v1,,,,America|P5,,,,,,5,Temperate,12,True,Middle,0.789,N_tropical,19.30564476975995,-99.6432509601662,2011.4940585743936,,,,
00000000000000000b8c,00000000000000000b8c,262,262,,169,extension_280,12,Takasaki [Maebashi] (JPN),False,278,5,Takasaki [Maebashi],JPN,Japan,Asia,2237876.4464345174,True,True,,262,1.0,1.0,1.0,1.0,,current_530_certainty_v1,,,,Asia|P5,,,,,,5,Temperate,14,True,High,0.925,N_mid,36.35353640985112,139.1713701092951,2710.9298956742064,,,,
000000000000000020c8,000000000000000020c8,263,263,,200,extension_280,13,Glasgow (GBR),False,360,5,Glasgow,GBR,United Kingdom,Europe,1743356.1460611897,True,True,,263,1.0,1.0,1.0,1.0,,current_530_certainty_v1,,,,Europe|P5,,,,,,5,Temperate,15,True,High,0.946,N_polar,55.830132090008625,-4.216342799584949,2344.747436389343,,,,
000000000000000020a4,000000000000000020a4,264,264,,203,extension_280,14,Kharkiv (UKR),False,367,2,Kharkiv,UKR,Ukraine,Europe,1720556.0334767848,True,True,,264,1.0,1.0,1.0,1.0,,current_530_certainty_v1,,,,Europe|P5,,,,,,5,Continental,25,True,Middle,0.779,N_polar,49.93891805111728,36.229761673008625,1737.103672835805,,,,
00000000000000001e5e,00000000000000001e5e,265,265,,205,extension_280,15,Gwangju (KOR),False,381,5,Gwangju,KOR,South Korea,Asia,1683322.226981407,True,True,,265,1.0,1.0,1.0,1.0,,current_530_certainty_v1,,,,Asia|P5,,,,,,5,Temperate,14,True,High,0.937,N_mid,35.16187199950567,126.84836017951903,1054.63846692257,,,,
00000000000000000ea1,00000000000000000ea1,266,266,,206,extension_280,16,Perth (AUS),False,383,4,Perth,AUS,Australia,Oceania,1676528.5589230368,True,True,,266,1.0,1.0,1.0,1.0,,current_530_certainty_v1,,,,Oceania|P5,,,,,,5,Temperate,8,True,High,0.958,S_mid,-31.888266556421353,115.94191926961705,2965.349551746968,,,,
00000000000000001e37,00000000000000001e37,267,267,,208,extension_280,17,Pretoria (ZAF),False,392,4,Pretoria,ZAF,South Africa,Africa,1635386.3079350537,True,True,,267,1.0,1.0,1.0,1.0,,current_530_certainty_v1,,,,Africa|P5,,,,,,5,Temperate,11,True,Middle,0.741,S_mid,-25.7382877244623,28.232405828267,1112.5114556796173,,,,
00000000000000000ae1,00000000000000000ae1,268,268,,209,extension_280,18,Basra (IRQ),False,396,2,Basra,IRQ,Iraq,Asia,1620042.7082948685,True,True,,268,1.0,1.0,1.0,1.0,,current_530_certainty_v1,,,,Asia|P5,,,,,,5,Arid,4,True,Low,0.695,N_mid,30.537858119339425,47.7856387514118,369.1688385630199,,,,
00000000000000000e70,00000000000000000e70,269,269,,210,extension_280,19,Cordoba (ARG),False,397,2,Cordoba,ARG,Argentina,America,1617671.655530356,True,True,,269,1.0,1.0,1.0,1.0,,current_530_certainty_v1,,,,America|P5,,,,,,5,Temperate,11,True,High,0.865,S_mid,-31.403490818506164,-64.19466583995137,1694.2107917829414,,,,
00000000000000001cb3,00000000000000001cb3,270,270,,212,extension_280,20,Porto (PRT),False,403,2,Porto,PRT,Portugal,Europe,1594480.2256260228,True,True,,270,1.0,1.0,1.0,1.0,,current_530_certainty_v1,,,,Europe|P5,,,,,,5,Temperate,9,True,High,0.89,N_mid,41.141715521062935,-8.508555922438541,1483.684751503006,,,,
00000000000000002030,00000000000000002030,271,271,,213,extension_280,21,Gaziantep (TUR),False,413,5,Gaziantep,TUR,Türkiye,Asia,1554725.0461006165,True,True,,271,1.0,1.0,1.0,1.0,,current_530_certainty_v1,,,,Asia|P5,,,,,,5,Temperate,8,True,High,0.853,N_mid,37.06666973707275,37.376332921295905,383.1409552573932,,,,
000000000000000022bd,000000000000000022bd,272,272,,214,extension_280,22,Long Xuyen (VNM),False,417,3,Long Xuyen,VNM,Vietnam,Asia,1547431.5014083236,True,True,,272,1.0,1.0,1.0,1.0,,current_530_certainty_v1,,,,Asia|P5,,,,,,5,Tropical,3,True,Middle,0.766,N_tropical,10.538405855202267,105.37902945186622,992.7774644424233,,,,
00000000000000001865,00000000000000001865,273,273,,217,extension_280,23,Beni (COD),False,424,4,Beni,COD,DR Congo,Africa,1512870.289199829,True,True,,273,1.0,1.0,1.0,1.0,,current_530_certainty_v1,,,,Africa|P5,,,,,,5,Tropical,1,True,Low,0.522,N_tropical,0.4940583909923439,29.459057347730596,79.82082795809572,,,,
00000000000000001d66,00000000000000001d66,274,274,,218,extension_280,24,Yekaterinburg (RUS),False,427,4,Yekaterinburg,RUS,Russia,Europe,1496445.09592551,True,True,,274,1.0,1.0,1.0,1.0,,current_530_certainty_v1,,,,Europe|P5,,,,,,5,Continental,26,True,High,0.832,N_polar,56.82944910016406,60.6200137462997,1286.118534683725,,,,
00000000000000000a72,00000000000000000a72,275,275,,219,extension_280,25,Shiraz (IRN),False,428,5,Shiraz,IRN,Iran,Asia,1493433.0090110302,True,True,,275,1.0,1.0,1.0,1.0,,current_530_certainty_v1,,,,Asia|P5,,,,,,5,Arid,7,True,High,0.799,N_mid,29.628957793081412,52.525709587087945,576.714179782456,,,,
0000000000000000227d,0000000000000000227d,276,276,,220,extension_280,26,Maracay (VEN),False,431,4,Maracay,VEN,Venezuela,America,1482535.3595504165,True,True,,276,1.0,1.0,1.0,1.0,,current_530_certainty_v1,,,,America|P5,,,,,,5,Tropical,3,True,Middle,0.709,N_tropical,10.221170838652036,-67.46407779020136,645.5580271028207,,,,
000000000000000020b1,000000000000000020b1,277,277,,223,extension_280,27,Donetsk (UKR),False,437,3,Donetsk,UKR,Ukraine,Europe,1464092.2570069246,True,True,,277,1.0,1.0,1.0,1.0,,current_530_certainty_v1,,,,Europe|P5,,,,,,5,Continental,25,True,Middle,0.779,N_polar,47.97439348229067,37.813409496886464,1228.2539214097278,,,,
00000000000000000ab2,00000000000000000ab2,278,278,,224,extension_280,28,Erbil (IRQ),False,438,3,Erbil,IRQ,Iraq,Asia,1461345.9160672128,True,True,,278,1.0,1.0,1.0,1.0,,current_530_certainty_v1,,,,Asia|P5,,,,,,5,Temperate,8,True,Low,0.695,N_mid,36.18738798461882,43.99966289429285,723.3805891600036,,,,
00000000000000001d31,00000000000000001d31,279,279,,227,extension_280,29,Volgograd (RUS),False,447,5,Volgograd,RUS,Russia,Europe,1422694.9192132354,True,True,,279,1.0,1.0,1.0,1.0,,current_530_certainty_v1,,,,Europe|P5,,,,,,5,Arid,7,True,High,0.832,N_polar,48.713789127546754,44.529521846958744,2070.370489224449,,,,
00000000000000000ea3,00000000000000000ea3,280,280,,230,extension_280,30,Adelaide (AUS),False,461,5,Adelaide,AUS,Australia,Oceania,1384068.224191964,True,True,,280,1.0,1.0,1.0,1.0,,current_530_certainty_v1,,,,Oceania|P5,,,,,,5,Temperate,9,True,High,0.958,S_mid,-34.830532182036244,138.72754883360315,4017.0062268742577,,,,
000000000000000010f0,000000000000000010f0,281,281,,231,extension_280,31,Calgary (CAN),False,462,4,Calgary,CAN,Canada,America,1382751.2060863962,True,True,,281,1.0,1.0,1.0,1.0,,current_530_certainty_v1,,,,America|P5,,,,,,5,Continental,26,True,High,0.939,N_polar,51.038687904750255,-114.05392212553409,2046.412802778587,,,,
000000000000000022af,000000000000000022af,282,282,,232,extension_280,32,Haiphong (VNM),False,465,4,Haiphong,VNM,Vietnam,Asia,1377016.6994478705,True,True,,282,1.0,1.0,1.0,1.0,,current_530_certainty_v1,,,,Asia|P5,,,,,,5,Temperate,11,True,Middle,0.766,N_tropical,20.868517485217204,106.65514540410642,630.5901324953093,,,,
00000000000000000101,00000000000000000101,283,283,,238,extension_280,33,Marseille (FRA),False,475,3,Marseille,FRA,France,Europe,1357310.6447961926,True,True,,283,1.0,1.0,1.0,1.0,,current_530_certainty_v1,,,,Europe|P5,,,,,,5,Temperate,8,True,High,0.92,N_mid,43.37186976507701,5.417898619585808,1595.4224859249748,,,,
00000000000000001c82,00000000000000001c82,284,284,,240,extension_280,34,Davao City (PHL),False,477,4,Davao City,PHL,Philippines,Asia,1356277.3853349686,True,True,,284,1.0,1.0,1.0,1.0,,current_530_certainty_v1,,,,Asia|P5,,,,,,5,Tropical,1,True,Middle,0.72,N_tropical,7.10888981762589,125.58627204988213,475.9358422117823,,,,
00000000000000001f4f,00000000000000001f4f,285,285,,241,extension_280,35,Tainan (TWN),False,482,4,Tainan,TWN,Taiwan,Asia,1339958.4476436395,True,True,,285,1.0,1.0,1.0,1.0,,current_530_certainty_v1,,,,Asia|P5,,,,,,5,Tropical,3,False,Missing,,N_tropical,23.010050624688,120.25756104750752,713.4013671575094,,,,
00000000000000000e80,00000000000000000e80,286,286,,242,extension_280,36,Rosario (ARG),False,484,3,Rosario,ARG,Argentina,America,1336722.5002174675,True,True,,286,1.0,1.0,1.0,1.0,,current_530_certainty_v1,,,,America|P5,,,,,,5,Temperate,14,True,High,0.865,S_mid,-32.91265053748441,-60.76419293043725,1440.7784091280264,,,,
00000000000000000ddf,00000000000000000ddf,287,287,,243,extension_280,37,Oran (DZA),False,485,2,Oran,DZA,Algeria,Africa,1332318.6867939234,True,True,,287,1.0,1.0,1.0,1.0,,current_530_certainty_v1,,,,Africa|P5,,,,,,5,Arid,6,True,Middle,0.763,N_mid,35.66812365298716,-0.5857963645724493,463.9608427948741,,,,
000000000000000001ff,000000000000000001ff,288,288,,244,extension_280,38,Sha Tin (HKG),False,496,2,Sha Tin,HKG,Hong Kong,Asia,1303459.2303532362,True,True,,288,1.0,1.0,1.0,1.0,,current_530_certainty_v1,,,,Asia|P5,,,,,,5,Temperate,11,True,High,0.955,N_tropical,22.453518696463156,114.18720737201134,281.36818769649267,,,,
00000000000000001da2,00000000000000001da2,289,289,,245,extension_280,39,Medina (SAU),False,498,5,Medina,SAU,Saudi Arabia,Asia,1297733.0284620223,True,True,,289,1.0,1.0,1.0,1.0,,current_530_certainty_v1,,,,Asia|P5,,,,,,5,Arid,4,True,High,0.9,N_mid,24.46578214688082,39.60204278973836,532.8059890995618,,,,
00000000000000001e36,00000000000000001e36,290,290,,247,extension_280,40,Klipgat (ZAF),False,501,5,Klipgat,ZAF,South Africa,Africa,1290030.5819751206,True,True,,290,1.0,1.0,1.0,1.0,,current_530_certainty_v1,,,,Africa|P5,,,,,,5,Arid,6,True,Middle,0.741,S_mid,-25.46492194273902,28.0968641294552,713.4016882209746,,,,
00000000000000001ca4,00000000000000001ca4,291,291,,248,extension_280,41,Krakow (POL),False,504,3,Krakow,POL,Poland,Europe,1284334.3974018842,True,True,,291,1.0,1.0,1.0,1.0,,current_530_certainty_v1,,,,Europe|P5,,,,,,5,Continental,26,True,High,0.906,N_polar,50.03256029418555,19.95438383348131,2624.1224899991535,,,,
00000000000000000d2b,00000000000000000d2b,292,292,,249,extension_280,42,Fez (MAR),False,505,3,Fez,MAR,Morocco,Africa,1282846.7719416618,True,True,,292,1.0,1.0,1.0,1.0,,current_530_certainty_v1,,,,Africa|P5,,,,,,5,Temperate,8,True,Middle,0.71,N_mid,33.99214823391353,-4.992656338409002,418.0673764474293,,,,
00000000000000001103,00000000000000001103,293,293,,250,extension_280,43,Ottawa (CAN),False,507,5,Ottawa,CAN,Canada,America,1277528.0231868662,True,True,,293,1.0,1.0,1.0,1.0,,current_530_certainty_v1,,,,America|P5,,,,,,5,Continental,26,True,High,0.939,N_polar,45.41874567895971,-75.72669801056506,2319.8000433301972,,,,
000000000000000000e5,000000000000000000e5,294,294,,252,extension_280,44,Toulouse (FRA),False,510,4,Toulouse,FRA,France,Europe,1264262.565784771,True,True,,294,1.0,1.0,1.0,1.0,,current_530_certainty_v1,,,,Europe|P5,,,,,,5,Temperate,14,True,High,0.92,N_mid,43.60648878256375,1.4784614415468378,3313.576502894434,,,,
00000000000000001e8f,00000000000000001e8f,295,295,,253,extension_280,45,Seville (ESP),False,514,4,Seville,ESP,Spain,Europe,1256010.6294094026,True,True,,295,1.0,1.0,1.0,1.0,,current_530_certainty_v1,,,,Europe|P5,,,,,,5,Temperate,8,True,High,0.918,N_mid,37.38433655088683,-5.983251622682273,928.9166086510086,,,,
0000000000000000208e,0000000000000000208e,296,296,,254,extension_280,46,Odesa (UKR),False,515,4,Odesa,UKR,Ukraine,Europe,1255759.626393687,True,True,,296,1.0,1.0,1.0,1.0,,current_530_certainty_v1,,,,Europe|P5,,,,,,5,Arid,7,True,Middle,0.779,N_polar,46.473123839764895,30.6527519682951,1432.7947085712897,,,,
00000000000000000f3d,00000000000000000f3d,297,297,,256,extension_280,47,Cochabamba (BOL),False,526,3,Cochabamba,BOL,Bolivia,America,1227385.3630411625,True,True,,297,1.0,1.0,1.0,1.0,,current_530_certainty_v1,,,,America|P5,,,,,,5,Temperate,12,True,Middle,0.733,S_tropical,-17.439677921057964,-66.18077832982881,868.0591791355248,,,,
00000000000000001c45,00000000000000001c45,298,298,,258,extension_280,48,Dagupan (PHL),False,529,5,Dagupan,PHL,Philippines,Asia,1219135.091668576,True,True,,298,1.0,1.0,1.0,1.0,,current_530_certainty_v1,,,,Asia|P5,,,,,,5,Tropical,2,True,Middle,0.72,N_tropical,16.02639570962843,120.393432609614,758.3051546166038,,,,
00000000000000000aaa,00000000000000000aaa,299,299,,259,extension_280,49,Mosul (IRQ),False,530,4,Mosul,IRQ,Iraq,Asia,1218694.9492052794,True,True,,299,1.0,1.0,1.0,1.0,,current_530_certainty_v1,,,,Asia|P5,,,,,,5,Temperate,8,True,Low,0.695,N_mid,36.37348851865851,43.119021373732096,451.9899558359314,,,,
0000000000000000010f,0000000000000000010f,300,300,,260,extension_280,50,Nice (FRA),False,533,5,Nice,FRA,France,Europe,1206197.920297935,True,True,,300,1.0,1.0,1.0,1.0,,current_530_certainty_v1,,,,Europe|P5,,,,,,5,Temperate,8,True,High,0.92,N_mid,43.68122529094819,7.026695863981569,2104.2916768861214,,,,
000000000000000022ab,000000000000000022ab,301,301,,261,extension_280,51,Nam Định (VNM),False,538,5,Nam Định,VNM,Vietnam,Asia,1198796.51295498,True,True,,301,1.0,1.0,1.0,1.0,,current_530_certainty_v1,,,,Asia|P5,,,,,,5,Temperate,11,True,Middle,0.766,N_tropical,20.406731438962087,106.28985831802008,721.3794957064868,,,,
0000000000000000226f,0000000000000000226f,302,302,,262,extension_280,52,Barquisimeto (VEN),False,543,5,Barquisimeto,VEN,Venezuela,America,1186176.2411065698,True,True,,302,1.0,1.0,1.0,1.0,,current_530_certainty_v1,,,,America|P5,,,,,,5,Arid,6,True,Middle,0.709,N_tropical,10.075688807434934,-69.33177059647058,490.8976857759879,,,,
00000000000000001ec7,00000000000000001ec7,303,303,,263,extension_280,53,Kandy (LKA),False,546,2,Kandy,LKA,Sri Lanka,Asia,1182446.901198864,True,True,,303,1.0,1.0,1.0,1.0,,current_530_certainty_v1,,,,Asia|P5,,,,,,5,Tropical,1,True,Middle,0.776,N_tropical,7.295162354139563,80.60687797836619,789.2295806286794,,,,
00000000000000000e5d,00000000000000000e5d,304,304,,269,extension_280,54,Mendoza (ARG),False,575,4,Mendoza,ARG,Argentina,America,1139081.5537472274,True,True,,304,1.0,1.0,1.0,1.0,,current_530_certainty_v1,,,,America|P4,,,,,,4,Arid,5,True,High,0.865,S_mid,-32.95523920949218,-68.81021706317573,908.9701382300692,,,,
00000000000000000d06,00000000000000000d06,305,305,,270,extension_280,55,Marrakesh (MAR),False,579,4,Marrakesh,MAR,Morocco,Africa,1135407.4059400558,True,True,,305,1.0,1.0,1.0,1.0,,current_530_certainty_v1,,,,Africa|P4,,,,,,4,Arid,6,True,Middle,0.71,N_mid,31.641056980700416,-7.996006068797369,404.09479515542495,,,,
00000000000000000f22,00000000000000000f22,306,306,,272,extension_280,56,Liège (BEL),False,584,3,Liège,BEL,Belgium,Europe,1129391.8287669718,True,True,,306,1.0,1.0,1.0,1.0,,current_530_certainty_v1,,,,Europe|P4,,,,,,4,Temperate,15,True,High,0.951,N_polar,50.6256050142894,5.519073986660572,2703.952417569557,,,,
00000000000000002301,00000000000000002301,307,307,,273,extension_280,57,Ta'izz (YEM),False,586,2,Ta'izz,YEM,Yemen,Asia,1123215.9060963392,True,True,,307,1.0,1.0,1.0,1.0,,current_530_certainty_v1,,,,Asia|P4,,,,,,4,Arid,6,True,Low,0.47,N_tropical,13.549103262105657,44.021104886461565,198.55880005864572,,,,
00000000000000000cfe,00000000000000000cfe,308,308,,274,extension_280,58,Agadir (MAR),False,587,5,Agadir,MAR,Morocco,Africa,1122995.0871376991,True,True,,308,1.0,1.0,1.0,1.0,,current_530_certainty_v1,,,,Africa|P4,,,,,,4,Arid,6,True,Middle,0.71,N_mid,30.37472116955046,-9.519326365665526,429.03693727564473,,,,
00000000000000001f49,00000000000000001f49,309,309,,275,extension_280,59,Hsinchu (TWN),False,588,5,Hsinchu,TWN,Taiwan,Asia,1116593.133632064,True,True,,309,1.0,1.0,1.0,1.0,,current_530_certainty_v1,,,,Asia|P4,,,,,,4,Temperate,14,False,Missing,,N_mid,24.784159305451507,120.98620192473072,552.7571481935433,,,,
00000000000000000bd4,00000000000000000bd4,310,310,,276,extension_280,60,Mombasa (KEN),False,594,2,Mombasa,KEN,Kenya,Africa,1104262.7995382547,True,True,,310,1.0,1.0,1.0,1.0,,current_530_certainty_v1,,,,Africa|P4,,,,,,4,Tropical,3,True,Low,0.628,S_tropical,-4.0477485437523795,39.64009147591107,288.3547820219964,,,,
000000000000000010d7,000000000000000010d7,311,311,,277,extension_280,61,Garoua (CMR),False,597,3,Garoua,CMR,Cameroon,Africa,1100720.356338501,True,True,,311,1.0,1.0,1.0,1.0,,current_530_certainty_v1,,,,Africa|P4,,,,,,4,Tropical,3,True,Low,0.588,N_tropical,9.332342352298488,13.404374584658134,90.79801404671588,,,,
00000000000000000e66,00000000000000000e66,312,312,,278,extension_280,62,San Miguel de Tucumán (ARG),False,612,5,San Miguel de Tucumán,ARG,Argentina,America,1074939.0511124209,True,True,,312,1.0,1.0,1.0,1.0,,current_530_certainty_v1,,,,America|P4,,,,,,4,Temperate,11,True,High,0.865,S_mid,-26.862356792730026,-65.17259031019508,1156.4119976752431,,,,
00000000000000000ac5,00000000000000000ac5,313,313,,279,extension_280,63,Najaf (IRQ),False,615,5,Najaf,IRQ,Iraq,Asia,1070856.9063138962,True,True,,313,1.0,1.0,1.0,1.0,,current_530_certainty_v1,,,,Asia|P4,,,,,,4,Arid,4,True,Low,0.695,N_mid,32.03047520136517,44.35875234538495,188.57640759813896,,,,
00000000000000001c9f,00000000000000001c9f,314,314,,280,extension_280,64,Lodz (POL),False,618,4,Lodz,POL,Poland,Europe,1064394.0243839407,True,True,,314,1.0,1.0,1.0,1.0,,current_530_certainty_v1,,,,Europe|P4,,,,,,4,Continental,26,True,High,0.906,N_polar,51.78312004887519,19.45904290385263,1991.5360262999209,,,,
00000000000000001799,00000000000000001799,315,315,,281,extension_280,65,Bucaramanga (COL),False,625,5,Bucaramanga,COL,Colombia,America,1054587.121747017,True,True,,315,1.0,1.0,1.0,1.0,,current_530_certainty_v1,,,,America|P4,,,,,,4,Tropical,1,True,Middle,0.788,N_tropical,7.119121725049123,-73.14935309932162,341.2280739933114,,,,
00000000000000001e9a,00000000000000001e9a,316,316,,282,extension_280,66,Málaga (ESP),False,626,5,Málaga,ESP,Spain,Europe,1053431.7210552692,True,True,,316,1.0,1.0,1.0,1.0,,current_530_certainty_v1,,,,Europe|P4,,,,,,4,Temperate,8,True,High,0.918,N_mid,36.71938799220523,-4.488828969693842,1260.1776669118217,,,,
00000000000000002234,00000000000000002234,317,317,,284,extension_280,67,Samarkand (UZB),False,630,2,Samarkand,UZB,Uzbekistan,Asia,1046699.66595006,True,True,,317,1.0,1.0,1.0,1.0,,current_530_certainty_v1,,,,Asia|P4,,,,,,4,Arid,7,True,Middle,0.74,N_mid,39.64507206205651,66.95270819118282,632.5869630657887,,,,
0000000000000000019b,0000000000000000019b,318,318,,285,extension_280,68,Thessaloniki (GRC),False,637,2,Thessaloniki,GRC,Greece,Europe,1041904.9078949988,True,True,,318,1.0,1.0,1.0,1.0,,current_530_certainty_v1,,,,Europe|P4,,,,,,4,Arid,7,True,High,0.908,N_mid,40.640572884987904,22.949188319788593,1104.5221059453709,,,,
0000000000000000209f,0000000000000000209f,319,319,,287,extension_280,69,Dnipro (UKR),False,645,5,Dnipro,UKR,Ukraine,Europe,1031762.9998304718,True,True,,319,1.0,1.0,1.0,1.0,,current_530_certainty_v1,,,,Europe|P4,,,,,,4,Continental,25,True,Middle,0.779,N_polar,48.430670967581904,35.03534346637551,912.9594982185243,,,,
00000000000000001817,00000000000000001817,320,320,,289,extension_280,70,Kananga (COD),False,657,5,Kananga,COD,DR Congo,Africa,1018036.0954341888,True,True,,320,1.0,1.0,1.0,1.0,,current_530_certainty_v1,,,,Africa|P4,,,,,,4,Tropical,3,True,Low,0.522,S_tropical,-5.893789054813302,22.419692742938295,124.71955700251708,,,,
000000000000000020bd,000000000000000020bd,321,321,,290,extension_280,71,Abu Dhabi (ARE),False,659,2,Abu Dhabi,ARE,United Arab Emirates,Asia,1017109.4836603404,True,True,,321,1.0,1.0,1.0,1.0,,current_530_certainty_v1,,,,Asia|P4,,,,,,4,Arid,4,True,High,0.94,N_mid,24.392650849069778,54.51731584405744,695.4485854005694,,,,
00000000000000001dd4,00000000000000001dd4,322,322,,291,extension_280,72,Touba (SEN),False,660,2,Touba,SEN,Senegal,Africa,1016890.8854465483,True,True,,322,1.0,1.0,1.0,1.0,,current_530_certainty_v1,,,,Africa|P4,,,,,,4,Arid,6,True,Low,0.53,N_tropical,14.848521588808868,-15.888106146130378,158.6470426527888,,,,
00000000000000000c2c,00000000000000000c2c,323,323,,292,extension_280,73,Bukit Mertajam (MYS),False,662,3,Bukit Mertajam,MYS,Malaysia,Asia,1009439.4856003524,True,True,,323,1.0,1.0,1.0,1.0,,current_530_certainty_v1,,,,Asia|P4,,,,,,4,Tropical,1,True,High,0.819,N_tropical,5.356537525584681,100.47779510504743,683.4748774532223,,,,
00000000000000001138,00000000000000001138,324,324,,293,extension_280,74,Viña del Mar [Valparaíso] (CHL),False,665,2,Viña del Mar [Valparaíso],CHL,Chile,America,1008041.3938988148,True,True,,324,1.0,1.0,1.0,1.0,,current_530_certainty_v1,,,,America|P4,,,,,,4,Temperate,9,True,High,0.878,S_mid,-33.00314100776144,-71.45951638371395,786.2438521646852,,,,
000000000000000001f3,000000000000000001f3,325,325,,294,extension_280,75,San Pedro Sula (HND),False,670,2,San Pedro Sula,HND,Honduras,America,998549.9587513356,True,True,,325,1.0,1.0,1.0,1.0,,current_530_certainty_v1,,,,America|P4,,,,,,4,Tropical,2,True,Low,0.645,N_tropical,15.514163458089206,-87.960913865422,585.6872722588889,,,,
00000000000000002248,00000000000000002248,326,326,,295,extension_280,76,Namangan (UZB),False,677,3,Namangan,UZB,Uzbekistan,Asia,975852.3468791692,True,True,,326,1.0,1.0,1.0,1.0,,current_530_certainty_v1,,,,Asia|P4,,,,,,4,Arid,5,True,Middle,0.74,N_mid,40.99641853838272,71.66899014308821,664.4989566270274,,,,
00000000000000001c94,00000000000000001c94,327,327,,296,extension_280,77,Gdansk (POL),False,680,5,Gdansk,POL,Poland,Europe,973301.4984232596,True,True,,327,1.0,1.0,1.0,1.0,,current_530_certainty_v1,,,,Europe|P4,,,,,,4,Continental,26,True,High,0.906,N_polar,54.34529674525781,18.53329841621217,1471.6996184200034,,,,
00000000000000000b0d,00000000000000000b0d,328,328,,297,extension_280,78,Florence (ITA),False,683,5,Florence,ITA,Italy,Europe,970040.582550926,True,True,,328,1.0,1.0,1.0,1.0,,current_530_certainty_v1,,,,Europe|P4,,,,,,4,Temperate,8,True,High,0.915,N_mid,43.80085721551681,11.208667351145404,1202.3057296326706,,,,
00000000000000001953,00000000000000001953,329,329,,298,extension_280,79,Arnhem (NLD),False,689,3,Arnhem,NLD,Netherlands,Europe,960436.9868511856,True,True,,329,1.0,1.0,1.0,1.0,,current_530_certainty_v1,,,,Europe|P4,,,,,,4,Temperate,15,True,High,0.955,N_polar,51.879208241162026,5.884740287346266,1672.2547445642904,,,,
00000000000000000aee,00000000000000000aee,330,330,,299,extension_280,80,Jerusalem (ISR),True,710,2,Jerusalem,ISR,Israel,Asia,944358.3505249023,True,True,,330,1.0,1.0,1.0,1.0,,current_530_certainty_v1,,,,Asia|P4,,,,,,4,Temperate,8,True,High,0.919,N_mid,31.776772738744235,35.10536281304949,196.55652769935793,,,,
00000000000000001c21,00000000000000001c21,331,331,,301,extension_280,81,Trujillo (PER),False,721,2,Trujillo,PER,Peru,America,934183.1533987522,True,True,,331,1.0,1.0,1.0,1.0,,current_530_certainty_v1,,,,America|P4,,,,,,4,Arid,4,True,Middle,0.794,S_tropical,-8.115417983481597,-79.02020840435313,296.33358046162124,,,,
00000000000000000bb5,00000000000000000bb5,332,332,,302,extension_280,82,Shymkent (KAZ),False,727,2,Shymkent,KAZ,Kazakhstan,Asia,928396.7997682672,True,True,,332,1.0,1.0,1.0,1.0,,current_530_certainty_v1,,,,Asia|P4,,,,,,4,Continental,17,True,High,0.837,N_mid,42.36491441383427,69.63146152840827,515.8456565117829,,,,
00000000000000001c3b,00000000000000001c3b,333,333,,303,extension_280,83,Arequipa (PER),False,733,3,Arequipa,PER,Peru,America,920158.4171935022,True,True,,333,1.0,1.0,1.0,1.0,,current_530_certainty_v1,,,,America|P4,,,,,,4,Arid,5,True,Middle,0.794,S_tropical,-16.39334349164899,-71.55436833175587,483.9168485250175,,,,
00000000000000000f20,00000000000000000f20,334,334,,304,extension_280,84,Charleroi (BEL),False,739,4,Charleroi,BEL,Belgium,Europe,912883.4214423076,True,True,,334,1.0,1.0,1.0,1.0,,current_530_certainty_v1,,,,Europe|P4,,,,,,4,Temperate,15,True,High,0.951,N_polar,50.42625927988275,4.445399196200656,2184.1093813036528,,,,
000000000000000020c0,000000000000000020c0,335,335,,305,extension_280,85,Al Ain (ARE),False,740,3,Al Ain,ARE,United Arab Emirates,Asia,912132.3807196616,True,True,,335,1.0,1.0,1.0,1.0,,current_530_certainty_v1,,,,Asia|P4,,,,,,4,Arid,4,True,High,0.94,N_mid,24.18659267511726,55.71279770300093,668.5086151158173,,,,
0000000000000000187c,0000000000000000187c,336,336,,306,extension_280,86,Santiago de los Caballeros (DOM),False,745,2,Santiago de los Caballeros,DOM,Dominican Republic,America,907798.1205668448,True,True,,336,1.0,1.0,1.0,1.0,,current_530_certainty_v1,,,,America|P4,,,,,,4,Tropical,1,True,Middle,0.776,N_tropical,19.449965475125992,-70.68363329897156,474.9378814136955,,,,
00000000000000000f1c,00000000000000000f1c,337,337,,308,extension_280,87,Ghent (BEL),False,752,5,Ghent,BEL,Belgium,Europe,899790.1494474411,True,True,,337,1.0,1.0,1.0,1.0,,current_530_certainty_v1,,,,Europe|P4,,,,,,4,Temperate,15,True,High,0.951,N_polar,51.03231326763547,3.756500056869904,1809.946500155915,,,,
00000000000000000e1e,00000000000000000e1e,338,338,,309,extension_280,88,Constantine (DZA),False,753,3,Constantine,DZA,Algeria,Africa,899478.363749437,True,True,,338,1.0,1.0,1.0,1.0,,current_530_certainty_v1,,,,Africa|P4,,,,,,4,Arid,7,True,Middle,0.763,N_mid,36.33261213414977,6.6336053650353115,344.23051188199815,,,,
00000000000000000db7,00000000000000000db7,339,339,,310,extension_280,89,Herat (AFG),False,760,2,Herat,AFG,Afghanistan,Asia,888811.1758069992,True,True,,339,1.0,1.0,1.0,1.0,,current_530_certainty_v1,,,,Asia|P4,,,,,,4,Arid,7,True,Low,0.496,N_mid,34.34658283420523,62.20868314558967,138.693513188632,,,,
00000000000000000c27,00000000000000000c27,340,340,,311,extension_280,90,Blantyre (MWI),False,765,2,Blantyre,MWI,Malawi,Africa,882919.5673196316,True,True,,340,1.0,1.0,1.0,1.0,,current_530_certainty_v1,,,,Africa|P4,,,,,,4,Temperate,11,True,Low,0.517,S_tropical,-15.8008499133983,35.03602569219721,315.2907449100358,,,,
00000000000000001f19,00000000000000001f19,341,341,,312,extension_280,91,Gothenburg (SWE),False,775,2,Gothenburg,SWE,Sweden,Europe,876233.7393577695,True,True,,341,1.0,1.0,1.0,1.0,,current_530_certainty_v1,,,,Europe|P4,,,,,,4,Continental,26,True,High,0.959,N_polar,57.74457977158437,12.082563683644464,2647.076175792404,,,,
0000000000000000193f,0000000000000000193f,342,342,,313,extension_280,92,Itahari (NPL),False,780,2,Itahari,NPL,Nepal,Asia,872074.2973675728,True,True,,342,1.0,1.0,1.0,1.0,,current_530_certainty_v1,,,,Asia|P4,,,,,,4,Temperate,11,True,Low,0.622,N_mid,26.596284485013303,87.26738976072158,244.4515442394641,,,,
00000000000000001949,00000000000000001949,343,343,,314,extension_280,93,Utrecht (NLD),False,782,4,Utrecht,NLD,Netherlands,Europe,870519.6418373808,True,True,,343,1.0,1.0,1.0,1.0,,current_530_certainty_v1,,,,Europe|P4,,,,,,4,Temperate,15,True,High,0.955,N_polar,52.01476348894419,5.091357833703787,1036.679311172686,,,,
00000000000000000bae,00000000000000000bae,344,344,,315,extension_280,94,Nur-Sultan (KAZ),False,803,3,Nur-Sultan,KAZ,Kazakhstan,Asia,844172.7768502757,True,True,,344,1.0,1.0,1.0,1.0,,current_530_certainty_v1,,,,Asia|P4,,,,,,4,Arid,7,True,High,0.837,N_polar,51.1528443459112,71.43441985525459,525.8252287347572,,,,
00000000000000001ed7,00000000000000001ed7,345,345,,316,extension_280,95,Nyala (SDN),False,814,2,Nyala,SDN,Sudan,Africa,832928.564825058,True,True,,345,1.0,1.0,1.0,1.0,,current_530_certainty_v1,,,,Africa|P4,,,,,,4,Arid,6,True,Low,0.511,N_tropical,12.059190078846674,24.886342509531815,83.81248994172688,,,,
00000000000000000ae9,00000000000000000ae9,346,346,,317,extension_280,96,Haifa (ISR),False,831,3,Haifa,ISR,Israel,Asia,820668.6802049577,True,True,,346,1.0,1.0,1.0,1.0,,current_530_certainty_v1,,,,Asia|P4,,,,,,4,Temperate,8,True,High,0.919,N_mid,32.79611283307079,35.08494905496386,667.5059319280731,,,,
00000000000000000c30,00000000000000000c30,347,347,,318,extension_280,97,Ipoh (MYS),False,833,4,Ipoh,MYS,Malaysia,Asia,818704.454321295,True,True,,347,1.0,1.0,1.0,1.0,,current_530_certainty_v1,,,,Asia|P4,,,,,,4,Tropical,1,True,High,0.819,N_tropical,4.604183329857379,101.10073960205406,516.8420053488256,,,,
00000000000000001f6e,00000000000000001f6e,348,348,,319,extension_280,98,Mwanza (TZA),False,835,2,Mwanza,TZA,Tanzania,Africa,811423.2162857056,True,True,,348,1.0,1.0,1.0,1.0,,current_530_certainty_v1,,,,Africa|P4,,,,,,4,Tropical,3,True,Low,0.555,S_tropical,-2.5450572805222342,32.941461858645745,229.4857463350365,,,,
00000000000000000e33,00000000000000000e33,349,349,,320,extension_280,99,Lubango (AGO),False,838,2,Lubango,AGO,Angola,Africa,809132.7535946369,True,True,,349,1.0,1.0,1.0,1.0,,current_530_certainty_v1,,,,Africa|P4,,,,,,4,Temperate,12,True,Low,0.616,S_tropical,-14.909433510474804,13.534844039479363,229.48412349190733,,,,
00000000000000001c02,00000000000000001c02,350,350,,321,extension_280,100,Jerusalem (PSE),True,840,2,Jerusalem,PSE,Palestine,Asia,805922.8874418736,True,True,,350,1.0,1.0,1.0,1.0,,current_530_certainty_v1,,,,Asia|P4,,,,,,4,Temperate,8,True,Low,0.674,N_mid,31.81019362946773,35.217464246152794,476.9317975250368,,,,
00000000000000000c44,00000000000000000c44,351,351,,323,extension_280,101,Kota Kinabalu (MYS),False,842,5,Kota Kinabalu,MYS,Malaysia,Asia,802738.7266522348,True,True,,351,1.0,1.0,1.0,1.0,,current_530_certainty_v1,,,,Asia|P4,,,,,,4,Tropical,1,True,High,0.819,N_tropical,5.971944247805156,116.11907765227696,441.0113343929317,,,,
00000000000000001b1d,00000000000000001b1d,352,352,,325,extension_280,102,Hamhung (PRK),False,846,2,Hamhung,PRK,North Korea,Asia,802271.8066825867,True,True,,352,1.0,1.0,1.0,1.0,,current_530_certainty_v1,,,,Asia|P4,,,,,,4,Continental,21,False,Missing,,N_mid,39.88038479051976,127.57022162094424,198.5559590345575,,,,
0000000000000000194f,0000000000000000194f,353,353,,326,extension_280,103,Eindhoven (NLD),False,847,5,Eindhoven,NLD,Netherlands,Europe,801180.710347496,True,True,,353,1.0,1.0,1.0,1.0,,current_530_certainty_v1,,,,Europe|P4,,,,,,4,Temperate,15,True,High,0.955,N_polar,51.44645145820775,5.548552387527455,1377.908227128862,,,,
00000000000000001e04,00000000000000001e04,354,354,,327,extension_280,104,Hargeisa (SOM),False,852,2,Hargeisa,SOM,Somalia,Africa,798183.3679757118,True,True,,354,1.0,1.0,1.0,1.0,,current_530_certainty_v1,,,,Africa|P4,,,,,,4,Arid,6,True,Low,0.404,N_tropical,9.555875040139767,44.067006973305126,60.865480839673936,,,,
00000000000000002233,00000000000000002233,355,355,,328,extension_280,105,Qarshi (UZB),False,853,4,Qarshi,UZB,Uzbekistan,Asia,797811.4574751854,True,True,,355,1.0,1.0,1.0,1.0,,current_530_certainty_v1,,,,Asia|P4,,,,,,4,Arid,7,True,Middle,0.74,N_mid,38.83403403342346,65.76217111503482,347.2224248990744,,,,
00000000000000001f3a,00000000000000001f3a,356,356,,331,extension_280,106,Homs (SYR),False,872,3,Homs,SYR,Syria,Asia,782561.3989436403,True,True,,356,1.0,1.0,1.0,1.0,,current_530_certainty_v1,,,,Asia|P4,,,,,,4,Temperate,8,True,Low,0.564,N_mid,34.727129762884154,36.70648313632514,469.94901118358325,,,,
0000000000000000016c,0000000000000000016c,357,357,,332,extension_280,107,Takoradi [Sekondi-Takoradi] (GHA),False,882,3,Takoradi [Sekondi-Takoradi],GHA,Ghana,Africa,768843.7821834087,True,True,,357,1.0,1.0,1.0,1.0,,current_530_certainty_v1,,,,Africa|P4,,,,,,4,Tropical,3,True,Low,0.628,N_tropical,4.946687215597771,-1.741801252638817,200.55040088345095,,,,
00000000000000000b9c,00000000000000000b9c,358,358,,333,extension_280,108,Irbid (JOR),False,884,2,Irbid,JOR,Jordan,Asia,767659.1418023705,True,True,,358,1.0,1.0,1.0,1.0,,current_530_certainty_v1,,,,Asia|P4,,,,,,4,Temperate,8,True,Middle,0.754,N_mid,32.552025248595626,35.832948685195575,379.1509283323682,,,,
00000000000000001087,00000000000000001087,359,359,,334,extension_280,109,Bobo-Dioulasso (BFA),False,886,2,Bobo-Dioulasso,BFA,Burkina Faso,Africa,767310.5457143784,True,True,,359,1.0,1.0,1.0,1.0,,current_530_certainty_v1,,,,Africa|P4,,,,,,4,Tropical,3,True,Low,0.459,N_tropical,11.182057883243944,-4.289331768114126,170.61288584448786,,,,
00000000000000002337,00000000000000002337,360,360,,335,extension_280,110,Bulawayo (ZWE),False,903,2,Bulawayo,ZWE,Zimbabwe,Africa,754739.9435653687,True,True,,360,1.0,1.0,1.0,1.0,,current_530_certainty_v1,,,,Africa|P4,,,,,,4,Arid,6,True,Low,0.598,S_tropical,-20.15840788131094,28.555690496174503,274.3877156580349,,,,
00000000000000002308,00000000000000002308,361,361,,336,extension_280,111,Al Mansurah (YEM),False,909,3,Al Mansurah,YEM,Yemen,Asia,745246.963684082,True,True,,361,1.0,1.0,1.0,1.0,,current_530_certainty_v1,,,,Asia|P4,,,,,,4,Arid,4,True,Low,0.47,N_tropical,12.847440390802394,45.000031957634825,135.6929709190986,,,,
00000000000000001c20,00000000000000001c20,362,362,,337,extension_280,112,Chiclayo (PER),False,910,4,Chiclayo,PER,Peru,America,744179.9536423683,True,True,,362,1.0,1.0,1.0,1.0,,current_530_certainty_v1,,,,America|P4,,,,,,4,Arid,4,True,Middle,0.794,S_tropical,-6.79729990196845,-79.83315627580886,384.1321245238015,,,,
00000000000000001f88,00000000000000001f88,363,363,,339,extension_280,113,Zanzibar City (TZA),False,925,3,Zanzibar City,TZA,Tanzania,Africa,723127.3848819733,True,True,,363,1.0,1.0,1.0,1.0,,current_530_certainty_v1,,,,Africa|P4,,,,,,4,Tropical,2,True,Low,0.555,S_tropical,-6.155807302134472,39.23877240235785,178.60147597723537,,,,
00000000000000001f81,00000000000000001f81,364,364,,340,extension_280,114,Arusha (TZA),False,933,4,Arusha,TZA,Tanzania,Africa,717122.730545044,True,True,,364,1.0,1.0,1.0,1.0,,current_530_certainty_v1,,,,Africa|P4,,,,,,4,Temperate,12,True,Low,0.555,S_tropical,-3.376754518086244,36.713923094085814,187.575085647138,,,,
00000000000000000d5f,00000000000000000d5f,365,365,,341,extension_280,115,Nampula (MOZ),False,935,2,Nampula,MOZ,Mozambique,Africa,714516.430975914,True,True,,365,1.0,1.0,1.0,1.0,,current_530_certainty_v1,,,,Africa|P4,,,,,,4,Tropical,3,True,Low,0.493,S_tropical,-15.123031752997887,39.26746963666348,143.67480244080627,,,,
00000000000000001f8a,00000000000000001f8a,366,366,,342,extension_280,116,Chiang Mai (THA),False,949,2,Chiang Mai,THA,Thailand,Asia,704350.5790372491,True,True,,366,1.0,1.0,1.0,1.0,,current_530_certainty_v1,,,,Asia|P4,,,,,,4,Tropical,3,True,High,0.798,N_tropical,18.757409711789215,99.00727123018864,539.7887153068507,,,,
00000000000000001eeb,00000000000000001eeb,367,367,,343,extension_280,117,Al-Ubayyid (SDN),False,971,3,Al-Ubayyid,SDN,Sudan,Africa,692921.0857667923,True,True,,367,1.0,1.0,1.0,1.0,,current_530_certainty_v1,,,,Africa|P4,,,,,,4,Arid,4,True,Low,0.511,N_tropical,13.178626024489583,30.219136932860454,89.7997393822863,,,,
0000000000000000224c,0000000000000000224c,368,368,,344,extension_280,118,Fergana (UZB),False,999,5,Fergana,UZB,Uzbekistan,Asia,672059.6354083163,True,True,,368,1.0,1.0,1.0,1.0,,current_530_certainty_v1,,,,Asia|P4,,,,,,4,Arid,5,True,Middle,0.74,N_mid,40.43856040403574,71.76635821530216,486.90752686984786,,,,
00000000000000001b1b,00000000000000001b1b,369,369,,346,extension_280,119,Chŏngjin (PRK),False,1040,3,Chŏngjin,PRK,North Korea,Asia,645370.3596782684,True,True,,369,1.0,1.0,1.0,1.0,,current_530_certainty_v1,,,,Asia|P4,,,,,,4,Continental,21,False,Missing,,N_mid,41.775066677007416,129.7453184039559,153.65833519956172,,,,
00000000000000001ed9,00000000000000001ed9,370,370,,347,extension_280,120,Al-Fashir (SDN),False,1043,4,Al-Fashir,SDN,Sudan,Africa,643832.2791938782,True,True,,370,1.0,1.0,1.0,1.0,,current_530_certainty_v1,,,,Africa|P4,,,,,,4,Arid,4,True,Low,0.511,N_tropical,13.624007319094895,25.35202756098107,73.83684092772512,,,,
00000000000000001ed8,00000000000000001ed8,371,371,,348,extension_280,121,Buram (SDN),False,1045,5,Buram,SDN,Sudan,Africa,642910.0261230469,True,True,,371,1.0,1.0,1.0,1.0,,current_530_certainty_v1,,,,Africa|P4,,,,,,4,Arid,6,True,Low,0.511,N_tropical,10.851761095012098,25.160084766841152,15.961893117004314,,,,
00000000000000000c08,00000000000000000c08,372,372,,349,extension_280,122,Benghazi (LBY),False,1047,2,Benghazi,LBY,Libya,Africa,642491.7308897078,True,True,,372,1.0,1.0,1.0,1.0,,current_530_certainty_v1,,,,Africa|P4,,,,,,4,Arid,6,True,Middle,0.721,N_mid,32.083789024731885,20.130389212361173,546.7740511961874,,,,
000000000000000010e2,000000000000000010e2,373,373,,350,extension_280,123,Maroua (CMR),False,1051,4,Maroua,CMR,Cameroon,Africa,640471.105682373,True,True,,373,1.0,1.0,1.0,1.0,,current_530_certainty_v1,,,,Africa|P4,,,,,,4,Arid,6,True,Low,0.588,N_tropical,10.597024294849,14.321630308133606,91.79521296166658,,,,
0000000000000000113c,0000000000000000113c,374,374,,351,extension_280,124,Concepción (CHL),False,1052,3,Concepción,CHL,Chile,America,639880.2189278603,True,True,,374,1.0,1.0,1.0,1.0,,current_530_certainty_v1,,,,America|P4,,,,,,4,Temperate,9,True,High,0.878,S_mid,-36.7851122332444,-73.04912939190433,437.0249877999927,,,,
000000000000000017cf,000000000000000017cf,375,375,,352,extension_280,125,Brno (CZE),False,1058,2,Brno,CZE,Czechia,Europe,638019.3811169043,True,True,,375,1.0,1.0,1.0,1.0,,current_530_certainty_v1,,,,Europe|P4,,,,,,4,Continental,26,True,High,0.915,N_polar,49.161575607579785,16.632619061288583,1556.5096387297308,,,,
00000000000000000dc3,00000000000000000dc3,376,376,,353,extension_280,126,Kandahar (AFG),False,1059,3,Kandahar,AFG,Afghanistan,Asia,637931.8886791468,True,True,,376,1.0,1.0,1.0,1.0,,current_530_certainty_v1,,,,Asia|P4,,,,,,4,Arid,6,True,Low,0.496,N_mid,31.615744289394392,65.73173294288264,164.6336649092805,,,,
00000000000000000df8,00000000000000000df8,377,377,,354,extension_280,127,Blida (DZA),False,1069,4,Blida,DZA,Algeria,Africa,627994.5920596123,True,True,,377,1.0,1.0,1.0,1.0,,current_530_certainty_v1,,,,Africa|P4,,,,,,4,Temperate,8,True,Middle,0.763,N_mid,36.493279306568624,2.799393138073908,333.2515227378901,,,,
000000000000000010da,000000000000000010da,378,378,,355,extension_280,128,Mokolo (CMR),False,1085,5,Mokolo,CMR,Cameroon,Africa,620687.3071289062,True,True,,378,1.0,1.0,1.0,1.0,,current_530_certainty_v1,,,,Africa|P4,,,,,,4,Tropical,3,True,Low,0.588,N_tropical,10.73770906201477,13.80884410898557,10.974819941767436,,,,
0000000000000000193c,0000000000000000193c,379,379,,356,extension_280,129,Pokhariya (NPL),False,1092,3,Pokhariya,NPL,Nepal,Asia,619031.2210540771,True,True,,379,1.0,1.0,1.0,1.0,,current_530_certainty_v1,,,,Asia|P4,,,,,,4,Temperate,11,True,Low,0.622,N_mid,27.0602093613443,84.8299335663899,245.4506000890296,,,,
00000000000000001cbb,00000000000000001cbb,380,380,,357,extension_280,130,Pointe-Noire (COG),False,1093,2,Pointe-Noire,COG,Congo Republic,Africa,618950.5191402435,True,True,,380,1.0,1.0,1.0,1.0,,current_530_certainty_v1,,,,Africa|P4,,,,,,4,Tropical,3,True,Low,0.649,S_tropical,-4.788254308866778,11.883039557904535,164.6328341643318,,,,
00000000000000000e49,00000000000000000e49,381,381,,359,extension_280,131,Huambo (AGO),False,1110,3,Huambo,AGO,Angola,Africa,613084.9291801453,True,True,,381,1.0,1.0,1.0,1.0,,current_530_certainty_v1,,,,Africa|P3,,,,,,3,Temperate,12,True,Low,0.616,S_tropical,-12.774753288590814,15.737467924513805,189.57734994827769,,,,
00000000000000000f33,00000000000000000f33,382,382,,360,extension_280,132,Porto-Novo (BEN),False,1113,2,Porto-Novo,BEN,Benin,Africa,612744.2221108675,True,True,,382,1.0,1.0,1.0,1.0,,current_530_certainty_v1,,,,Africa|P3,,,,,,3,Tropical,3,True,Low,0.515,N_tropical,6.514223071391058,2.622897390345712,171.61725771478453,,,,
00000000000000001fd5,00000000000000001fd5,383,383,,361,extension_280,133,Sfax (TUN),False,1117,2,Sfax,TUN,Tunisia,Africa,609876.8013482094,True,True,,383,1.0,1.0,1.0,1.0,,current_530_certainty_v1,,,,Africa|P3,,,,,,3,Arid,4,True,Middle,0.746,N_mid,34.76917358188582,10.725365933213189,354.20836859249357,,,,
00000000000000002321,00000000000000002321,384,384,,362,extension_280,134,Kitwe (ZMB),False,1145,2,Kitwe,ZMB,Zambia,Africa,594488.8763723373,True,True,,384,1.0,1.0,1.0,1.0,,current_530_certainty_v1,,,,Africa|P3,,,,,,3,Temperate,11,True,Low,0.595,S_tropical,-12.817175521138612,28.206037543566044,213.5208456446159,,,,
00000000000000001978,00000000000000001978,385,385,,363,extension_280,135,Tahoua (NER),False,1159,2,Tahoua,NER,Niger,Africa,587191.5346069336,True,True,,385,1.0,1.0,1.0,1.0,,current_530_certainty_v1,,,,Africa|P3,,,,,,3,Arid,4,True,Low,0.419,N_tropical,14.885294656774976,5.267532421603237,23.944369612229984,,,,
00000000000000001fd2,00000000000000001fd2,386,386,,364,extension_280,136,Sousse (TUN),False,1166,3,Sousse,TUN,Tunisia,Africa,583551.0216040611,True,True,,386,1.0,1.0,1.0,1.0,,current_530_certainty_v1,,,,Africa|P3,,,,,,3,Arid,6,True,Middle,0.746,N_mid,35.82929106500858,10.581068872189336,326.26878242397777,,,,
000000000000000022fb,000000000000000022fb,387,387,,366,extension_280,137,Hodeidah (YEM),False,1186,4,Hodeidah,YEM,Yemen,Asia,574600.3134508133,True,True,,387,1.0,1.0,1.0,1.0,,current_530_certainty_v1,,,,Asia|P3,,,,,,3,Arid,4,True,Low,0.47,N_tropical,14.7990476798851,42.965535419696344,98.77683749336389,,,,
00000000000000000e2f,00000000000000000e2f,388,388,,367,extension_280,138,Cabinda (AGO),False,1194,4,Cabinda,AGO,Angola,Africa,572414.8875732422,True,True,,388,1.0,1.0,1.0,1.0,,current_530_certainty_v1,,,,Africa|P3,,,,,,3,Tropical,3,True,Low,0.616,S_tropical,-5.588565900829107,12.221051346446483,167.6226169601727,,,,
00000000000000001987,00000000000000001987,389,389,,369,extension_280,139,Zinder (NER),False,1199,3,Zinder,NER,Niger,Africa,571754.3397903442,True,True,,389,1.0,1.0,1.0,1.0,,current_530_certainty_v1,,,,Africa|P3,,,,,,3,Arid,4,True,Low,0.419,N_tropical,13.807423763416642,8.984198532533386,55.87460971176571,,,,
00000000000000001f9e,00000000000000001f9e,390,390,,370,extension_280,140,Chonburi (THA),False,1203,3,Chonburi,THA,Thailand,Asia,570305.863874808,True,True,,390,1.0,1.0,1.0,1.0,,current_530_certainty_v1,,,,Asia|P3,,,,,,3,Tropical,3,True,High,0.798,N_tropical,13.359559992808432,101.00752318524952,500.8720989267632,,,,
0000000000000000197e,0000000000000000197e,391,391,,371,extension_280,141,Maradi (NER),False,1213,4,Maradi,NER,Niger,Africa,567038.0305156708,True,True,,391,1.0,1.0,1.0,1.0,,current_530_certainty_v1,,,,Africa|P3,,,,,,3,Arid,6,True,Low,0.419,N_tropical,13.518539859152298,7.110791068335763,108.75567866808852,,,,
000000000000000017ea,000000000000000017ea,392,392,,372,extension_280,142,Bouaké (CIV),False,1214,2,Bouaké,CIV,Côte d'Ivoire,Africa,566399.592785567,True,True,,392,1.0,1.0,1.0,1.0,,current_530_certainty_v1,,,,Africa|P3,,,,,,3,Tropical,3,True,Low,0.582,N_tropical,7.688041668483336,-5.033887685971019,279.3778793184435,,,,
00000000000000000f18,00000000000000000f18,393,393,,373,extension_280,143,Homel (BLR),False,1230,2,Homel,BLR,Belarus,Europe,559472.0150332861,True,True,,393,1.0,1.0,1.0,1.0,,current_530_certainty_v1,,,,Europe|P3,,,,,,3,Continental,26,True,High,0.824,N_polar,52.4575891085063,30.93545208776047,404.0963705200305,,,,
00000000000000001f91,00000000000000001f91,394,394,,374,extension_280,144,Phuket (THA),False,1233,4,Phuket,THA,Thailand,Asia,558315.7101430893,True,True,,394,1.0,1.0,1.0,1.0,,current_530_certainty_v1,,,,Asia|P3,,,,,,3,Tropical,2,True,High,0.798,N_tropical,7.896011614650735,98.35763500887236,283.3641794542082,,,,
000000000000000017d1,000000000000000017d1,395,395,,376,extension_280,145,Ostrava (CZE),False,1249,3,Ostrava,CZE,Czechia,Europe,550274.9471566845,True,True,,395,1.0,1.0,1.0,1.0,,current_530_certainty_v1,,,,Europe|P3,,,,,,3,Continental,26,True,High,0.915,N_polar,49.78477266769395,18.207949964406613,1040.667618647464,,,,
00000000000000001b43,00000000000000001b43,396,396,,377,extension_280,146,Seeb (OMN),False,1255,2,Seeb,OMN,Oman,Asia,546983.2922914922,True,True,,396,1.0,1.0,1.0,1.0,,current_530_certainty_v1,,,,Asia|P3,,,,,,3,Arid,4,True,High,0.858,N_mid,23.627261663725797,58.14247540560772,397.108492558118,,,,
00000000000000001f24,00000000000000001f24,397,397,,378,extension_280,147,Geneva (CHE),False,1265,2,Geneva,CHE,Switzerland,Europe,543996.6611672007,True,True,,397,1.0,1.0,1.0,1.0,,current_530_certainty_v1,,,,Europe|P3,,,,,,3,Temperate,15,True,High,0.97,N_polar,46.25963233176274,6.151512255745391,349.2161134211301,,,,
00000000000000000e28,00000000000000000e28,398,398,,379,extension_280,148,Annaba (DZA),False,1268,5,Annaba,DZA,Algeria,Africa,542882.0460114479,True,True,,398,1.0,1.0,1.0,1.0,,current_530_certainty_v1,,,,Africa|P3,,,,,,3,Temperate,8,True,Middle,0.763,N_mid,36.82602342671672,7.718479423670432,330.25630411241156,,,,
0000000000000000189a,0000000000000000189a,399,399,,380,extension_280,149,Cuenca (ECU),False,1289,3,Cuenca,ECU,Ecuador,America,533956.2297320366,True,True,,399,1.0,1.0,1.0,1.0,,current_530_certainty_v1,,,,America|P3,,,,,,3,Temperate,15,True,Middle,0.777,S_tropical,-2.8906068163955325,-78.97576018025723,393.12250507402155,,,,
00000000000000001dc5,00000000000000001dc5,400,400,,383,extension_280,150,MBour (SEN),False,1325,3,MBour,SEN,Senegal,Africa,521888.65036964417,True,True,,400,1.0,1.0,1.0,1.0,,current_530_certainty_v1,,,,Africa|P3,,,,,,3,Arid,6,True,Low,0.53,N_tropical,14.426751329209129,-16.980526674195907,138.69125800642735,,,,
000000000000000001bb,000000000000000001bb,401,401,,384,extension_280,151,Cobán (GTM),False,1334,2,Cobán,GTM,Guatemala,America,517497.752243042,True,True,,401,1.0,1.0,1.0,1.0,,current_530_certainty_v1,,,,America|P3,,,,,,3,Temperate,15,True,Low,0.662,N_tropical,15.46356976573502,-90.351286471028,108.75914083930846,,,,
00000000000000000bc8,00000000000000000bc8,402,402,,385,extension_280,152,Nakuru (KEN),False,1336,3,Nakuru,KEN,Kenya,Africa,516000.7472343445,True,True,,402,1.0,1.0,1.0,1.0,,current_530_certainty_v1,,,,Africa|P3,,,,,,3,Temperate,9,True,Low,0.628,S_tropical,-0.2701199879597514,36.11732726641422,177.60217609514552,,,,
00000000000000001c1c,00000000000000001c1c,403,403,,389,extension_280,153,Piura (PER),False,1368,5,Piura,PER,Peru,America,502494.9660644531,True,True,,403,1.0,1.0,1.0,1.0,,current_530_certainty_v1,,,,America|P3,,,,,,3,Arid,4,True,Middle,0.794,S_tropical,-5.222684520636288,-80.64125945059087,200.54877699098265,,,,
00000000000000000018,00000000000000000018,404,404,,390,extension_280,154,Bahir Dar (ETH),False,1374,2,Bahir Dar,ETH,Ethiopia,Africa,500990.7700595856,True,True,,404,1.0,1.0,1.0,1.0,,current_530_certainty_v1,,,,Africa|P3,,,,,,3,Tropical,3,True,Low,0.497,N_tropical,11.589397032540056,37.38134283233062,67.84650186276345,,,,
00000000000000001f2a,00000000000000001f2a,405,405,,392,extension_280,155,Basel (CHE),False,1395,3,Basel,CHE,Switzerland,Europe,495128.9944165647,True,True,,405,1.0,1.0,1.0,1.0,,current_530_certainty_v1,,,,Europe|P3,,,,,,3,Temperate,15,True,High,0.97,N_polar,47.4879476473572,7.692937963575569,552.7602242760537,,,,
00000000000000000dc2,00000000000000000dc2,406,406,,393,extension_280,156,Mazar i sharif (AFG),False,1425,4,Mazar i sharif,AFG,Afghanistan,Asia,485339.6848108769,True,True,,406,1.0,1.0,1.0,1.0,,current_530_certainty_v1,,,,Asia|P3,,,,,,3,Arid,6,True,Low,0.496,N_mid,36.71168922240672,67.10747450002282,95.78767359426512,,,,
00000000000000001c18,00000000000000001c18,407,407,,394,extension_280,157,Ciudad del Este (PRY),True,1439,2,Ciudad del Este,PRY,Paraguay,America,481343.934376359,True,True,,407,1.0,1.0,1.0,1.0,,current_530_certainty_v1,,,,America|P3,,,,,,3,Temperate,14,True,Middle,0.756,S_mid,-25.493291778765418,-54.68308867580521,261.4178582480708,,,,
00000000000000000dd1,00000000000000000dd1,408,408,,395,extension_280,158,Jalalabad (AFG),False,1443,5,Jalalabad,AFG,Afghanistan,Asia,480274.9453582764,True,True,,408,1.0,1.0,1.0,1.0,,current_530_certainty_v1,,,,Asia|P3,,,,,,3,Arid,4,True,Low,0.496,N_mid,34.427497219575926,70.45402455545567,160.63784891448643,,,,
000000000000000001a7,000000000000000001a7,409,409,,396,extension_280,159,Quetzaltenango (GTM),False,1448,3,Quetzaltenango,GTM,Guatemala,America,479097.60220479965,True,True,,409,1.0,1.0,1.0,1.0,,current_530_certainty_v1,,,,America|P3,,,,,,3,Temperate,12,True,Low,0.662,N_tropical,14.85251594924728,-91.5209952110026,298.3366517833016,,,,
00000000000000000e32,00000000000000000e32,410,410,,398,extension_280,160,Benguela (AGO),False,1451,5,Benguela,AGO,Angola,Africa,478714.99531936646,True,True,,410,1.0,1.0,1.0,1.0,,current_530_certainty_v1,,,,Africa|P3,,,,,,3,Arid,4,True,Low,0.616,S_tropical,-12.59845197543058,13.39069182188756,155.65614514747355,,,,
00000000000000002325,00000000000000002325,411,411,,399,extension_280,161,Ndola (ZMB),False,1452,3,Ndola,ZMB,Zambia,Africa,478706.59415340424,True,True,,411,1.0,1.0,1.0,1.0,,current_530_certainty_v1,,,,Africa|P3,,,,,,3,Temperate,11,True,Low,0.595,S_tropical,-12.985102707952295,28.63544067824535,162.63639801650845,,,,
000000000000000017c0,000000000000000017c0,412,412,,400,extension_280,162,Santiago de Cuba (CUB),False,1461,2,Santiago de Cuba,CUB,Cuba,America,474488.9144149944,True,True,,412,1.0,1.0,1.0,1.0,,current_530_certainty_v1,,,,America|P3,,,,,,3,Tropical,3,True,Middle,0.762,N_tropical,20.039274250516392,-75.82041823234161,201.55040429237096,,,,
00000000000000000ba6,00000000000000000ba6,413,413,,401,extension_280,163,Aktobe (KAZ),False,1468,4,Aktobe,KAZ,Kazakhstan,Asia,472321.72245532274,True,True,,413,1.0,1.0,1.0,1.0,,current_530_certainty_v1,,,,Asia|P3,,,,,,3,Arid,7,True,High,0.837,N_polar,50.29693982749083,57.23971840247751,286.3577548199655,,,,
00000000000000001874,00000000000000001874,414,414,,402,extension_280,164,Aarhus (DNK),False,1485,2,Aarhus,DNK,Denmark,Europe,466716.2571951896,True,True,,414,1.0,1.0,1.0,1.0,,current_530_certainty_v1,,,,Europe|P3,,,,,,3,Temperate,15,True,High,0.962,N_polar,56.20238121986654,10.01925116788876,1707.1760785894155,,,,
00000000000000002302,00000000000000002302,415,415,,403,extension_280,165,Ibb (YEM),False,1496,5,Ibb,YEM,Yemen,Asia,463620.7893371582,True,True,,415,1.0,1.0,1.0,1.0,,current_530_certainty_v1,,,,Asia|P3,,,,,,3,Arid,6,True,Low,0.47,N_tropical,13.95724336954678,44.16857456226347,41.905036178556394,,,,
0000000000000000008d,0000000000000000008d,416,416,,404,extension_280,166,Adama (ETH),False,1503,3,Adama,ETH,Ethiopia,Africa,460734.90756225586,True,True,,416,1.0,1.0,1.0,1.0,,current_530_certainty_v1,,,,Africa|P3,,,,,,3,Tropical,3,True,Low,0.497,N_tropical,8.530936019625766,39.27072877128654,116.73852417390898,,,,
00000000000000001f72,00000000000000001f72,417,417,,405,extension_280,167,Mbeya (TZA),False,1504,5,Mbeya,TZA,Tanzania,Africa,460695.6560306549,True,True,,417,1.0,1.0,1.0,1.0,,current_530_certainty_v1,,,,Africa|P3,,,,,,3,Temperate,12,True,Low,0.555,S_tropical,-8.910555745590198,33.49750912667553,169.6197242845778,,,,
00000000000000000bea,00000000000000000bea,418,418,,406,extension_280,168,Osh (KGZ),False,1510,2,Osh,KGZ,Kyrgyzstan,Asia,458838.50789642334,True,True,,418,1.0,1.0,1.0,1.0,,current_530_certainty_v1,,,,Asia|P3,,,,,,3,Arid,7,True,Middle,0.72,N_mid,40.52670876756339,72.8184036994862,177.60188434041865,,,,
00000000000000001ce1,00000000000000001ce1,419,419,,409,extension_280,169,Călărași (ROU),False,1538,2,Călărași,ROU,Romania,Europe,451698.6351732016,True,True,,419,1.0,1.0,1.0,1.0,,current_530_certainty_v1,,,,Europe|P3,,,,,,3,Arid,7,True,High,0.845,N_mid,44.20948225046606,27.343684489956207,193.56616132596787,,,,
00000000000000001dc6,00000000000000001dc6,420,420,,410,extension_280,170,Thiès (SEN),False,1548,4,Thiès,SEN,Senegal,Africa,447527.0118484497,True,True,,420,1.0,1.0,1.0,1.0,,current_530_certainty_v1,,,,Africa|P3,,,,,,3,Arid,6,True,Low,0.53,N_tropical,14.782538945120134,-16.921981628342248,81.81676179047439,,,,
00000000000000001f1b,00000000000000001f1b,421,421,,411,extension_280,171,Malmö (SWE),False,1557,3,Malmö,SWE,Sweden,Europe,444899.07749146223,True,True,,421,1.0,1.0,1.0,1.0,,current_530_certainty_v1,,,,Europe|P3,,,,,,3,Temperate,15,True,High,0.959,N_polar,55.50480984442176,13.08728868088122,714.3960299001784,,,,
00000000000000000eb7,00000000000000000eb7,422,422,,413,extension_280,172,Graz (AUT),False,1568,2,Graz,AUT,Austria,Europe,441137.8731768206,True,True,,422,1.0,1.0,1.0,1.0,,current_530_certainty_v1,,,,Europe|P3,,,,,,3,Continental,26,True,High,0.93,N_polar,47.04565716746875,15.449471558575992,975.8154661174016,,,,
00000000000000001f31,00000000000000001f31,423,423,,414,extension_280,173,Latakia (SYR),False,1572,4,Latakia,SYR,Syria,Asia,439288.260995388,True,True,,423,1.0,1.0,1.0,1.0,,current_530_certainty_v1,,,,Asia|P3,,,,,,3,Temperate,8,True,Low,0.564,N_mid,35.55887361128387,35.83632591037237,264.40755204638384,,,,
00000000000000001136,00000000000000001136,424,424,,415,extension_280,174,La Serena (CHL),False,1574,4,La Serena,CHL,Chile,America,437988.3167603016,True,True,,424,1.0,1.0,1.0,1.0,,current_530_certainty_v1,,,,America|P3,,,,,,3,Arid,5,True,High,0.878,S_mid,-29.96837506208961,-71.24801948862158,453.9847806267682,,,,
000000000000000000c0,000000000000000000c0,425,425,,416,extension_280,175,Dire Dawa (ETH),False,1586,4,Dire Dawa,ETH,Ethiopia,Africa,434472.2763404846,True,True,,425,1.0,1.0,1.0,1.0,,current_530_certainty_v1,,,,Africa|P3,,,,,,3,Arid,6,True,Low,0.497,N_tropical,9.599000742036496,41.85733470253828,41.90726813289965,,,,
00000000000000001dcf,00000000000000001dcf,426,426,,417,extension_280,176,Kaolack (SEN),False,1591,5,Kaolack,SEN,Senegal,Africa,433138.0013694763,True,True,,426,1.0,1.0,1.0,1.0,,current_530_certainty_v1,,,,Africa|P3,,,,,,3,Arid,6,True,Low,0.53,N_tropical,14.15458868345566,-16.07142285376531,67.8476172829543,,,,
00000000000000001f29,00000000000000001f29,427,427,,418,extension_280,177,Bern (CHE),False,1595,4,Bern,CHE,Switzerland,Europe,431996.1268606186,True,True,,427,1.0,1.0,1.0,1.0,,current_530_certainty_v1,,,,Europe|P3,,,,,,3,Temperate,15,True,High,0.97,N_polar,46.97062019586743,7.4360069074047725,835.1261225388937,,,,
00000000000000001f25,00000000000000001f25,428,428,,419,extension_280,178,Lausanne (CHE),False,1598,5,Lausanne,CHE,Switzerland,Europe,430839.04780614376,True,True,,428,1.0,1.0,1.0,1.0,,current_530_certainty_v1,,,,Europe|P3,,,,,,3,Temperate,15,True,High,0.97,N_polar,46.57328308584924,6.569887101306695,616.6183714879988,,,,
0000000000000000112e,0000000000000000112e,429,429,,420,extension_280,179,Abéché (TCD),False,1603,2,Abéché,TCD,Chad,Africa,429917.0837707519,True,True,,429,1.0,1.0,1.0,1.0,,current_530_certainty_v1,,,,Africa|P3,,,,,,3,Arid,4,True,Low,0.416,N_tropical,13.827726459869924,20.83500939509731,27.935869577973836,,,,
0000000000000000114a,0000000000000000114a,430,430,,421,extension_280,180,Temuco (CHL),False,1609,5,Temuco,CHL,Chile,America,427795.0446205139,True,True,,430,1.0,1.0,1.0,1.0,,current_530_certainty_v1,,,,America|P3,,,,,,3,Temperate,9,True,High,0.878,S_mid,-38.737204453134744,-72.60938557565201,269.3963105665643,,,,
0000000000000000195d,0000000000000000195d,431,431,,422,extension_280,181,Christchurch (NZL),False,1615,2,Christchurch,NZL,New Zealand,Oceania,423743.24228012934,True,True,,431,1.0,1.0,1.0,1.0,,current_530_certainty_v1,,,,Oceania|P3,,,,,,3,Temperate,15,True,High,0.938,S_mid,-43.54800388590843,172.52343696102105,1135.455014716005,,,,
00000000000000000bf8,00000000000000000bf8,432,432,,423,extension_280,182,Tripoli (LBN),True,1638,2,Tripoli,LBN,Lebanon,Asia,418941.68522751704,True,True,,432,1.0,1.0,1.0,1.0,,current_530_certainty_v1,,,,Asia|P3,,,,,,3,Temperate,8,True,Middle,0.752,N_mid,34.43105021299606,35.86306860392283,144.67763062584316,,,,
00000000000000000eb5,00000000000000000eb5,433,433,,424,extension_280,183,Linz (AUT),False,1643,3,Linz,AUT,Austria,Europe,417919.471336876,True,True,,433,1.0,1.0,1.0,1.0,,current_530_certainty_v1,,,,Europe|P3,,,,,,3,Temperate,15,True,High,0.93,N_polar,48.27753497665803,14.326396050602858,873.0406186848204,,,,
00000000000000001e03,00000000000000001e03,434,434,,425,extension_280,184,Baidoa (SOM),False,1644,3,Baidoa,SOM,Somalia,Africa,417203.2041931152,True,True,,434,1.0,1.0,1.0,1.0,,current_530_certainty_v1,,,,Africa|P3,,,,,,3,Arid,6,True,Low,0.404,N_tropical,3.114344852997432,43.652633551989304,15.965174565362185,,,,
00000000000000001c06,00000000000000001c06,435,435,,427,extension_280,185,Nuevo Arraiján (PAN),False,1671,2,Nuevo Arraiján,PAN,Panama,America,409362.85019756854,True,True,,435,1.0,1.0,1.0,1.0,,current_530_certainty_v1,,,,America|P2,,,,,,2,Tropical,3,True,High,0.839,N_tropical,8.887283429442792,-79.75748781934057,467.95529677577713,,,,
00000000000000000aea,00000000000000000aea,436,436,,428,extension_280,186,Netanya (ISR),False,1704,4,Netanya,ISR,Israel,Asia,403942.1920571327,True,True,,436,1.0,1.0,1.0,1.0,,current_530_certainty_v1,,,,Asia|P2,,,,,,2,Temperate,8,True,High,0.919,N_mid,32.34144744472542,34.91282574073507,284.36609071310863,,,,
00000000000000001e0d,00000000000000001e0d,437,437,,429,extension_280,187,Burao (SOM),False,1713,4,Burao,SOM,Somalia,Africa,401176.4913101196,True,True,,437,1.0,1.0,1.0,1.0,,current_530_certainty_v1,,,,Africa|P2,,,,,,2,Arid,4,True,Low,0.404,N_tropical,9.524197903961705,45.54245031813195,25.942574810335323,,,,
00000000000000001ec8,00000000000000001ec8,438,438,,431,extension_280,188,Matara (LKA),False,1723,3,Matara,LKA,Sri Lanka,Asia,398562.8116631508,True,True,,438,1.0,1.0,1.0,1.0,,current_530_certainty_v1,,,,Asia|P2,,,,,,2,Tropical,1,True,Middle,0.776,N_tropical,5.9763409420348355,80.51214337718896,324.27477147300885,,,,
0000000000000000017a,0000000000000000017a,439,439,,432,extension_280,189,Tamale (GHA),False,1734,4,Tamale,GHA,Ghana,Africa,395149.1144418717,True,True,,439,1.0,1.0,1.0,1.0,,current_530_certainty_v1,,,,Africa|P2,,,,,,2,Tropical,3,True,Low,0.628,N_tropical,9.419623677167428,-0.8489266833848721,124.72104189435524,,,,
0000000000000000006e,0000000000000000006e,440,440,,433,extension_280,190,Shashamane (ETH),False,1735,5,Shashamane,ETH,Ethiopia,Africa,394573.4723815918,True,True,,440,1.0,1.0,1.0,1.0,,current_530_certainty_v1,,,,Africa|P2,,,,,,2,Temperate,9,True,Low,0.497,N_tropical,7.20278744906376,38.60433977927423,68.84461329127609,,,,
00000000000000001b15,00000000000000001b15,441,441,,434,extension_280,191,Sariwŏn (PRK),False,1740,4,Sariwŏn,PRK,North Korea,Asia,393139.6569068432,True,True,,441,1.0,1.0,1.0,1.0,,current_530_certainty_v1,,,,Asia|P2,,,,,,2,Continental,21,False,Missing,,N_mid,38.519403360088155,125.75383337080834,61.860604016733134,,,,
00000000000000001fa8,00000000000000001fa8,442,442,,435,extension_280,192,Hat Yai (THA),False,1749,5,Hat Yai,THA,Thailand,Asia,391587.0380229792,True,True,,442,1.0,1.0,1.0,1.0,,current_530_certainty_v1,,,,Asia|P2,,,,,,2,Tropical,2,True,High,0.798,N_tropical,6.999537006324643,100.46479611999408,319.2855589151549,,,,
00000000000000000eba,00000000000000000eba,443,443,,436,extension_280,193,Ganja (AZE),False,1754,2,Ganja,AZE,Azerbaijan,Asia,389972.9712400437,True,True,,443,1.0,1.0,1.0,1.0,,current_530_certainty_v1,,,,Asia|P2,,,,,,2,Arid,7,True,Middle,0.789,N_mid,40.68785953831661,46.35471396005437,181.59227710936537,,,,
00000000000000000bc5,00000000000000000bc5,444,444,,437,extension_280,194,Eldoret (KEN),False,1755,4,Eldoret,KEN,Kenya,Africa,389378.273109436,True,True,,444,1.0,1.0,1.0,1.0,,current_530_certainty_v1,,,,Africa|P2,,,,,,2,Temperate,9,True,Low,0.628,N_tropical,0.5152181507713022,35.277396875779196,107.75787899907004,,,,
00000000000000000f15,00000000000000000f15,445,445,,438,extension_280,195,Vitebsk (BLR),False,1756,3,Vitebsk,BLR,Belarus,Europe,389203.66697978973,True,True,,445,1.0,1.0,1.0,1.0,,current_530_certainty_v1,,,,Europe|P2,,,,,,2,Continental,26,True,High,0.824,N_polar,55.207084504953286,30.1649475327676,335.2445425883078,,,,
00000000000000000d74,00000000000000000d74,446,446,,439,extension_280,196,Myitkyina (MMR),False,1765,3,Myitkyina,MMR,Myanmar,Asia,387492.25056159496,True,True,,446,1.0,1.0,1.0,1.0,,current_530_certainty_v1,,,,Asia|P2,,,,,,2,Tropical,3,True,Low,0.609,N_mid,25.38539889797435,97.4019072775024,194.56441061598903,,,,
00000000000000000f17,00000000000000000f17,447,447,,440,extension_280,197,Mahilyow (BLR),False,1783,4,Mahilyow,BLR,Belarus,Europe,383768.1867367029,True,True,,447,1.0,1.0,1.0,1.0,,current_530_certainty_v1,,,,Europe|P2,,,,,,2,Continental,26,True,High,0.824,N_polar,53.88738179286503,30.348536391315125,179.5966655029249,,,,
00000000000000000d4b,00000000000000000d4b,448,448,,442,extension_280,198,Milange (MOZ),False,1804,3,Milange,MOZ,Mozambique,Africa,380799.0861816406,True,True,,448,1.0,1.0,1.0,1.0,,current_530_certainty_v1,,,,Africa|P2,,,,,,2,Temperate,11,True,Low,0.493,S_tropical,-16.103109480558093,35.7706018914146,11.973383762393183,,,,
00000000000000000c10,00000000000000000c10,449,449,,443,extension_280,199,Kaunas (LTU),False,1807,2,Kaunas,LTU,Lithuania,Europe,380292.9996528104,True,True,,449,1.0,1.0,1.0,1.0,,current_530_certainty_v1,,,,Europe|P2,,,,,,2,Continental,26,True,High,0.895,N_polar,54.910071105145754,23.93530217918819,949.866643765885,,,,
00000000000000000db2,00000000000000000db2,450,450,,444,extension_280,200,Bago (MMR),False,1850,4,Bago,MMR,Myanmar,Asia,373905.3545401096,True,True,,450,1.0,1.0,1.0,1.0,,current_530_certainty_v1,,,,Asia|P2,,,,,,2,Tropical,2,True,Low,0.609,N_tropical,17.32795112195016,96.4836659806422,83.81286660440117,,,,
0000000000000000111e,0000000000000000111e,451,451,,445,extension_280,201,Moundou (TCD),False,1854,3,Moundou,TCD,Chad,Africa,373051.3693084717,True,True,,451,1.0,1.0,1.0,1.0,,current_530_certainty_v1,,,,Africa|P2,,,,,,2,Tropical,3,True,Low,0.416,N_tropical,8.565763855679002,16.067534230837648,39.91183215112124,,,,
00000000000000000bc2,00000000000000000bc2,452,452,,446,extension_280,202,Kisumu (KEN),False,1867,5,Kisumu,KEN,Kenya,Africa,369934.3011245727,True,True,,452,1.0,1.0,1.0,1.0,,current_530_certainty_v1,,,,Africa|P2,,,,,,2,Tropical,1,True,Low,0.628,S_tropical,-0.0799107200766218,34.763110595750746,133.70276690927903,,,,
00000000000000000f0c,00000000000000000f0c,453,453,,447,extension_280,203,Hrodna (BLR),False,1877,5,Hrodna,BLR,Belarus,Europe,367912.18195974827,True,True,,453,1.0,1.0,1.0,1.0,,current_530_certainty_v1,,,,Europe|P2,,,,,,2,Continental,26,True,High,0.824,N_polar,53.66366280453859,23.86938286874882,211.52816671815373,,,,
00000000000000001cce,00000000000000001cce,454,454,,448,extension_280,204,Cluj-Napoca (ROU),False,1886,3,Cluj-Napoca,ROU,Romania,Europe,366054.54108343413,True,True,,454,1.0,1.0,1.0,1.0,,current_530_certainty_v1,,,,Europe|P2,,,,,,2,Continental,26,True,High,0.845,N_polar,46.78205184297813,23.603847667471157,834.1389895532974,,,,
0000000000000000189d,0000000000000000189d,455,455,,450,extension_280,205,Ambato (ECU),False,1893,4,Ambato,ECU,Ecuador,America,365152.9779214859,True,True,,455,1.0,1.0,1.0,1.0,,current_530_certainty_v1,,,,America|P2,,,,,,2,Temperate,15,True,Middle,0.777,S_tropical,-1.2689783278846214,-78.60711622089481,253.432443793244,,,,
00000000000000001de2,00000000000000001de2,456,456,,451,extension_280,206,Novi Sad (SRB),False,1899,2,Novi Sad,SRB,Serbia,Europe,364065.3289047964,True,True,,456,1.0,1.0,1.0,1.0,,current_530_certainty_v1,,,,Europe|P2,,,,,,2,Temperate,14,True,High,0.833,N_polar,45.27721527067476,19.833858869671992,414.0724353022607,,,,
00000000000000001080,00000000000000001080,457,457,,452,extension_280,207,Plovdiv (BGR),False,1907,2,Plovdiv,BGR,Bulgaria,Europe,362344.6335886717,True,True,,457,1.0,1.0,1.0,1.0,,current_530_certainty_v1,,,,Europe|P2,,,,,,2,Temperate,14,True,High,0.845,N_mid,42.139164326993466,24.74317637819099,261.4148400807505,,,,
0000000000000000195e,0000000000000000195e,458,458,,453,extension_280,208,Wellington (NZL),False,1924,3,Wellington,NZL,New Zealand,Oceania,359654.6790384874,True,True,,458,1.0,1.0,1.0,1.0,,current_530_certainty_v1,,,,Oceania|P2,,,,,,2,Temperate,15,True,High,0.938,S_mid,-41.21969983868362,174.86277744453062,453.98560105966385,,,,
00000000000000001084,00000000000000001084,459,459,,454,extension_280,209,Varna (BGR),False,1928,3,Varna,BGR,Bulgaria,Europe,359125.8574249223,True,True,,459,1.0,1.0,1.0,1.0,,current_530_certainty_v1,,,,Europe|P2,,,,,,2,Temperate,14,True,High,0.845,N_mid,43.242596817905095,27.89245893311517,382.14810111476817,,,,
00000000000000001cc8,00000000000000001cc8,460,460,,455,extension_280,210,Timișoara (ROU),False,1930,4,Timișoara,ROU,Romania,Europe,358871.395971369,True,True,,460,1.0,1.0,1.0,1.0,,current_530_certainty_v1,,,,Europe|P2,,,,,,2,Temperate,14,True,High,0.845,N_polar,45.75427355574323,21.246607135803085,655.5341769280982,,,,
00000000000000000c06,00000000000000000c06,461,461,,456,extension_280,211,Misrata (LBY),False,1957,3,Misrata,LBY,Libya,Africa,354827.27272582054,True,True,,461,1.0,1.0,1.0,1.0,,current_530_certainty_v1,,,,Africa|P2,,,,,,2,Arid,6,True,Middle,0.721,N_mid,32.35478457290827,15.067780281531366,353.2138506736538,,,,
00000000000000001e7d,00000000000000001e7d,462,462,,457,extension_280,212,Nimule (SSD),False,1958,2,Nimule,SSD,South Sudan,Africa,354762.53076171875,True,True,,462,1.0,1.0,1.0,1.0,,current_530_certainty_v1,,,,Africa|P2,,,,,,2,Tropical,3,True,Low,0.388,N_tropical,3.593853507110171,32.06382543645281,7.982162426111001,,,,
00000000000000001970,00000000000000001970,463,463,,458,extension_280,213,Téra (NER),False,1960,5,Téra,NER,Niger,Africa,354162.212890625,True,True,,463,1.0,1.0,1.0,1.0,,current_530_certainty_v1,,,,Africa|P2,,,,,,2,Arid,6,True,Low,0.419,N_tropical,14.006137548268129,0.7522418152804848,5.98693084038382,,,,
00000000000000001933,00000000000000001933,464,464,,459,extension_280,214,Myeik (MMR),False,1974,5,Myeik,MMR,Myanmar,Asia,351844.21534729004,True,True,,464,1.0,1.0,1.0,1.0,,current_530_certainty_v1,,,,Asia|P2,,,,,,2,Tropical,2,True,Low,0.609,N_tropical,12.441487439203,98.60910743370884,31.92938543015147,,,,
00000000000000001b3a,00000000000000001b3a,465,465,,460,extension_280,215,Bergen (NOR),False,1978,2,Bergen,NOR,Norway,Europe,351358.52104127407,True,True,,465,1.0,1.0,1.0,1.0,,current_530_certainty_v1,,,,Europe|P2,,,,,,2,Temperate,15,True,High,0.97,N_polar,60.37517220574081,5.283638982360937,844.1114713151202,,,,
00000000000000001116,00000000000000001116,466,466,,461,extension_280,216,Pala (TCD),False,1987,4,Pala,TCD,Chad,Africa,350298.80908203125,True,True,,466,1.0,1.0,1.0,1.0,,current_530_certainty_v1,,,,Africa|P2,,,,,,2,Tropical,3,True,Low,0.416,N_tropical,9.363091376256692,14.913867174138543,8.979304876086932,,,,
00000000000000001ce5,00000000000000001ce5,467,467,,462,extension_280,217,Constanța (ROU),False,2012,5,Constanța,ROU,Romania,Europe,346548.96337753534,True,True,,467,1.0,1.0,1.0,1.0,,current_530_certainty_v1,,,,Europe|P2,,,,,,2,Arid,7,True,High,0.845,N_mid,44.18053425351729,28.582760768005965,417.07274250366,,,,
000000000000000017be,000000000000000017be,468,468,,463,extension_280,218,Holguín (CUB),False,2018,3,Holguín,CUB,Cuba,America,345235.22027015686,True,True,,468,1.0,1.0,1.0,1.0,,current_530_certainty_v1,,,,America|P2,,,,,,2,Tropical,3,True,Middle,0.762,N_tropical,20.87480091891148,-76.2610834392614,150.66157650215885,,,,
00000000000000001ec5,00000000000000001ec5,469,469,,464,extension_280,219,Galle (LKA),False,2019,4,Galle,LKA,Sri Lanka,Asia,344969.41781806946,True,True,,469,1.0,1.0,1.0,1.0,,current_530_certainty_v1,,,,Asia|P2,,,,,,2,Tropical,1,True,Middle,0.776,N_tropical,6.064576786110508,80.22736724015644,228.49215200328115,,,,
000000000000000000ce,000000000000000000ce,470,470,,465,extension_280,220,Tampere (FIN),False,2045,2,Tampere,FIN,Finland,Europe,341850.1948519647,True,True,,470,1.0,1.0,1.0,1.0,,current_530_certainty_v1,,,,Europe|P2,,,,,,2,Continental,26,True,High,0.948,N_polar,61.45145758777601,23.768050005206543,1041.6662287176107,,,,
00000000000000000d45,00000000000000000d45,471,471,,466,extension_280,221,Beira (MOZ),False,2051,4,Beira,MOZ,Mozambique,Africa,340491.7024707794,True,True,,471,1.0,1.0,1.0,1.0,,current_530_certainty_v1,,,,Africa|P2,,,,,,2,Tropical,3,True,Low,0.493,S_tropical,-19.82943474688098,34.85838691194711,38.91164007880638,,,,
00000000000000000c01,00000000000000000c01,472,472,,467,extension_280,222,Al Zawiyah (LBY),False,2062,4,Al Zawiyah,LBY,Libya,Africa,338238.8948254585,True,True,,472,1.0,1.0,1.0,1.0,,current_530_certainty_v1,,,,Africa|P2,,,,,,2,Arid,6,True,Middle,0.721,N_mid,32.74812112912456,12.66684106426854,319.2926833737425,,,,
00000000000000000d3d,00000000000000000d3d,473,473,,468,extension_280,223,Chimoio (MOZ),False,2063,5,Chimoio,MOZ,Mozambique,Africa,338238.09282302856,True,True,,473,1.0,1.0,1.0,1.0,,current_530_certainty_v1,,,,Africa|P2,,,,,,2,Temperate,11,True,Low,0.493,S_tropical,-19.11339669305674,33.477068098125116,77.82449935018613,,,,
00000000000000000ae7,00000000000000000ae7,474,474,,469,extension_280,224,Ashdod (ISR),False,2064,5,Ashdod,ISR,Israel,Asia,338116.1683959961,True,True,,474,1.0,1.0,1.0,1.0,,current_530_certainty_v1,,,,Asia|P2,,,,,,2,Temperate,8,True,High,0.919,N_mid,31.796471224512945,34.70103772117723,220.5077305124552,,,,
00000000000000001b32,00000000000000001b32,475,475,,470,extension_280,225,Wonsan (PRK),False,2082,5,Wonsan,PRK,North Korea,Asia,335509.54763793945,True,True,,475,1.0,1.0,1.0,1.0,,current_530_certainty_v1,,,,Asia|P2,,,,,,2,Continental,21,False,Missing,,N_mid,39.15103394941094,127.43497603451654,55.87239170854345,,,,
00000000000000001128,00000000000000001128,476,476,,471,extension_280,226,Sarh (TCD),False,2097,5,Sarh,TCD,Chad,Africa,332950.755569458,True,True,,476,1.0,1.0,1.0,1.0,,current_530_certainty_v1,,,,Africa|P2,,,,,,2,Tropical,3,True,Low,0.416,N_tropical,9.145070476792256,18.378317430946485,34.920172823187464,,,,
00000000000000000bb1,00000000000000000bb1,477,477,,472,extension_280,227,Karaganda (KAZ),False,2112,5,Karaganda,KAZ,Kazakhstan,Asia,329967.90164124966,True,True,,477,1.0,1.0,1.0,1.0,,current_530_certainty_v1,,,,Asia|P2,,,,,,2,Arid,7,True,High,0.837,N_polar,49.821919665943305,73.10870673909045,292.34238208667006,,,,
00000000000000001f57,00000000000000001f57,478,478,,473,extension_280,228,Khujand (TJK),False,2122,2,Khujand,TJK,Tajikistan,Asia,328754.3586947974,True,True,,478,1.0,1.0,1.0,1.0,,current_530_certainty_v1,,,,Asia|P2,,,,,,2,Arid,5,True,Low,0.691,N_mid,40.25962034347383,69.66678183328649,181.59091965552315,,,,
00000000000000000ae4,00000000000000000ae4,479,479,,475,extension_280,229,Cork (IRL),False,2158,2,Cork,IRL,Ireland,Europe,323599.80788365006,True,True,,479,1.0,1.0,1.0,1.0,,current_530_certainty_v1,,,,Europe|P2,,,,,,2,Temperate,15,True,High,0.949,N_polar,51.88974235376876,-8.438401267487752,1210.2908478356323,,,,
00000000000000000209,00000000000000000209,480,480,,476,extension_280,230,Debrecen (HUN),False,2162,2,Debrecen,HUN,Hungary,Europe,322962.6958597526,True,True,,480,1.0,1.0,1.0,1.0,,current_530_certainty_v1,,,,Europe|P2,,,,,,2,Continental,25,True,High,0.87,N_polar,47.559699750571625,21.628035683124455,855.0879942367486,,,,
00000000000000001888,00000000000000001888,481,481,,477,extension_280,231,Manta (ECU),False,2163,5,Manta,ECU,Ecuador,America,322824.53757995367,True,True,,481,1.0,1.0,1.0,1.0,,current_530_certainty_v1,,,,America|P2,,,,,,2,Arid,4,True,Middle,0.777,S_tropical,-0.996850670834768,-80.68712152544421,246.44650256513555,,,,
00000000000000002328,00000000000000002328,482,482,,478,extension_280,232,Mansa (ZMB),False,2170,4,Mansa,ZMB,Zambia,Africa,321829.3963470459,True,True,,482,1.0,1.0,1.0,1.0,,current_530_certainty_v1,,,,Africa|P2,,,,,,2,Tropical,3,True,Low,0.595,S_tropical,-11.187819654388417,28.89066406616113,71.84103907463198,,,,
00000000000000001f39,00000000000000001f39,483,483,,479,extension_280,233,Hama (SYR),False,2184,5,Hama,SYR,Syria,Asia,319015.2948807478,True,True,,483,1.0,1.0,1.0,1.0,,current_530_certainty_v1,,,,Asia|P2,,,,,,2,Arid,6,True,Low,0.564,N_mid,35.12925667719391,36.76025717810927,213.522567771866,,,,
00000000000000001e7f,00000000000000001e7f,484,484,,480,extension_280,234,Torit (SSD),False,2193,3,Torit,SSD,South Sudan,Africa,317963.4294433594,True,True,,484,1.0,1.0,1.0,1.0,,current_530_certainty_v1,,,,Africa|P2,,,,,,2,Tropical,3,True,Low,0.388,N_tropical,4.40972349279233,32.57342680310287,14.96655013900596,,,,
000000000000000017c7,000000000000000017c7,485,485,,481,extension_280,235,Pilsen (CZE),False,2235,4,Pilsen,CZE,Czechia,Europe,311181.289321898,True,True,,485,1.0,1.0,1.0,1.0,,current_530_certainty_v1,,,,Europe|P1,,,,,,1,Continental,26,True,High,0.915,N_polar,49.71082166035339,13.37748692568444,1023.7126823201596,,,,
000000000000000010b8,000000000000000010b8,486,486,,482,extension_280,236,Siem Reap (KHM),False,2270,2,Siem Reap,KHM,Cambodia,Asia,306917.6621479988,True,True,,486,1.0,1.0,1.0,1.0,,current_530_certainty_v1,,,,Asia|P1,,,,,,1,Tropical,3,True,Low,0.606,N_tropical,13.360153325303044,103.87015189307316,138.68806866017502,,,,
00000000000000001cc2,00000000000000001cc2,487,487,,483,extension_280,237,Impfondo (COG),False,2275,3,Impfondo,COG,Congo Republic,Africa,306360.88565063477,True,True,,487,1.0,1.0,1.0,1.0,,current_530_certainty_v1,,,,Africa|P1,,,,,,1,Tropical,2,True,Low,0.649,N_tropical,1.6062943906648182,18.059161387112795,19.95502074982548,,,,
000000000000000018f4,000000000000000018f4,488,488,,485,extension_280,238,Santa Ana (SLV),False,2304,2,Santa Ana,SLV,El Salvador,America,302076.908185482,True,True,,488,1.0,1.0,1.0,1.0,,current_530_certainty_v1,,,,America|P1,,,,,,1,Tropical,3,True,Low,0.678,N_tropical,13.972036124754815,-89.55298376553058,244.45065348371725,,,,
000000000000000001e3,000000000000000001e3,489,489,,486,extension_280,239,Gonaïves (HTI),False,2306,2,Gonaïves,HTI,Haiti,America,301782.2694568634,True,True,,489,1.0,1.0,1.0,1.0,,current_530_certainty_v1,,,,America|P1,,,,,,1,Tropical,3,True,Low,0.554,N_tropical,19.461526748587683,-72.66752508233542,71.83973636078522,,,,
00000000000000001dfd,00000000000000001dfd,490,490,,487,extension_280,240,Košice (SVK),False,2318,2,Košice,SVK,Slovakia,Europe,300284.0811480824,True,True,,490,1.0,1.0,1.0,1.0,,current_530_certainty_v1,,,,Europe|P1,,,,,,1,Continental,26,True,High,0.88,N_polar,48.69452796795492,21.272992799524715,553.7570367967678,,,,
00000000000000000bf5,00000000000000000bf5,491,491,,488,extension_280,241,Saida (LBN),False,2337,3,Saida,LBN,Lebanon,Asia,297226.57895565033,True,True,,491,1.0,1.0,1.0,1.0,,current_530_certainty_v1,,,,Asia|P1,,,,,,1,Temperate,8,True,Middle,0.752,N_mid,33.53257133014538,35.37833965599872,149.66061523371815,,,,
00000000000000001c00,00000000000000001c00,492,492,,489,extension_280,242,Hebron (PSE),False,2344,3,Hebron,PSE,Palestine,Asia,295898.61811333895,True,True,,492,1.0,1.0,1.0,1.0,,current_530_certainty_v1,,,,Asia|P1,,,,,,1,Temperate,8,True,Low,0.674,N_mid,31.53680146203535,35.080414856715535,160.63783250239229,,,,
000000000000000018f2,000000000000000018f2,493,493,,490,extension_280,243,Sonsonate (SLV),False,2346,3,Sonsonate,SLV,El Salvador,America,295631.56992423534,True,True,,493,1.0,1.0,1.0,1.0,,current_530_certainty_v1,,,,America|P1,,,,,,1,Tropical,3,True,Low,0.678,N_tropical,13.735090503869252,-89.71544597250008,252.43876005632015,,,,
000000000000000000cc,000000000000000000cc,494,494,,491,extension_280,244,Turku (FIN),False,2360,3,Turku,FIN,Finland,Europe,293765.52785634995,True,True,,494,1.0,1.0,1.0,1.0,,current_530_certainty_v1,,,,Europe|P1,,,,,,1,Continental,26,True,High,0.948,N_polar,60.48574667953813,22.296788811993693,727.3705445722103,,,,
0000000000000000193a,0000000000000000193a,495,495,,492,extension_280,245,Pokhara (NPL),False,2376,4,Pokhara,NPL,Nepal,Asia,291601.30578136444,True,True,,495,1.0,1.0,1.0,1.0,,current_530_certainty_v1,,,,Asia|P1,,,,,,1,Temperate,11,True,Low,0.622,N_mid,28.21438973989351,83.98500302567456,99.77530532982236,,,,
000000000000000017b8,000000000000000017b8,496,496,,494,extension_280,246,Camagüey (CUB),False,2385,4,Camagüey,CUB,Cuba,America,290663.19528102875,True,True,,496,1.0,1.0,1.0,1.0,,current_530_certainty_v1,,,,America|P1,,,,,,1,Tropical,3,True,Middle,0.762,N_tropical,21.374180131665792,-77.90998472572414,154.65470867398022,,,,
000000000000000017af,000000000000000017af,497,497,,495,extension_280,247,Split (HRV),False,2399,2,Split,HRV,Croatia,Europe,289206.82669121027,True,True,,497,1.0,1.0,1.0,1.0,,current_530_certainty_v1,,,,Europe|P1,,,,,,1,Temperate,8,True,High,0.889,N_mid,43.534935238752055,16.475133674194378,433.02709301409294,,,,
00000000000000000f3c,00000000000000000f3c,498,498,,497,extension_280,248,Oruro (BOL),False,2412,4,Oruro,BOL,Bolivia,America,287619.2755460739,True,True,,498,1.0,1.0,1.0,1.0,,current_530_certainty_v1,,,,America|P1,,,,,,1,Arid,7,True,Middle,0.733,S_tropical,-17.966623358093695,-67.09957005090189,104.76635481847616,,,,
000000000000000017dc,000000000000000017dc,499,499,,498,extension_280,249,Daloa (CIV),False,2438,3,Daloa,CIV,Côte d'Ivoire,Africa,284691.2528772354,True,True,,499,1.0,1.0,1.0,1.0,,current_530_certainty_v1,,,,Africa|P1,,,,,,1,Tropical,3,True,Low,0.582,N_tropical,6.8780684344550655,-6.444827627962722,96.78507390418122,,,,
00000000000000001875,00000000000000001875,500,500,,499,extension_280,250,Odense (DNK),False,2441,3,Odense,DNK,Denmark,Europe,284640.0384714734,True,True,,500,1.0,1.0,1.0,1.0,,current_530_certainty_v1,,,,Europe|P1,,,,,,1,Temperate,15,True,High,0.962,N_polar,55.36187839726002,10.433334022183717,1033.6921644227104,,,,
00000000000000000cf8,00000000000000000cf8,501,501,,500,extension_280,251,Tiraspol (MDA),False,2451,2,Tiraspol,MDA,Moldova,Europe,283815.67899134755,True,True,,501,1.0,1.0,1.0,1.0,,current_530_certainty_v1,,,,Europe|P1,,,,,,1,Continental,25,True,Middle,0.785,N_polar,46.84743688480798,29.562290691124968,308.30876894824337,,,,
00000000000000001ec2,00000000000000001ec2,502,502,,501,extension_280,252,Jaffna (LKA),False,2456,5,Jaffna,LKA,Sri Lanka,Asia,282941.86936855316,True,True,,502,1.0,1.0,1.0,1.0,,current_530_certainty_v1,,,,Asia|P1,,,,,,1,Tropical,3,True,Middle,0.776,N_tropical,9.711629812118533,80.03691484952338,181.59620934527857,,,,
000000000000000001ec,000000000000000001ec,503,503,,502,extension_280,253,Cap-Haitien (HTI),False,2466,3,Cap-Haitien,HTI,Haiti,America,281709.639339447,True,True,,503,1.0,1.0,1.0,1.0,,current_530_certainty_v1,,,,America|P1,,,,,,1,Tropical,1,True,Low,0.554,N_tropical,19.732375553447365,-72.20778659920074,62.85915999398265,,,,
0000000000000000206d,0000000000000000206d,504,504,,503,extension_280,254,Jinja (UGA),False,2490,2,Jinja,UGA,Uganda,Africa,278738.3212547302,True,True,,504,1.0,1.0,1.0,1.0,,current_530_certainty_v1,,,,Africa|P1,,,,,,1,Tropical,1,True,Low,0.582,N_tropical,0.4480835168715941,33.20670937226965,102.77085622824508,,,,
00000000000000001df3,00000000000000001df3,505,505,,504,extension_280,255,Bo (SLE),False,2499,2,Bo,SLE,Sierra Leone,Africa,277821.2707710266,True,True,,505,1.0,1.0,1.0,1.0,,current_530_certainty_v1,,,,Africa|P1,,,,,,1,Tropical,2,True,Low,0.467,N_tropical,7.9527967217807,-11.736100488196309,66.85241311510654,,,,
0000000000000000232e,0000000000000000232e,506,506,,505,extension_280,256,Kasama (ZMB),False,2521,5,Kasama,ZMB,Zambia,Africa,275250.2340091467,True,True,,506,1.0,1.0,1.0,1.0,,current_530_certainty_v1,,,,Africa|P1,,,,,,1,Tropical,3,True,Low,0.595,S_tropical,-10.22491929800621,31.193042590006716,53.88129395100761,,,,
000000000000000017c8,000000000000000017c8,507,507,,506,extension_280,257,Ústí nad Labem (CZE),False,2532,5,Ústí nad Labem,CZE,Czechia,Europe,274487.5091816038,True,True,,507,1.0,1.0,1.0,1.0,,current_530_certainty_v1,,,,Europe|P1,,,,,,1,Continental,26,True,High,0.915,N_polar,50.66265961576837,14.003587476561163,603.6499510741836,,,,
000000000000000001b3,000000000000000001b3,508,508,,507,extension_280,258,Chimaltenango (GTM),False,2533,4,Chimaltenango,GTM,Guatemala,America,274465.68277192116,True,True,,508,1.0,1.0,1.0,1.0,,current_530_certainty_v1,,,,America|P1,,,,,,1,Temperate,12,True,Low,0.662,N_tropical,14.658480543055555,-90.81947889769418,185.58304505986823,,,,
000000000000000017e3,000000000000000017e3,509,509,,508,extension_280,259,Korhogo (CIV),False,2539,4,Korhogo,CIV,Côte d'Ivoire,Africa,273926.76987051964,True,True,,509,1.0,1.0,1.0,1.0,,current_530_certainty_v1,,,,Africa|P1,,,,,,1,Tropical,3,True,Low,0.582,N_tropical,9.437845621320449,-5.618511579732337,114.74370485277151,,,,
00000000000000000f40,00000000000000000f40,510,510,,509,extension_280,260,Sucre (BOL),False,2546,5,Sucre,BOL,Bolivia,America,273150.9104728699,True,True,,510,1.0,1.0,1.0,1.0,,current_530_certainty_v1,,,,America|P1,,,,,,1,Temperate,12,True,Middle,0.733,S_tropical,-19.032793374660216,-65.2647861293877,52.87981445107601,,,,
00000000000000000f32,00000000000000000f32,511,511,,510,extension_280,261,Parakou (BEN),False,2549,3,Parakou,BEN,Benin,Africa,272532.91767787933,True,True,,511,1.0,1.0,1.0,1.0,,current_530_certainty_v1,,,,Africa|P1,,,,,,1,Tropical,3,True,Low,0.515,N_tropical,9.346433617593028,2.612221434177549,103.76591489283516,,,,
00000000000000001b3b,00000000000000001b3b,512,512,,512,extension_280,262,Stavanger (NOR),False,2565,3,Stavanger,NOR,Norway,Europe,270813.94687631726,True,True,,512,1.0,1.0,1.0,1.0,,current_530_certainty_v1,,,,Europe|P1,,,,,,1,Temperate,15,True,High,0.97,N_polar,58.882745949124704,5.709224701793627,521.830556832904,,,,
00000000000000000c51,00000000000000000c51,513,513,,513,extension_280,263,Sikasso (MLI),False,2581,2,Sikasso,MLI,Mali,Africa,269068.8215007782,True,True,,513,1.0,1.0,1.0,1.0,,current_530_certainty_v1,,,,Africa|P1,,,,,,1,Tropical,3,True,Low,0.419,N_tropical,11.318087873254818,-5.675329943049615,80.81995993789923,,,,
000000000000000020bf,000000000000000020bf,514,514,,514,extension_280,264,Ras Al Khaimah (ARE),False,2592,4,Ras Al Khaimah,ARE,United Arab Emirates,Asia,267308.1714539528,True,True,,514,1.0,1.0,1.0,1.0,,current_530_certainty_v1,,,,Asia|P1,,,,,,1,Arid,4,True,High,0.94,N_mid,25.77102526837088,55.96408226058016,241.4596724563982,,,,
00000000000000001e02,00000000000000001e02,515,515,,515,extension_280,265,Borama (SOM),False,2599,5,Borama,SOM,Somalia,Africa,266496.1239013672,True,True,,515,1.0,1.0,1.0,1.0,,current_530_certainty_v1,,,,Africa|P1,,,,,,1,Arid,6,True,Low,0.404,N_tropical,9.934585117301657,43.1824399414767,9.97773450697724,,,,
00000000000000000c03,00000000000000000c03,516,516,,516,extension_280,266,Qabilat alturki (LBY),False,2608,5,Qabilat alturki,LBY,Libya,Africa,265398.8494582176,True,True,,516,1.0,1.0,1.0,1.0,,current_530_certainty_v1,,,,Africa|P1,,,,,,1,Arid,6,True,Middle,0.721,N_mid,32.585353086276506,14.3305038168631,206.53414202479303,,,,
00000000000000000207,00000000000000000207,517,517,,517,extension_280,267,Miskolc (HUN),False,2615,3,Miskolc,HUN,Hungary,Europe,264875.9182468697,True,True,,517,1.0,1.0,1.0,1.0,,current_530_certainty_v1,,,,Europe|P1,,,,,,1,Continental,26,True,High,0.87,N_polar,48.10553673374142,20.813330623694736,716.3966758927944,,,,
00000000000000000f2a,00000000000000000f2a,518,518,,518,extension_280,268,Bohicon (BEN),False,2630,4,Bohicon,BEN,Benin,Africa,263892.9918746948,True,True,,518,1.0,1.0,1.0,1.0,,current_530_certainty_v1,,,,Africa|P1,,,,,,1,Tropical,3,True,Low,0.515,N_tropical,7.17828641850144,2.0426548090107612,130.70708709892588,,,,
00000000000000001e78,00000000000000001e78,519,519,,519,extension_280,269,Yei (SSD),False,2643,4,Yei,SSD,South Sudan,Africa,262688.0993347168,True,True,,519,1.0,1.0,1.0,1.0,,current_530_certainty_v1,,,,Africa|P1,,,,,,1,Tropical,3,True,Low,0.388,N_tropical,4.0891128470459615,30.670975654936953,44.89906719729984,,,,
000000000000000018fb,000000000000000018fb,520,520,,520,extension_280,270,Teseney (ERI),False,2651,2,Teseney,ERI,Eritrea,Africa,261925.98852539065,True,True,,520,1.0,1.0,1.0,1.0,,current_530_certainty_v1,,,,Africa|P1,,,,,,1,Arid,4,True,Low,0.503,N_tropical,15.105602651998566,36.66096314895728,12.971352837274116,,,,
00000000000000001900,00000000000000001900,521,521,,521,extension_280,271,دقمحري Dekemhare (ERI),False,2654,3,دقمحري Dekemhare,ERI,Eritrea,Africa,261228.1583251953,True,True,,521,1.0,1.0,1.0,1.0,,current_530_certainty_v1,,,,Africa|P1,,,,,,1,Arid,6,True,Low,0.503,N_tropical,15.067484059941286,39.04517866572561,10.975864889264496,,,,
00000000000000000eb4,00000000000000000eb4,522,522,,522,extension_280,272,Salzburg (AUT),False,2655,4,Salzburg,AUT,Austria,Europe,261062.84526789188,True,True,,522,1.0,1.0,1.0,1.0,,current_530_certainty_v1,,,,Europe|P1,,,,,,1,Continental,26,True,High,0.93,N_polar,47.79681630136445,13.085127575676774,367.1732939008232,,,,
00000000000000001fd1,00000000000000001fd1,523,523,,523,extension_280,273,Hammamet (TUN),False,2657,4,Hammamet,TUN,Tunisia,Africa,260824.8958301544,True,True,,523,1.0,1.0,1.0,1.0,,current_530_certainty_v1,,,,Africa|P1,,,,,,1,Arid,6,True,Middle,0.746,N_mid,36.44045296014747,10.662871416404922,207.53163142608895,,,,
000000000000000001d5,000000000000000001d5,524,524,,524,extension_280,274,Kankan (GIN),False,2660,2,Kankan,GIN,Guinea,Africa,260733.93364048004,True,True,,524,1.0,1.0,1.0,1.0,,current_530_certainty_v1,,,,Africa|P1,,,,,,1,Tropical,3,True,Low,0.5,N_tropical,10.366461455967906,-9.30328750609244,70.84217776336683,,,,
000000000000000001d7,000000000000000001d7,525,525,,525,extension_280,275,Nzérékoré (GIN),False,2682,3,Nzérékoré,GIN,Guinea,Africa,257549.5056881905,True,True,,525,1.0,1.0,1.0,1.0,,current_530_certainty_v1,,,,Africa|P1,,,,,,1,Tropical,3,True,Low,0.5,N_tropical,7.760286020532545,-8.810622611763716,75.83386350683816,,,,
00000000000000001cb5,00000000000000001cb5,526,526,,526,extension_280,276,Braga (PRT),False,2701,3,Braga,PRT,Portugal,Europe,255656.2068738639,True,True,,526,1.0,1.0,1.0,1.0,,current_530_certainty_v1,,,,Europe|P1,,,,,,1,Temperate,9,True,High,0.89,N_mid,41.53047552999059,-8.445921532743489,352.20710429008585,,,,
00000000000000001885,00000000000000001885,527,527,,527,extension_280,277,La Romana (DOM),False,2704,3,La Romana,DOM,Dominican Republic,America,255300.99508941176,True,True,,527,1.0,1.0,1.0,1.0,,current_530_certainty_v1,,,,America|P1,,,,,,1,Tropical,3,True,Middle,0.776,N_tropical,18.443613458519557,-68.99194507803811,161.63876441597995,,,,
00000000000000000174,00000000000000000174,528,528,,528,extension_280,278,Cape Coast (GHA),False,2708,5,Cape Coast,GHA,Ghana,Africa,255101.3142992258,True,True,,528,1.0,1.0,1.0,1.0,,current_530_certainty_v1,,,,Africa|P1,,,,,,1,Tropical,3,True,Low,0.628,N_tropical,5.147258837179056,-1.2476608006565248,158.64104893777952,,,,
00000000000000001dec,00000000000000001dec,529,529,,529,extension_280,279,Niš (SRB),False,2724,3,Niš,SRB,Serbia,Europe,253821.21387931705,True,True,,529,1.0,1.0,1.0,1.0,,current_530_certainty_v1,,,,Europe|P1,,,,,,1,Temperate,14,True,High,0.833,N_mid,43.300887534214056,21.915534123713172,341.24090444685885,,,,
00000000000000001f1a,00000000000000001f1a,530,530,,530,extension_280,280,Helsingborg (SWE),False,2726,4,Helsingborg,SWE,Sweden,Europe,253630.22644096613,True,True,,530,1.0,1.0,1.0,1.0,,current_530_certainty_v1,,,,Europe|P1,,,,,,1,Temperate,15,True,High,0.959,N_polar,56.07571970502292,12.814918030103852,883.02657081834,,,,
00000000000000001652,00000000000000001652,531,531,,531,extension_200_probability_v1,1,Nanjing (CHN),False,58,11,Nanjing,CHN,China,Asia,6914261.04841131,False,True,1.0,531,0.0909090909090909,11.0,0.213903743315508,4.675000000000001,20260811.0,continent_population_quintile_proportional_systematic_v1,f36ba36f92a06d0f,1,,Asia|P5,,,,,,5,Temperate,14,True,Middle,0.797,N_mid,32.05111189536731,118.83967703697748,2413.6003886861786,False,True,,
000000000000000021fb,000000000000000021fb,532,532,,532,extension_200_probability_v1,2,Washington D.C. (USA),False,83,8,Washington D.C.,USA,United States,America,5638693.814680596,False,True,2.0,532,0.0892857142857142,11.2,0.2142857142857142,4.666666666666669,20260811.0,continent_population_quintile_proportional_systematic_v1,1f6d90f99bc2c247,1,,America|P5,,,,,,5,Temperate,14,True,High,0.938,N_mid,38.87945962040237,-77.09972603175882,7429.36258276773,False,True,,
0000000000000000214b,0000000000000000214b,533,533,,533,extension_200_probability_v1,3,Phoenix (USA),False,107,11,Phoenix,USA,United States,America,4567289.148467418,False,True,3.0,533,0.0892857142857142,11.2,0.2142857142857142,4.666666666666669,20260811.0,continent_population_quintile_proportional_systematic_v1,5ce4fc27fd4bd7fa,1,,America|P5,,,,,,5,Arid,4,True,High,0.938,N_mid,33.43627303890137,-112.0332049262646,9685.294246308256,False,True,,
00000000000000001258,00000000000000001258,534,534,,534,extension_200_probability_v1,4,Kunming (CHN),False,153,34,Kunming,CHN,China,Asia,3554514.061205462,False,True,4.0,534,0.0909090909090909,11.0,0.213903743315508,4.675000000000001,20260811.0,continent_population_quintile_proportional_systematic_v1,907ccbcc95aec5d4,1,,Asia|P5,,,,,,5,Temperate,12,True,Middle,0.797,N_mid,25.03144441680446,102.7408912483484,1380.9080470967986,False,True,,
00000000000000000969,00000000000000000969,535,535,,535,extension_200_probability_v1,5,Tegal (IDN),False,161,9,Tegal,IDN,Indonesia,Asia,3454395.5719919205,False,True,5.0,535,0.0909090909090909,11.0,0.213903743315508,4.675000000000001,20260811.0,continent_population_quintile_proportional_systematic_v1,7163b7aebe764cb2,1,,Asia|P5,,,,,,5,Tropical,2,True,Middle,0.728,S_tropical,-6.9257282696476645,109.04215933153674,1561.5108762255957,False,True,,
00000000000000001165,00000000000000001165,536,536,,536,extension_200_probability_v1,6,Ürümqi (CHN),False,170,37,Ürümqi,CHN,China,Asia,3279549.9767840877,False,True,6.0,536,0.0909090909090909,11.0,0.213903743315508,4.675000000000001,20260811.0,continent_population_quintile_proportional_systematic_v1,02300bce0132ce85,1,,Asia|P5,,,,,,5,Arid,7,True,Middle,0.797,N_mid,43.87035984137122,87.57520468029541,1044.6557183801583,False,True,,
0000000000000000058c,0000000000000000058c,537,537,,537,extension_200_probability_v1,7,Guruvayur (IND),False,197,20,Guruvayur,IND,India,Asia,2981880.877375394,False,True,7.0,537,0.0909090909090909,11.0,0.213903743315508,4.675000000000001,20260811.0,continent_population_quintile_proportional_systematic_v1,9ef587bbbe60fb78,1,,Asia|P5,,,,,,5,Tropical,2,True,Low,0.685,N_tropical,10.792725363691693,76.08597861356502,1567.4906582103852,False,True,,
00000000000000000430,00000000000000000430,538,538,,538,extension_200_probability_v1,8,Agra (IND),False,220,23,Agra,IND,India,Asia,2737028.2196650505,False,True,8.0,538,0.0909090909090909,11.0,0.213903743315508,4.675000000000001,20260811.0,continent_population_quintile_proportional_systematic_v1,4692c10922d3a5f6,1,,Asia|P5,,,,,,5,Arid,6,True,Low,0.685,N_mid,27.16630766235006,77.9866571861249,533.804971286697,False,True,,
00000000000000000640,00000000000000000640,539,539,,539,extension_200_probability_v1,9,Coimbatore (IND),False,226,24,Coimbatore,IND,India,Asia,2672462.041823361,False,True,9.0,539,0.0909090909090909,11.0,0.213903743315508,4.675000000000001,20260811.0,continent_population_quintile_proportional_systematic_v1,75e0a356cdd706ac,1,,Asia|P5,,,,,,5,Arid,6,True,Low,0.685,N_tropical,10.999812708818586,77.01678389692478,1073.5956475895869,False,True,,
0000000000000000015a,0000000000000000015a,540,540,,540,extension_200_probability_v1,10,Munich (DEU),False,254,6,Munich,DEU,Germany,Europe,2435209.287362978,False,True,10.0,540,0.125,8.0,0.25,4.0,20260811.0,continent_population_quintile_proportional_systematic_v1,90feac707b632aa7,1,,Europe|P5,,,,,,5,Temperate,15,True,High,0.959,N_polar,48.141406046401215,11.558164677133304,2632.1069860985335,False,True,,
000000000000000003a3,000000000000000003a3,541,541,,541,extension_200_probability_v1,11,Meerut (IND),False,255,27,Meerut,IND,India,Asia,2422104.3133323938,False,True,11.0,541,0.0909090909090909,11.0,0.213903743315508,4.675000000000001,20260811.0,continent_population_quintile_proportional_systematic_v1,803e7a57832101de,1,,Asia|P5,,,,,,5,Temperate,11,True,Low,0.685,N_mid,28.99235274199682,77.69406669364886,575.7124963655222,False,True,,
000000000000000004c3,000000000000000004c3,542,542,,542,extension_200_probability_v1,12,Bhopal (IND),False,277,29,Bhopal,IND,India,Asia,2239295.729707971,False,True,12.0,542,0.0909090909090909,11.0,0.213903743315508,4.675000000000001,20260811.0,continent_population_quintile_proportional_systematic_v1,e425152800c119a1,1,,Asia|P5,,,,,,5,Temperate,11,True,Low,0.685,N_tropical,23.247577424659287,77.41313987775656,498.8829247771482,False,True,,
000000000000000013c4,000000000000000013c4,543,543,,543,extension_200_probability_v1,13,Binhai (CHN),False,315,55,Binhai,CHN,China,Asia,2004427.0993731916,False,True,13.0,543,0.0909090909090909,11.0,0.213903743315508,4.675000000000001,20260811.0,continent_population_quintile_proportional_systematic_v1,a0466375557a5fba,1,,Asia|P5,,,,,,5,Continental,21,True,Middle,0.797,N_mid,39.12150404185911,117.70170679527112,990.7819945923592,False,True,,
000000000000000021d0,000000000000000021d0,544,544,,544,extension_200_probability_v1,14,Indianapolis (USA),False,331,30,Indianapolis,USA,United States,America,1897002.798161632,False,True,14.0,544,0.0892857142857142,11.2,0.2142857142857142,4.666666666666669,20260811.0,continent_population_quintile_proportional_systematic_v1,48705990e39beb0f,1,,America|P5,,,,,,5,Continental,25,True,High,0.938,N_mid,39.800528319366514,-86.12232129657242,7580.016746582367,False,True,,
00000000000000000870,00000000000000000870,545,545,,545,extension_200_probability_v1,15,Jamshedpur (IND),False,349,42,Jamshedpur,IND,India,Asia,1807392.3689661024,False,True,15.0,545,0.0909090909090909,11.0,0.213903743315508,4.675000000000001,20260811.0,continent_population_quintile_proportional_systematic_v1,6ae948baeddb5417,1,,Asia|P5,,,,,,5,Tropical,3,True,Low,0.685,N_tropical,22.80409199818141,86.18789775025358,264.4115130360482,False,True,,
00000000000000001053,00000000000000001053,546,546,,546,extension_200_probability_v1,16,Vila Velha (BRA),False,370,16,Vila Velha,BRA,Brazil,America,1710333.4412471077,False,True,16.0,546,0.0892857142857142,11.2,0.2142857142857142,4.666666666666669,20260811.0,continent_population_quintile_proportional_systematic_v1,ed335a064c9d62ab,1,,America|P5,,,,,,5,Tropical,2,True,Middle,0.786,S_tropical,-20.321122576680708,-40.37666302735717,908.9560547115278,False,True,,
0000000000000000170d,0000000000000000170d,547,547,,547,extension_200_probability_v1,17,Yiwu (CHN),False,372,62,Yiwu,CHN,China,Asia,1706311.1383303404,False,True,17.0,547,0.0909090909090909,11.0,0.213903743315508,4.675000000000001,20260811.0,continent_population_quintile_proportional_systematic_v1,cbc888bfe2c64a88,1,,Asia|P5,,,,,,5,Temperate,14,True,Middle,0.797,N_mid,29.286574622307743,120.09286965398525,963.8359531447028,False,True,,
000000000000000021ed,000000000000000021ed,548,548,,548,extension_200_probability_v1,18,Raleigh (USA),False,399,36,Raleigh,USA,United States,America,1611391.052952215,False,True,18.0,548,0.0892857142857142,11.2,0.2142857142857142,4.666666666666669,20260811.0,continent_population_quintile_proportional_systematic_v1,adbbe98e3ae2bfd9,1,,America|P5,,,,,,5,Temperate,14,True,High,0.938,N_mid,35.8412867698174,-78.68327405673114,3941.1702561425914,False,True,,
00000000000000000970,00000000000000000970,549,549,,549,extension_200_probability_v1,19,Pekalongan (IDN),False,419,23,Pekalongan,IDN,Indonesia,Asia,1530751.9012374878,False,True,19.0,549,0.0909090909090909,11.0,0.213903743315508,4.675000000000001,20260811.0,continent_population_quintile_proportional_systematic_v1,4da7457990ce56f8,1,,Asia|P5,,,,,,5,Tropical,1,True,Middle,0.728,S_tropical,-6.934978294953386,109.63409659495396,666.5044250865675,False,True,,
00000000000000000b68,00000000000000000b68,550,550,,550,extension_200_probability_v1,20,Okayama (JPN),False,449,10,Okayama,JPN,Japan,Asia,1417356.7389281727,False,True,20.0,550,0.0909090909090909,11.0,0.213903743315508,4.675000000000001,20260811.0,continent_population_quintile_proportional_systematic_v1,f241d14a29f1fd9d,1,,Asia|P5,,,,,,5,Temperate,14,True,High,0.925,N_mid,34.63435175603253,133.87132667853228,1811.9447462940077,False,True,,
00000000000000000eec,00000000000000000eec,551,551,,551,extension_200_probability_v1,21,Khulna (BGD),False,454,11,Khulna,BGD,Bangladesh,Asia,1408217.824925423,False,True,21.0,551,0.0909090909090909,11.0,0.213903743315508,4.675000000000001,20260811.0,continent_population_quintile_proportional_systematic_v1,c5665af4ee645de5,1,,Asia|P5,,,,,,5,Tropical,3,True,Low,0.685,N_tropical,22.83368066001069,89.55878191820757,370.1703665889401,False,True,,
00000000000000001747,00000000000000001747,552,552,,552,extension_200_probability_v1,22,Yueqing (CHN),False,487,84,Yueqing,CHN,China,Asia,1326399.384729147,False,True,22.0,552,0.0909090909090909,11.0,0.213903743315508,4.675000000000001,20260811.0,continent_population_quintile_proportional_systematic_v1,7f28fcbbd9669c6f,1,,Asia|P5,,,,,,5,Temperate,14,True,Middle,0.797,N_mid,28.115197336937676,120.94848744706056,602.6460113374529,False,True,,
0000000000000000021b,0000000000000000021b,553,553,,553,extension_200_probability_v1,23,Srinagar (IND),False,497,67,Srinagar,IND,India,Asia,1298095.0170448124,False,True,23.0,553,0.0909090909090909,11.0,0.213903743315508,4.675000000000001,20260811.0,continent_population_quintile_proportional_systematic_v1,525d253dd8d988c1,1,,Asia|P5,,,,,,5,Temperate,14,True,Low,0.685,N_mid,34.092875968799696,74.80073079389409,401.10593597255166,False,True,,
00000000000000001d2e,00000000000000001d2e,554,554,,554,extension_200_probability_v1,24,Kazan (RUS),False,517,10,Kazan,RUS,Russia,Europe,1245155.4980176687,False,True,24.0,554,0.125,8.0,0.25,4.0,20260811.0,continent_population_quintile_proportional_systematic_v1,e26d7b6fbbe05846,1,,Europe|P5,,,,,,5,Continental,26,True,High,0.832,N_polar,55.813195171544066,49.094318379691906,1110.5163717984196,False,True,,
00000000000000001e20,00000000000000001e20,555,555,,555,extension_200_probability_v1,25,Port Elizabeth (ZAF),False,551,6,Port Elizabeth,ZAF,South Africa,Africa,1177968.042940155,False,True,25.0,555,0.0666666666666666,15.0,0.2,5.0,20260811.0,continent_population_quintile_proportional_systematic_v1,dce0c967ad075df0,1,,Africa|P5,,,,,,5,Arid,6,True,Middle,0.741,S_mid,-33.88992184322945,25.509288766880175,636.5773638101068,False,True,,
00000000000000001a40,00000000000000001a40,556,556,,556,extension_200_probability_v1,26,Enugu (NGA),False,563,13,Enugu,NGA,Nigeria,Africa,1153081.771909237,False,True,26.0,556,0.1,10.0,0.2333333333333333,4.2857142857142865,20260811.0,continent_population_quintile_proportional_systematic_v1,240b544a6c3a4463,1,,Africa|P4,,,,,,4,Tropical,3,True,Low,0.56,N_tropical,6.440965884565097,7.477523864833119,714.4032580709638,False,True,,
000000000000000004eb,000000000000000004eb,557,557,,557,extension_200_probability_v1,27,Solapur (IND),False,569,79,Solapur,IND,India,Asia,1145587.2971758842,False,True,27.0,557,0.0921501706484641,10.851851851851851,0.2150170648464164,4.65079365079365,20260811.0,continent_population_quintile_proportional_systematic_v1,94bd435a2498e88c,1,,Asia|P4,,,,,,4,Arid,6,True,Low,0.685,N_tropical,17.66049290903677,75.9119569316628,279.379714901968,False,True,,
000000000000000020f3,000000000000000020f3,558,558,,558,extension_200_probability_v1,28,Sheffield (GBR),False,570,11,Sheffield,GBR,United Kingdom,Europe,1145121.8892862387,False,True,28.0,558,0.0943396226415094,10.6,0.2075471698113207,4.818181818181819,20260811.0,continent_population_quintile_proportional_systematic_v1,6ee93189612a522f,1,,Europe|P4,,,,,,4,Temperate,15,True,High,0.946,N_polar,53.32525156618399,-1.383280985125062,1322.0428133624616,False,True,,
00000000000000001367,00000000000000001367,559,559,,559,extension_200_probability_v1,29,Xingtai (CHN),False,592,102,Xingtai,CHN,China,Asia,1111698.4300596714,False,True,29.0,559,0.0921501706484641,10.851851851851851,0.2150170648464164,4.65079365079365,20260811.0,continent_population_quintile_proportional_systematic_v1,cc056f48aca5fcbb,1,,Asia|P4,,,,,,4,Arid,7,True,Middle,0.797,N_mid,37.06596745604074,114.49053661943586,672.4923962814643,False,True,,
00000000000000001514,00000000000000001514,560,560,,560,extension_200_probability_v1,30,Fuyang (CHN),False,596,103,Fuyang,CHN,China,Asia,1100943.6678619385,False,True,30.0,560,0.0921501706484641,10.851851851851851,0.2150170648464164,4.65079365079365,20260811.0,continent_population_quintile_proportional_systematic_v1,197664fa4c610dbf,1,,Asia|P4,,,,,,4,Temperate,11,True,Middle,0.797,N_mid,32.93361211084188,115.8340357539956,781.2517972824598,False,True,,
00000000000000001d5e,00000000000000001d5e,561,561,,561,extension_200_probability_v1,31,Ufa (RUS),False,604,13,Ufa,RUS,Russia,Europe,1090326.5606173116,False,True,31.0,561,0.0943396226415094,10.6,0.2075471698113207,4.818181818181819,20260811.0,continent_population_quintile_proportional_systematic_v1,4e3765db0a65bc52,1,,Europe|P4,,,,,,4,Continental,26,True,High,0.832,N_polar,54.79109937071677,56.02691337768027,956.8539538621668,False,True,,
00000000000000002202,00000000000000002202,562,562,,562,extension_200_probability_v1,32,Buffalo (USA),False,607,45,Buffalo,USA,United States,America,1085097.2181780003,False,True,32.0,562,0.0864197530864197,11.571428571428571,0.2098765432098765,4.764705882352942,20260811.0,continent_population_quintile_proportional_systematic_v1,a0054cc960876280,1,,America|P4,,,,,,4,Continental,25,True,High,0.938,N_mid,42.90609879191045,-78.71129772478007,3614.896517379011,False,True,,
00000000000000000990,00000000000000000990,563,563,,563,extension_200_probability_v1,33,Mojokerto (IDN),False,608,29,Mojokerto,IDN,Indonesia,Asia,1084952.2694544792,False,True,33.0,563,0.0921501706484641,10.851851851851851,0.2150170648464164,4.65079365079365,20260811.0,continent_population_quintile_proportional_systematic_v1,05c5fe7bc4328e20,1,,Asia|P4,,,,,,4,Tropical,2,True,Middle,0.728,S_tropical,-7.5068820556572895,112.46921610504836,604.6474148427144,False,True,,
00000000000000001662,00000000000000001662,564,564,,564,extension_200_probability_v1,34,花都区 (CHN),False,627,107,花都区,CHN,China,Asia,1053269.0733902454,False,True,34.0,564,0.0921501706484641,10.851851851851851,0.2150170648464164,4.65079365079365,20260811.0,continent_population_quintile_proportional_systematic_v1,21b0b626bcafc466,1,,Asia|P4,,,,,,4,Temperate,11,True,Middle,0.797,N_tropical,23.428966586363966,113.21492366626566,540.7916128044013,False,True,,
00000000000000000809,00000000000000000809,565,565,,565,extension_200_probability_v1,35,Gaya (IND),False,636,86,Gaya,IND,India,Asia,1042313.2792034148,False,True,35.0,565,0.0921501706484641,10.851851851851851,0.2150170648464164,4.65079365079365,20260811.0,continent_population_quintile_proportional_systematic_v1,7a7785eb33c526f3,1,,Asia|P4,,,,,,4,Temperate,11,True,Low,0.685,N_mid,24.78181490504509,85.00048455125952,187.58030722987849,False,True,,
0000000000000000093f,0000000000000000093f,566,566,,566,extension_200_probability_v1,36,Batam City (IDN),False,642,32,Batam City,IDN,Indonesia,Asia,1034146.5504102708,False,True,36.0,566,0.0921501706484641,10.851851851851851,0.2150170648464164,4.65079365079365,20260811.0,continent_population_quintile_proportional_systematic_v1,d18b11d316cb2c5e,1,,Asia|P4,,,,,,4,Tropical,1,True,Middle,0.728,N_tropical,1.097715026322141,103.99474374078468,330.26136380457956,False,True,,
00000000000000001be3,00000000000000001be3,567,567,,567,extension_200_probability_v1,37,Gujrat (PAK),False,675,13,Gujrat,PAK,Pakistan,Asia,979463.22198534,False,True,37.0,567,0.0921501706484641,10.851851851851851,0.2150170648464164,4.65079365079365,20260811.0,continent_population_quintile_proportional_systematic_v1,9bfa1b288327d275,1,,Asia|P4,,,,,,4,Temperate,11,True,Low,0.544,N_mid,32.58145391133433,74.07407615431578,314.29504335934996,False,True,,
00000000000000000b95,00000000000000000b95,568,568,,568,extension_200_probability_v1,38,Mishima (JPN),False,691,15,Mishima,JPN,Japan,Asia,959950.436266005,False,True,38.0,568,0.0921501706484641,10.851851851851851,0.2150170648464164,4.65079365079365,20260811.0,continent_population_quintile_proportional_systematic_v1,65519d1a58ea5819,1,,Asia|P4,,,,,,4,Temperate,14,True,High,0.925,N_mid,35.15050691627487,138.8180969845897,974.8169129569512,False,True,,
000000000000000013fe,000000000000000013fe,569,569,,569,extension_200_probability_v1,39,Kaifeng (CHN),False,692,120,Kaifeng,CHN,China,Asia,959191.4844474792,False,True,39.0,569,0.0921501706484641,10.851851851851851,0.2150170648464164,4.65079365079365,20260811.0,continent_population_quintile_proportional_systematic_v1,a07c06b6827a7c6e,1,,Asia|P4,,,,,,4,Temperate,11,True,Middle,0.797,N_mid,34.78052776563747,114.32392632788036,574.711731661385,False,True,,
00000000000000000b25,00000000000000000b25,570,570,,570,extension_200_probability_v1,40,Palermo (ITA),False,700,7,Palermo,ITA,Italy,Europe,954442.56709899,False,True,40.0,570,0.0943396226415094,10.6,0.2075471698113207,4.818181818181819,20260811.0,continent_population_quintile_proportional_systematic_v1,6e56dd94b9a1f487,1,,Europe|P4,,,,,,4,Temperate,8,True,High,0.915,N_mid,38.09362044288326,13.307225934951411,673.4929302600802,False,True,,
000000000000000003fa,000000000000000003fa,571,571,,571,extension_200_probability_v1,41,Mathura (IND),False,702,101,Mathura,IND,India,Asia,952797.6996200084,False,True,41.0,571,0.0921501706484641,10.851851851851851,0.2150170648464164,4.65079365079365,20260811.0,continent_population_quintile_proportional_systematic_v1,08eb765e6dd9ed4e,1,,Asia|P4,,,,,,4,Arid,6,True,Low,0.685,N_mid,27.481158512377178,77.6739839961536,225.4932042885108,False,True,,
0000000000000000045d,0000000000000000045d,572,572,,572,extension_200_probability_v1,42,Belagavi (IND),False,725,105,Belagavi,IND,India,Asia,929566.3257080317,False,True,42.0,572,0.0921501706484641,10.851851851851851,0.2150170648464164,4.65079365079365,20260811.0,continent_population_quintile_proportional_systematic_v1,a27023c548470732,1,,Asia|P4,,,,,,4,Tropical,3,True,Low,0.685,N_tropical,15.832019615728347,74.51149504288854,238.46549373630597,False,True,,
00000000000000001c90,00000000000000001c90,573,573,,573,extension_200_probability_v1,43,Wroclaw (POL),False,729,7,Wroclaw,POL,Poland,Europe,926637.8990397416,False,True,43.0,573,0.0943396226415094,10.6,0.2075471698113207,4.818181818181819,20260811.0,continent_population_quintile_proportional_systematic_v1,fd7eddad4f5731d4,1,,Europe|P4,,,,,,4,Continental,26,True,High,0.906,N_polar,51.10316190668041,17.0208309961058,2201.076328958857,False,True,,
000000000000000014f8,000000000000000014f8,574,574,,574,extension_200_probability_v1,44,Benxi (CHN),False,734,126,Benxi,CHN,China,Asia,919494.3484690188,False,True,44.0,574,0.0921501706484641,10.851851851851851,0.2150170648464164,4.65079365079365,20260811.0,continent_population_quintile_proportional_systematic_v1,da79f0bbc18bf9e4,1,,Asia|P4,,,,,,4,Continental,21,True,Middle,0.797,N_mid,41.293282369332296,123.76011196902397,263.41315940226457,False,True,,
000000000000000006a6,000000000000000006a6,575,575,,575,extension_200_probability_v1,45,Pratapgarh (IND),False,741,109,Pratapgarh,IND,India,Asia,912068.4293212892,False,True,45.0,575,0.0921501706484641,10.851851851851851,0.2150170648464164,4.65079365079365,20260811.0,continent_population_quintile_proportional_systematic_v1,4574dffe0a0b047c,1,,Asia|P4,,,,,,4,Temperate,11,True,Low,0.685,N_mid,25.92902028061693,81.9979165420538,39.9121322447526,False,True,,
00000000000000002129,00000000000000002129,576,576,,576,extension_200_probability_v1,46,Concord (USA),False,770,56,Concord,USA,United States,America,880359.1848796359,False,True,46.0,576,0.0864197530864197,11.571428571428571,0.2098765432098765,4.764705882352942,20260811.0,continent_population_quintile_proportional_systematic_v1,835d398775564dca,1,,America|P4,,,,,,4,Temperate,9,True,High,0.938,N_mid,37.89951415732412,-122.02571899604828,1086.5706382861777,False,True,,
00000000000000000f67,00000000000000000f67,577,577,,577,extension_200_probability_v1,47,Campo Grande (BRA),False,789,27,Campo Grande,BRA,Brazil,America,866596.9940518141,False,True,47.0,577,0.0864197530864197,11.571428571428571,0.2098765432098765,4.764705882352942,20260811.0,continent_population_quintile_proportional_systematic_v1,f36eb717dc2b57b6,1,,America|P4,,,,,,4,Tropical,3,True,Middle,0.786,S_tropical,-20.488314450632764,-54.64000113862638,515.8404322772412,False,True,,
0000000000000000143a,0000000000000000143a,578,578,,578,extension_200_probability_v1,48,Heze (CHN),False,798,137,Heze,CHN,China,Asia,850822.3025450706,False,True,48.0,578,0.0921501706484641,10.851851851851851,0.2150170648464164,4.65079365079365,20260811.0,continent_population_quintile_proportional_systematic_v1,4698bb8a6bfa8b62,1,,Asia|P4,,,,,,4,Temperate,11,True,Middle,0.797,N_mid,35.249722539594764,115.48537621617032,750.3207723371534,False,True,,
00000000000000001b4e,00000000000000001b4e,579,579,,579,extension_200_probability_v1,49,Quetta (PAK),False,823,14,Quetta,PAK,Pakistan,Asia,826749.4400255084,False,True,49.0,579,0.0921501706484641,10.851851851851851,0.2150170648464164,4.65079365079365,20260811.0,continent_population_quintile_proportional_systematic_v1,d8dee80f3be51f58,1,,Asia|P4,,,,,,4,Arid,5,True,Low,0.544,N_mid,30.17507026303253,66.98126258635207,234.47762858963915,False,True,,
00000000000000002018,00000000000000002018,580,580,,580,extension_200_probability_v1,50,Adana (TUR),False,837,12,Adana,TUR,Türkiye,Asia,810223.8896615505,False,True,50.0,580,0.0921501706484641,10.851851851851851,0.2150170648464164,4.65079365079365,20260811.0,continent_population_quintile_proportional_systematic_v1,375013e00155218b,1,,Asia|P4,,,,,,4,Temperate,8,True,High,0.853,N_mid,37.00240906663988,35.2832928338625,362.18957287335456,False,True,,
000000000000000018c3,000000000000000018c3,581,581,,581,extension_200_probability_v1,51,Banha (EGY),False,867,15,Banha,EGY,Egypt,Africa,787633.2908439636,False,True,51.0,581,0.1,10.0,0.2333333333333333,4.2857142857142865,20260811.0,continent_population_quintile_proportional_systematic_v1,3997b1d5ad8513ee,1,,Africa|P4,,,,,,4,Arid,4,True,Middle,0.754,N_mid,30.507670915781866,31.223902827472852,220.5115342318632,False,True,,
000000000000000014c3,000000000000000014c3,582,582,,582,extension_200_probability_v1,52,Liaoyang (CHN),False,891,159,Liaoyang,CHN,China,Asia,763985.8415544629,False,True,52.0,582,0.0921501706484641,10.851851851851851,0.2150170648464164,4.65079365079365,20260811.0,continent_population_quintile_proportional_systematic_v1,257a6e40c13c61ba,1,,Asia|P4,,,,,,4,Continental,21,True,Middle,0.797,N_mid,41.25265289560307,123.207819699581,432.0321898155341,False,True,,
00000000000000000cf4,00000000000000000cf4,583,583,,583,extension_200_probability_v1,53,Cancún (MEX),False,893,26,Cancún,MEX,Mexico,America,762956.9928723911,False,True,53.0,583,0.0864197530864197,11.571428571428571,0.2098765432098765,4.764705882352942,20260811.0,continent_population_quintile_proportional_systematic_v1,c28dc0f9f0011510,1,,America|P4,,,,,,4,Tropical,3,True,Middle,0.789,N_tropical,21.145754486351475,-86.85879557764189,200.549137527066,False,True,,
00000000000000001da6,00000000000000001da6,584,584,,584,extension_200_probability_v1,54,At Taif (SAU),False,904,7,At Taif,SAU,Saudi Arabia,Asia,753201.2345968783,False,True,54.0,584,0.0921501706484641,10.851851851851851,0.2150170648464164,4.65079365079365,20260811.0,continent_population_quintile_proportional_systematic_v1,f1f11ecb6ea194d2,1,,Asia|P4,,,,,,4,Arid,4,True,High,0.9,N_tropical,21.29677691602377,40.426069169349745,448.9897736695931,False,True,,
000000000000000004ac,000000000000000004ac,585,585,,585,extension_200_probability_v1,55,Budaun (IND),False,907,133,Budaun,IND,India,Asia,749495.8675575256,False,True,55.0,585,0.0921501706484641,10.851851851851851,0.2150170648464164,4.65079365079365,20260811.0,continent_population_quintile_proportional_systematic_v1,1df19131ce7bf272,1,,Asia|P4,,,,,,4,Temperate,11,True,Low,0.685,N_mid,28.033724429712297,79.13491298871664,25.94091280582359,False,True,,
00000000000000001369,00000000000000001369,586,586,,586,extension_200_probability_v1,56,Shiyan (CHN),False,923,167,Shiyan,CHN,China,Asia,724997.9090973735,False,True,56.0,586,0.0921501706484641,10.851851851851851,0.2150170648464164,4.65079365079365,20260811.0,continent_population_quintile_proportional_systematic_v1,f787f7a9775dd1d1,1,,Asia|P4,,,,,,4,Temperate,11,True,Middle,0.797,N_mid,32.67215068427678,110.74157146154624,429.03905506374576,False,True,,
00000000000000000425,00000000000000000425,587,587,,587,extension_200_probability_v1,57,Jalgaon (IND),False,937,140,Jalgaon,IND,India,Asia,710897.2528114319,False,True,57.0,587,0.0921501706484641,10.851851851851851,0.2150170648464164,4.65079365079365,20260811.0,continent_population_quintile_proportional_systematic_v1,d245c9143c576d2f,1,,Asia|P4,,,,,,4,Tropical,3,True,Low,0.685,N_tropical,21.00035845084236,75.55513223711594,142.68026932580383,False,True,,
00000000000000001a74,00000000000000001a74,588,588,,588,extension_200_probability_v1,58,Calabar (NGA),False,966,25,Calabar,NGA,Nigeria,Africa,696846.37641716,False,True,58.0,588,0.1,10.0,0.2333333333333333,4.2857142857142865,20260811.0,continent_population_quintile_proportional_systematic_v1,d934819278f58c45,1,,Africa|P4,,,,,,4,Tropical,2,True,Low,0.56,N_tropical,5.0065473706490184,8.349430502445466,189.57826917822408,False,True,,
00000000000000000669,00000000000000000669,589,589,,589,extension_200_probability_v1,59,Balrampur (IND),False,992,154,Balrampur,IND,India,Asia,675695.5095825195,False,True,59.0,589,0.0921501706484641,10.851851851851851,0.2150170648464164,4.65079365079365,20260811.0,continent_population_quintile_proportional_systematic_v1,3a0954aa744c6b95,1,,Asia|P4,,,,,,4,Temperate,11,True,Low,0.685,N_mid,27.416071831807272,82.16074875669005,44.899382460874406,False,True,,
000000000000000000e3,000000000000000000e3,590,590,,590,extension_200_probability_v1,60,Rouen (FRA),False,1001,11,Rouen,FRA,France,Europe,671639.4526599646,False,True,60.0,590,0.0943396226415094,10.6,0.2075471698113207,4.818181818181819,20260811.0,continent_population_quintile_proportional_systematic_v1,23547186e11a6687,1,,Europe|P4,,,,,,4,Temperate,15,True,High,0.92,N_polar,49.42101161308866,1.0734857122965638,1871.8074199961384,False,True,,
00000000000000001497,00000000000000001497,591,591,,591,extension_200_probability_v1,61,Xiangcheng (CHN),False,1011,182,Xiangcheng,CHN,China,Asia,662936.8858861923,False,True,61.0,591,0.0921501706484641,10.851851851851851,0.2150170648464164,4.65079365079365,20260811.0,continent_population_quintile_proportional_systematic_v1,e5eff48e0190b781,1,,Asia|P4,,,,,,4,Temperate,11,True,Middle,0.797,N_mid,33.419025111430095,114.96563449898252,498.8826116670844,False,True,,
000000000000000021ea,000000000000000021ea,592,592,,592,extension_200_probability_v1,62,Toledo (USA),False,1037,72,Toledo,USA,United States,America,646253.7600982529,False,True,62.0,592,0.0864197530864197,11.571428571428571,0.2098765432098765,4.764705882352942,20260811.0,continent_population_quintile_proportional_systematic_v1,54b022cb85308a7d,1,,America|P4,,,,,,4,Continental,25,True,High,0.938,N_mid,41.618880613073856,-83.5734654548791,2533.3295768327575,False,True,,
00000000000000000994,00000000000000000994,593,593,,593,extension_200_probability_v1,63,Lumajang (IDN),False,1042,42,Lumajang,IDN,Indonesia,Asia,643926.2185195684,False,True,63.0,593,0.0921501706484641,10.851851851851851,0.2150170648464164,4.65079365079365,20260811.0,continent_population_quintile_proportional_systematic_v1,645e372822f0d66f,1,,Asia|P4,,,,,,4,Tropical,3,True,Middle,0.728,S_tropical,-8.169015116794794,113.21723308397816,446.0049885684054,False,True,,
00000000000000000fee,00000000000000000fee,594,594,,594,extension_200_probability_v1,64,Itajaí (BRA),False,1044,33,Itajaí,BRA,Brazil,America,642962.6874754578,False,True,64.0,594,0.0864197530864197,11.571428571428571,0.2098765432098765,4.764705882352942,20260811.0,continent_population_quintile_proportional_systematic_v1,2e5e0bc5a6ebbc89,1,,America|P4,,,,,,4,Temperate,14,True,Middle,0.786,S_mid,-26.956537382280512,-48.67014421691273,624.601782825745,False,True,,
000000000000000003d8,000000000000000003d8,595,595,,595,extension_200_probability_v1,65,Bulandshahr (IND),False,1080,174,Bulandshahr,IND,India,Asia,623755.1037888527,False,True,65.0,595,0.0921501706484641,10.851851851851851,0.2150170648464164,4.65079365079365,20260811.0,continent_population_quintile_proportional_systematic_v1,d49f5a9e7f9106f9,1,,Asia|P4,,,,,,4,Temperate,11,True,Low,0.685,N_mid,28.403107841467513,77.84498091044479,98.78237176019192,False,True,,
00000000000000000b60,00000000000000000b60,596,596,,596,extension_200_probability_v1,66,Kagoshima (JPN),False,1081,26,Kagoshima,JPN,Japan,Asia,623508.7760242522,False,True,66.0,596,0.0921501706484641,10.851851851851851,0.2150170648464164,4.65079365079365,20260811.0,continent_population_quintile_proportional_systematic_v1,264e1472523eb0f5,1,,Asia|P4,,,,,,4,Temperate,14,True,High,0.925,N_mid,31.567218578087424,130.51548994525984,685.4619771365203,False,True,,
00000000000000000c7e,00000000000000000c7e,597,597,,597,extension_200_probability_v1,67,Durango (MEX),False,1095,30,Durango,MEX,Mexico,America,618844.8177922517,False,True,67.0,597,0.0864197530864197,11.571428571428571,0.2098765432098765,4.764705882352942,20260811.0,continent_population_quintile_proportional_systematic_v1,4cba5bd88f141576,1,,America|P4,,,,,,4,Arid,7,True,Middle,0.789,N_mid,24.017828687561224,-104.62652027807307,351.21289767529015,False,True,,
00000000000000001353,00000000000000001353,598,598,,598,extension_200_probability_v1,68,Jincheng (CHN),False,1134,203,Jincheng,CHN,China,Asia,600680.68795228,False,True,68.0,598,0.0894039735099337,11.185185185185183,0.2119205298013245,4.71875,20260811.0,continent_population_quintile_proportional_systematic_v1,5d6f0a7572d55191,1,,Asia|P3,,,,,,3,Continental,21,True,Middle,0.797,N_mid,35.510961480463415,112.85859349122188,318.28991199178097,False,True,,
0000000000000000171f,0000000000000000171f,599,599,,599,extension_200_probability_v1,69,Shengzhou (CHN),False,1150,208,Shengzhou,CHN,China,Asia,593106.3545280695,False,True,69.0,599,0.0894039735099337,11.185185185185183,0.2119205298013245,4.71875,20260811.0,continent_population_quintile_proportional_systematic_v1,5f4334d6f0352141,1,,Asia|P3,,,,,,3,Temperate,14,True,Middle,0.797,N_mid,29.56500773445057,120.85964557281916,311.3009507011804,False,True,,
00000000000000000413,00000000000000000413,600,600,,600,extension_200_probability_v1,70,Amroha (IND),False,1183,188,Amroha,IND,India,Asia,576250.5798072815,False,True,70.0,600,0.0894039735099337,11.185185185185183,0.2119205298013245,4.71875,20260811.0,continent_population_quintile_proportional_systematic_v1,4e8c7bdc58cbbda7,1,,Asia|P3,,,,,,3,Temperate,11,True,Low,0.685,N_mid,28.873677363892423,78.47069462334309,77.8269247255592,False,True,,
0000000000000000147a,0000000000000000147a,601,601,,601,extension_200_probability_v1,71,Lixian (CHN),False,1197,221,Lixian,CHN,China,Asia,572276.7900100946,False,True,71.0,601,0.0894039735099337,11.185185185185183,0.2119205298013245,4.71875,20260811.0,continent_population_quintile_proportional_systematic_v1,6223747899fae30c,1,,Asia|P3,,,,,,3,Temperate,14,True,Middle,0.797,N_mid,29.627414506581168,111.79585571829628,533.8002903177429,False,True,,
00000000000000000127,00000000000000000127,602,602,,602,extension_200_probability_v1,72,Saarbruecken (DEU),False,1204,19,Saarbruecken,DEU,Germany,Europe,570240.3017502278,False,True,72.0,602,0.0857142857142857,11.666666666666666,0.2142857142857142,4.666666666666669,20260811.0,continent_population_quintile_proportional_systematic_v1,cb649462e96c050e,1,,Europe|P3,,,,,,3,Temperate,15,True,High,0.959,N_polar,49.28240024534131,6.9407126356971425,828.1429955171811,False,True,,
0000000000000000180c,0000000000000000180c,603,603,,603,extension_200_probability_v1,73,Tshikapa (COD),False,1238,11,Tshikapa,COD,DR Congo,Africa,555502.4167251587,False,True,73.0,603,0.1025641025641025,9.75,0.2307692307692307,4.333333333333335,20260811.0,continent_population_quintile_proportional_systematic_v1,c7e6dc8df9d26fdf,1,,Africa|P3,,,,,,3,Tropical,3,True,Low,0.522,S_tropical,-6.425808349176721,20.78168701922465,78.82328392738901,False,True,,
000000000000000002e6,000000000000000002e6,604,604,,604,extension_200_probability_v1,74,Sikar (IND),False,1275,202,Sikar,IND,India,Asia,539089.5781710744,False,True,74.0,604,0.0894039735099337,11.185185185185183,0.2119205298013245,4.71875,20260811.0,continent_population_quintile_proportional_systematic_v1,41e2683148295387,1,,Asia|P3,,,,,,3,Arid,6,True,Low,0.685,N_mid,27.610824110453603,75.15136053451164,104.76361026525764,False,True,,
00000000000000001ca1,00000000000000001ca1,605,605,,605,extension_200_probability_v1,75,Bielsko-Biała (POL),False,1280,10,Bielsko-Biała,POL,Poland,Europe,537761.3560336381,False,True,75.0,605,0.0857142857142857,11.666666666666666,0.2142857142857142,4.666666666666669,20260811.0,continent_population_quintile_proportional_systematic_v1,ab19eefda1c9cfd0,1,,Europe|P3,,,,,,3,Continental,26,True,High,0.906,N_polar,49.79767919212124,19.02430836142094,1266.166158135905,False,True,,
00000000000000001d2b,00000000000000001d2b,606,606,,606,extension_200_probability_v1,76,Stavropol (RUS),False,1303,36,Stavropol,RUS,Russia,Europe,526569.7137083765,False,True,76.0,606,0.0857142857142857,11.666666666666666,0.2142857142857142,4.666666666666669,20260811.0,continent_population_quintile_proportional_systematic_v1,505d9f52356d4a28,1,,Europe|P3,,,,,,3,Continental,25,True,High,0.832,N_polar,45.08703670407284,42.007652815335184,529.816130408738,False,True,,
000000000000000004d5,000000000000000004d5,607,607,,607,extension_200_probability_v1,77,Bhind (IND),False,1309,210,Bhind,IND,India,Asia,525300.3223667145,False,True,77.0,607,0.0894039735099337,11.185185185185183,0.2119205298013245,4.71875,20260811.0,continent_population_quintile_proportional_systematic_v1,3e47408394ec523b,1,,Asia|P3,,,,,,3,Temperate,11,True,Low,0.685,N_mid,26.571116365419087,78.77665467814138,55.87391300067475,False,True,,
00000000000000001bd4,00000000000000001bd4,608,608,,608,extension_200_probability_v1,78,Jhelum (PAK),False,1318,22,Jhelum,PAK,Pakistan,Asia,522732.220993042,False,True,78.0,608,0.0894039735099337,11.185185185185183,0.2119205298013245,4.71875,20260811.0,continent_population_quintile_proportional_systematic_v1,5966abcdc814495d,1,,Asia|P3,,,,,,3,Temperate,11,True,Low,0.544,N_mid,32.946334054587304,73.71857973494048,187.57783598530716,False,True,,
0000000000000000170b,0000000000000000170b,609,609,,609,extension_200_probability_v1,79,Haiyan (CHN),False,1324,249,Haiyan,CHN,China,Asia,521934.36489391327,False,True,79.0,609,0.0894039735099337,11.185185185185183,0.2119205298013245,4.71875,20260811.0,continent_population_quintile_proportional_systematic_v1,cf6fa49f6375ada6,1,,Asia|P3,,,,,,3,Temperate,14,True,Middle,0.797,N_mid,30.5762745183098,120.98049019373263,397.112506371275,False,True,,
000000000000000022a6,000000000000000022a6,610,610,,610,extension_200_probability_v1,80,Thanh Hóa (VNM),False,1328,12,Thanh Hóa,VNM,Vietnam,Asia,519709.73399591446,False,True,80.0,610,0.0894039735099337,11.185185185185183,0.2119205298013245,4.71875,20260811.0,continent_population_quintile_proportional_systematic_v1,c0c74e30a90abdb8,1,,Asia|P3,,,,,,3,Temperate,11,True,Middle,0.766,N_tropical,19.809961221734124,105.79205886701077,327.2697779609788,False,True,,
00000000000000000d13,00000000000000000d13,611,611,,611,extension_200_probability_v1,81,Kenitra (MAR),False,1339,9,Kenitra,MAR,Morocco,Africa,515294.2138576507,False,True,81.0,611,0.1025641025641025,9.75,0.2307692307692307,4.333333333333335,20260811.0,continent_population_quintile_proportional_systematic_v1,09d4c545f49d2905,1,,Africa|P3,,,,,,3,Temperate,8,True,Middle,0.71,N_mid,34.26804190339623,-6.55092588257402,221.50544857884188,False,True,,
000000000000000008ba,000000000000000008ba,612,612,,612,extension_200_probability_v1,82,Cooch Behar (IND),False,1356,223,Cooch Behar,IND,India,Asia,506902.19553756714,False,True,82.0,612,0.0894039735099337,11.185185185185183,0.2119205298013245,4.71875,20260811.0,continent_population_quintile_proportional_systematic_v1,947a06c58aa0d378,1,,Asia|P3,,,,,,3,Temperate,11,True,Low,0.685,N_mid,26.357048953821213,89.43400372794775,214.52139196275908,False,True,,
00000000000000001be4,00000000000000001be4,613,613,,613,extension_200_probability_v1,83,Sahiwal (PAK),False,1360,25,Sahiwal,PAK,Pakistan,Asia,505007.4623399973,False,True,83.0,613,0.0894039735099337,11.185185185185183,0.2119205298013245,4.71875,20260811.0,continent_population_quintile_proportional_systematic_v1,d86033e5463b7d3f,1,,Asia|P3,,,,,,3,Arid,4,True,Low,0.544,N_mid,30.651563458110456,73.11414819273536,286.357094343461,False,True,,
000000000000000014b8,000000000000000014b8,614,614,,614,extension_200_probability_v1,84,Liaoyuan (CHN),False,1364,251,Liaoyuan,CHN,China,Asia,503660.2765991688,False,True,84.0,614,0.0894039735099337,11.185185185185183,0.2119205298013245,4.71875,20260811.0,continent_population_quintile_proportional_systematic_v1,e2ce6aace9d0d4a2,1,,Asia|P3,,,,,,3,Continental,21,True,Middle,0.797,N_mid,42.91392974863579,125.13484938963995,344.22770791287917,False,True,,
00000000000000002144,00000000000000002144,615,615,,615,extension_200_probability_v1,85,Indio (USA),False,1376,91,Indio,USA,United States,America,499709.1428060002,False,True,85.0,615,0.0845070422535211,11.833333333333334,0.2112676056338028,4.733333333333333,20260811.0,continent_population_quintile_proportional_systematic_v1,7a796fc43e258ad8,1,,America|P3,,,,,,3,Arid,4,True,High,0.938,N_mid,33.79585728522912,-116.37266780845088,1693.2048009471905,False,True,,
00000000000000002026,00000000000000002026,616,616,,616,extension_200_probability_v1,86,Antakya (TUR),False,1378,20,Antakya,TUR,Türkiye,Asia,499285.02095222473,False,True,86.0,616,0.0894039735099337,11.185185185185183,0.2119205298013245,4.71875,20260811.0,continent_population_quintile_proportional_systematic_v1,ae26e675dccb06eb,1,,Asia|P3,,,,,,3,Temperate,8,True,High,0.853,N_mid,36.24024979116918,36.18243968431685,328.26161016182226,False,True,,
00000000000000000532,00000000000000000532,617,617,,617,extension_200_probability_v1,87,Shivamogga (IND),False,1388,228,Shivamogga,IND,India,Asia,496362.0758911967,False,True,87.0,617,0.0894039735099337,11.185185185185183,0.2119205298013245,4.71875,20260811.0,continent_population_quintile_proportional_systematic_v1,784abb7c47e30a82,1,,Asia|P3,,,,,,3,Tropical,3,True,Low,0.685,N_tropical,13.92245825756959,75.58164184248007,120.73074328218026,False,True,,
0000000000000000169f,0000000000000000169f,618,618,,618,extension_200_probability_v1,88,Liyang (CHN),False,1419,266,Liyang,CHN,China,Asia,486845.4114601016,False,True,88.0,618,0.0894039735099337,11.185185185185183,0.2119205298013245,4.71875,20260811.0,continent_population_quintile_proportional_systematic_v1,249e2ae06afae179,1,,Asia|P3,,,,,,3,Temperate,14,True,Middle,0.797,N_mid,31.437784025346428,119.45395181807676,462.9591862237926,False,True,,
00000000000000001c85,00000000000000001c85,619,619,,619,extension_200_probability_v1,89,Szczecin (POL),False,1422,12,Szczecin,POL,Poland,Europe,486245.2977737784,False,True,89.0,619,0.0857142857142857,11.666666666666666,0.2142857142857142,4.666666666666669,20260811.0,continent_population_quintile_proportional_systematic_v1,cf5d388c3f32cc80,1,,Europe|P3,,,,,,3,Temperate,15,True,High,0.906,N_polar,53.40121448781155,14.5968322242861,682.471153326995,False,True,,
000000000000000020f7,000000000000000020f7,620,620,,620,extension_200_probability_v1,90,Oxford (GBR),False,1432,26,Oxford,GBR,United Kingdom,Europe,482932.18073981255,False,True,90.0,620,0.0857142857142857,11.666666666666666,0.2142857142857142,4.666666666666669,20260811.0,continent_population_quintile_proportional_systematic_v1,b58953fbd8f6a95e,1,,Europe|P3,,,,,,3,Temperate,15,True,High,0.946,N_polar,51.765956416759984,-1.2747236779262323,1337.0086874738786,False,True,,
0000000000000000131c,0000000000000000131c,621,621,,621,extension_200_probability_v1,91,Gaobeidian (CHN),False,1446,270,Gaobeidian,CHN,China,Asia,479252.3296813965,False,True,91.0,621,0.0894039735099337,11.185185185185183,0.2119205298013245,4.71875,20260811.0,continent_population_quintile_proportional_systematic_v1,9151678e5c5bb2df,1,,Asia|P3,,,,,,3,Arid,7,True,Middle,0.797,N_mid,39.29587296363244,115.85694669496672,394.1190977328076,False,True,,
00000000000000000392,00000000000000000392,622,622,,622,extension_200_probability_v1,92,Roorkee (IND),False,1488,247,Roorkee,IND,India,Asia,465596.9242477417,False,True,92.0,622,0.0894039735099337,11.185185185185183,0.2119205298013245,4.71875,20260811.0,continent_population_quintile_proportional_systematic_v1,dc041d570dfbda05,1,,Asia|P3,,,,,,3,Temperate,11,True,Low,0.685,N_mid,29.85842812515681,77.89277984408106,93.79191527267352,False,True,,
00000000000000001e82,00000000000000001e82,623,623,,623,extension_200_probability_v1,93,Santa Cruz de Tenerife (ESP),False,1492,14,Santa Cruz de Tenerife,ESP,Spain,Europe,464579.09355711937,False,True,93.0,623,0.0857142857142857,11.666666666666666,0.2142857142857142,4.666666666666669,20260811.0,continent_population_quintile_proportional_systematic_v1,753bffadbbde3fda,1,,Europe|P3,,,,,,3,Temperate,9,True,High,0.918,N_mid,28.463558431509508,-16.337199328655128,384.14313091335714,False,True,,
0000000000000000173a,0000000000000000173a,624,624,,624,extension_200_probability_v1,94,Linhai (CHN),False,1497,284,Linhai,CHN,China,Asia,462241.013040904,False,True,94.0,624,0.0894039735099337,11.185185185185183,0.2119205298013245,4.71875,20260811.0,continent_population_quintile_proportional_systematic_v1,6362ac1373643e7a,1,,Asia|P3,,,,,,3,Temperate,14,True,Middle,0.797,N_mid,28.875149763745,121.15920086841813,382.1438249003561,False,True,,
00000000000000001a0b,00000000000000001a0b,625,625,,625,extension_200_probability_v1,95,Minna (NGA),False,1535,34,Minna,NGA,Nigeria,Africa,452356.4343519211,False,True,95.0,625,0.1025641025641025,9.75,0.2307692307692307,4.333333333333335,20260811.0,continent_population_quintile_proportional_systematic_v1,641c47cf71ad849d,1,,Africa|P3,,,,,,3,Tropical,3,True,Low,0.56,N_tropical,9.594616167666866,6.533656942516339,198.5560101565148,False,True,,
00000000000000000b82,00000000000000000b82,626,626,,626,extension_200_probability_v1,96,Yamagata (JPN),False,1558,33,Yamagata,JPN,Japan,Asia,444503.7548047453,False,True,96.0,626,0.0894039735099337,11.185185185185183,0.2119205298013245,4.71875,20260811.0,continent_population_quintile_proportional_systematic_v1,4d6c20f0bf90d3a9,1,,Asia|P3,,,,,,3,Temperate,14,True,High,0.925,N_mid,38.30607023108402,140.33053051475537,530.8114038412015,False,True,,
00000000000000002243,00000000000000002243,627,627,,627,extension_200_probability_v1,97,Kokand (UZB),False,1575,8,Kokand,UZB,Uzbekistan,Asia,436563.66074860096,False,True,97.0,627,0.0894039735099337,11.185185185185183,0.2119205298013245,4.71875,20260811.0,continent_population_quintile_proportional_systematic_v1,15b991edb328a59a,1,,Asia|P3,,,,,,3,Arid,5,True,Middle,0.74,N_mid,40.53664065218645,70.93597815148067,277.3783478136313,False,True,,
00000000000000000906,00000000000000000906,628,628,,628,extension_200_probability_v1,98,Banda Aceh (IDN),False,1577,56,Banda Aceh,IDN,Indonesia,Asia,436219.0514649153,False,True,98.0,628,0.0894039735099337,11.185185185185183,0.2119205298013245,4.71875,20260811.0,continent_population_quintile_proportional_systematic_v1,3c536b9a6c4f2cff,1,,Asia|P3,,,,,,3,Tropical,1,True,Middle,0.728,N_tropical,5.522373627075304,95.35484307373233,377.15334416295894,False,True,,
00000000000000001291,00000000000000001291,629,629,,629,extension_200_probability_v1,99,Hechuan (CHN),False,1587,304,Hechuan,CHN,China,Asia,433612.1988687515,False,True,99.0,629,0.0894039735099337,11.185185185185183,0.2119205298013245,4.71875,20260811.0,continent_population_quintile_proportional_systematic_v1,814b2751058aa8b9,1,,Asia|P3,,,,,,3,Temperate,11,True,Middle,0.797,N_mid,29.98722794261902,106.27735087289862,202.5491933189326,False,True,,
000000000000000021e8,000000000000000021e8,630,630,,630,extension_200_probability_v1,100,Lansing (USA),False,1593,103,Lansing,USA,United States,America,432467.82297843,False,True,100.0,630,0.0845070422535211,11.833333333333334,0.2112676056338028,4.733333333333333,20260811.0,continent_population_quintile_proportional_systematic_v1,3d572ebb73c72a1f,1,,America|P3,,,,,,3,Continental,25,True,High,0.938,N_mid,42.71076708804456,-84.54665819502937,2622.133905664135,False,True,,
000000000000000006ba,000000000000000006ba,631,631,,631,extension_200_probability_v1,101,Rajapalaiyam (IND),False,1608,261,Rajapalaiyam,IND,India,Asia,428003.8842525482,False,True,101.0,631,0.0894039735099337,11.185185185185183,0.2119205298013245,4.71875,20260811.0,continent_population_quintile_proportional_systematic_v1,14b787f53e0cfb31,1,,Asia|P3,,,,,,3,Tropical,3,True,Low,0.685,N_tropical,9.455236649037117,77.59124290571081,141.68452563954585,False,True,,
00000000000000000e34,00000000000000000e34,632,632,,632,extension_200_probability_v1,102,Lobito (AGO),False,1611,7,Lobito,AGO,Angola,Africa,426822.5508227348,False,True,102.0,632,0.1025641025641025,9.75,0.2307692307692307,4.333333333333335,20260811.0,continent_population_quintile_proportional_systematic_v1,852ae11c4b089ec9,1,,Africa|P3,,,,,,3,Arid,6,True,Low,0.616,S_tropical,-12.39217640003982,13.56225859429432,116.73731227346354,False,True,,
00000000000000000958,00000000000000000958,633,633,,633,extension_200_probability_v1,103,Rangkasbitung (IDN),False,1619,58,Rangkasbitung,IDN,Indonesia,Asia,422725.454662323,False,True,103.0,633,0.0894039735099337,11.185185185185183,0.2119205298013245,4.71875,20260811.0,continent_population_quintile_proportional_systematic_v1,d98eec084859bf78,1,,Asia|P3,,,,,,3,Tropical,1,True,Middle,0.728,S_tropical,-6.36876794254939,106.24895185022864,127.71068176554172,False,True,,
00000000000000000a6b,00000000000000000a6b,634,634,,634,extension_200_probability_v1,104,Gorgan (IRN),False,1627,24,Gorgan,IRN,Iran,Asia,421193.98644018173,False,True,104.0,634,0.0894039735099337,11.185185185185183,0.2119205298013245,4.71875,20260811.0,continent_population_quintile_proportional_systematic_v1,ac772fbbd481075d,1,,Asia|P3,,,,,,3,Arid,6,True,High,0.799,N_mid,36.84545252573917,54.4365861736591,138.6910043133285,False,True,,
000000000000000003d7,000000000000000003d7,635,635,,635,extension_200_probability_v1,105,Hindaun (IND),False,1631,264,Hindaun,IND,India,Asia,420557.39650821686,False,True,105.0,635,0.0894039735099337,11.185185185185183,0.2119205298013245,4.71875,20260811.0,continent_population_quintile_proportional_systematic_v1,8bd97d9fce62fb4f,1,,Asia|P3,,,,,,3,Arid,6,True,Low,0.685,N_mid,26.752070529095317,77.02810731165262,29.9315972935061,False,True,,
000000000000000011cd,000000000000000011cd,636,636,,636,extension_200_probability_v1,106,Hangyulu (CHN),False,1636,316,Hangyulu,CHN,China,Asia,419152.40874349326,False,True,106.0,636,0.0894039735099337,11.185185185185183,0.2119205298013245,4.71875,20260811.0,continent_population_quintile_proportional_systematic_v1,cfa4107bb9319cc4,1,,Asia|P3,,,,,,3,Arid,7,True,Middle,0.797,N_mid,38.226433890442806,109.756026029205,239.4630629290136,False,True,,
0000000000000000104b,0000000000000000104b,637,637,,637,extension_200_probability_v1,107,Campos dos Goytacazes (BRA),False,1642,48,Campos dos Goytacazes,BRA,Brazil,America,418034.6626104117,False,True,107.0,637,0.0845070422535211,11.833333333333334,0.2112676056338028,4.733333333333333,20260811.0,continent_population_quintile_proportional_systematic_v1,5194451786ee9843,1,,America|P3,,,,,,3,Tropical,3,True,Middle,0.786,S_tropical,-21.768397873241295,-41.303506039910026,403.1001418861781,False,True,,
00000000000000001756,00000000000000001756,638,638,,638,extension_200_probability_v1,108,Pasto (COL),False,1649,13,Pasto,COL,Colombia,America,416042.4286403656,False,True,108.0,638,0.0845070422535211,11.833333333333334,0.2112676056338028,4.733333333333333,20260811.0,continent_population_quintile_proportional_systematic_v1,aab62ceed9e93578,1,,America|P3,,,,,,3,Temperate,15,True,Middle,0.788,N_tropical,1.2018914289220477,-77.27527835403598,57.87401906652408,False,True,,
00000000000000001770,00000000000000001770,639,639,,639,extension_200_probability_v1,109,Montería (COL),False,1650,14,Montería,COL,Colombia,America,415809.6057815552,False,True,109.0,639,0.0845070422535211,11.833333333333334,0.2112676056338028,4.733333333333333,20260811.0,continent_population_quintile_proportional_systematic_v1,eeefeb7832cca614,1,,America|P3,,,,,,3,Tropical,3,True,Middle,0.788,N_tropical,8.770454993040937,-75.86852415863522,93.7909071626039,False,True,,
00000000000000002123,00000000000000002123,640,640,,640,extension_200_probability_v1,110,Oxnard (USA),False,1651,107,Oxnard,USA,United States,America,415749.01707866415,False,True,110.0,640,0.0845070422535211,11.833333333333334,0.2112676056338028,4.733333333333333,20260811.0,continent_population_quintile_proportional_systematic_v1,b4b2db3476eb5df2,1,,America|P3,,,,,,3,Temperate,8,True,High,0.938,N_mid,34.30737663805311,-119.19814802757472,602.6470385095133,False,True,,
0000000000000000027e,0000000000000000027e,641,641,,641,extension_200_probability_v1,111,Bathinda (IND),False,1683,272,Bathinda,IND,India,Asia,407789.0082075596,False,True,111.0,641,0.0912280701754386,10.961538461538462,0.2105263157894736,4.750000000000002,20260811.0,continent_population_quintile_proportional_systematic_v1,e397495e72b6dad5,1,,Asia|P2,,,,,,2,Arid,6,True,Low,0.685,N_mid,30.215398249551548,74.94519107709512,206.53720507700652,False,True,,
000000000000000005d1,000000000000000005d1,642,642,,642,extension_200_probability_v1,112,Nawab Ganj (IND),False,1684,273,Nawab Ganj,IND,India,Asia,407787.42431640625,False,True,112.0,642,0.0912280701754386,10.961538461538462,0.2105263157894736,4.750000000000002,20260811.0,continent_population_quintile_proportional_systematic_v1,f1532e244b522e11,1,,Asia|P2,,,,,,2,Temperate,11,True,Low,0.685,N_mid,26.617074925931355,80.66010796351988,65.84925041886702,False,True,,
000000000000000002e8,000000000000000002e8,643,643,,643,extension_200_probability_v1,113,Bharuch (IND),False,1698,277,Bharuch,IND,India,Asia,404905.81476688385,False,True,113.0,643,0.0912280701754386,10.961538461538462,0.2105263157894736,4.750000000000002,20260811.0,continent_population_quintile_proportional_systematic_v1,c71ad1e045c56de7,1,,Asia|P2,,,,,,2,Tropical,3,True,Low,0.685,N_tropical,21.719715537104243,73.01246462361063,131.7042297844626,False,True,,
000000000000000016f9,000000000000000016f9,644,644,,644,extension_200_probability_v1,114,Qidong (CHN),False,1709,330,Qidong,CHN,China,Asia,402349.3575744629,False,True,114.0,644,0.0912280701754386,10.961538461538462,0.2105263157894736,4.750000000000002,20260811.0,continent_population_quintile_proportional_systematic_v1,e2447387b1b65840,1,,Asia|P2,,,,,,2,Temperate,14,True,Middle,0.797,N_mid,31.825199043756484,121.663686686356,374.1606663134272,False,True,,
000000000000000019b6,000000000000000019b6,645,645,,645,extension_200_probability_v1,115,Ife (NGA),False,1715,40,Ife,NGA,Nigeria,Africa,400938.0259132385,False,True,115.0,645,0.0925925925925925,10.8,0.2037037037037037,4.909090909090909,20260811.0,continent_population_quintile_proportional_systematic_v1,2ed2c47b32d45e28,1,,Africa|P2,,,,,,2,Tropical,3,True,Low,0.56,N_tropical,7.485222661944955,4.5580650636912425,118.73395275389636,False,True,,
00000000000000001217,00000000000000001217,646,646,,646,extension_200_probability_v1,116,Shuozhou (CHN),False,1724,332,Shuozhou,CHN,China,Asia,398457.4866324812,False,True,116.0,646,0.0912280701754386,10.961538461538462,0.2105263157894736,4.750000000000002,20260811.0,continent_population_quintile_proportional_systematic_v1,12f78f2817dc5af2,1,,Asia|P2,,,,,,2,Arid,7,True,Middle,0.797,N_mid,39.32794863784218,112.46073949798097,302.32614980321307,False,True,,
0000000000000000228c,0000000000000000228c,647,647,,647,extension_200_probability_v1,117,Cumana (VEN),False,1751,13,Cumana,VEN,Venezuela,America,390554.0490465164,False,True,117.0,647,0.0886075949367088,11.285714285714286,0.2151898734177215,4.647058823529412,20260811.0,continent_population_quintile_proportional_systematic_v1,8db690323eec670b,1,,America|P2,,,,,,2,Tropical,3,True,Middle,0.709,N_tropical,10.410014522745849,-64.16917333992554,235.47681521680104,False,True,,
00000000000000002133,00000000000000002133,648,648,,648,extension_200_probability_v1,118,Stockton (USA),False,1752,111,Stockton,USA,United States,America,390140.94587787986,False,True,118.0,648,0.0886075949367088,11.285714285714286,0.2151898734177215,4.647058823529412,20260811.0,continent_population_quintile_proportional_systematic_v1,5eb1b7092e0f386a,1,,America|P2,,,,,,2,Temperate,8,True,High,0.938,N_mid,37.98082194911299,-121.25822183020716,372.1691182682631,False,True,,
0000000000000000221f,0000000000000000221f,649,649,,649,extension_200_probability_v1,119,Lawrence (USA),False,1769,112,Lawrence,USA,United States,America,386730.0531440377,False,True,119.0,649,0.0886075949367088,11.285714285714286,0.2151898734177215,4.647058823529412,20260811.0,continent_population_quintile_proportional_systematic_v1,5c6f6d2bcac54327,1,,America|P2,,,,,,2,Continental,25,True,High,0.938,N_mid,42.77822103741181,-71.09893201306777,890.0029132184508,False,True,,
00000000000000001db1,00000000000000001db1,650,650,,650,extension_200_probability_v1,120,Buraydah (SAU),False,1778,11,Buraydah,SAU,Saudi Arabia,Asia,384492.1617078781,False,True,120.0,650,0.0912280701754386,10.961538461538462,0.2105263157894736,4.750000000000002,20260811.0,continent_population_quintile_proportional_systematic_v1,bd2f7134f12a21d1,1,,Asia|P2,,,,,,2,Arid,4,True,High,0.9,N_mid,26.328831545301533,43.95635187857673,367.1753314161459,False,True,,
0000000000000000057d,0000000000000000057d,651,651,,651,extension_200_probability_v1,121,Maholi (IND),False,1781,292,Maholi,IND,India,Asia,384131.5988769531,False,True,121.0,651,0.0912280701754386,10.961538461538462,0.2105263157894736,4.750000000000002,20260811.0,continent_population_quintile_proportional_systematic_v1,eaccf297045b86c5,1,,Asia|P2,,,,,,2,Temperate,11,True,Low,0.685,N_mid,27.65466988655067,80.47587843642488,7.982154748833296,False,True,,
00000000000000001d52,00000000000000001d52,652,652,,652,extension_200_probability_v1,122,Perm (RUS),False,1789,49,Perm,RUS,Russia,Europe,383119.6248736885,False,True,122.0,652,0.0875,11.428571428571429,0.2125,4.705882352941177,20260811.0,continent_population_quintile_proportional_systematic_v1,e9b09533478dcf02,1,,Europe|P2,,,,,,2,Continental,26,True,High,0.832,N_polar,58.00620045362117,56.219628991900386,673.4954493328514,False,True,,
00000000000000000e51,00000000000000000e51,653,653,,653,extension_200_probability_v1,123,Kuito (AGO),False,1794,9,Kuito,AGO,Angola,Africa,382802.4247741699,False,True,123.0,653,0.0925925925925925,10.8,0.2037037037037037,4.909090909090909,20260811.0,continent_population_quintile_proportional_systematic_v1,e332688dd55fee2d,1,,Africa|P2,,,,,,2,Temperate,12,True,Low,0.616,S_tropical,-12.394160127813574,16.93167869038522,84.8089752628985,False,True,,
00000000000000000b14,00000000000000000b14,654,654,,654,extension_200_probability_v1,124,Mestre (ITA),False,1809,16,Mestre,ITA,Italy,Europe,380078.712017335,False,True,124.0,654,0.0875,11.428571428571429,0.2125,4.705882352941177,20260811.0,continent_population_quintile_proportional_systematic_v1,ffd550e9b8a509d5,1,,Europe|P2,,,,,,2,Temperate,14,True,High,0.915,N_polar,45.50420595512506,12.196649890766253,393.1224065691183,False,True,,
000000000000000009ee,000000000000000009ee,655,655,,655,extension_200_probability_v1,125,Kel Rijali (IDN),False,1813,64,Kel Rijali,IDN,Indonesia,Asia,379779.77391815186,False,True,125.0,655,0.0912280701754386,10.961538461538462,0.2105263157894736,4.750000000000002,20260811.0,continent_population_quintile_proportional_systematic_v1,2402e14a3e8ca0b9,1,,Asia|P2,,,,,,2,Tropical,1,True,Middle,0.728,S_tropical,-3.6649538970549744,128.2040617765534,72.83499512000604,False,True,,
000000000000000013a7,000000000000000013a7,656,656,,656,extension_200_probability_v1,126,Shancheng (CHN),False,1826,347,Shancheng,CHN,China,Asia,377237.9820161313,False,True,126.0,656,0.0912280701754386,10.961538461538462,0.2105263157894736,4.750000000000002,20260811.0,continent_population_quintile_proportional_systematic_v1,418472496b31abfc,1,,Asia|P2,,,,,,2,Continental,21,True,Middle,0.797,N_mid,35.928870481889426,114.168338380469,184.58340685859525,False,True,,
00000000000000000144,00000000000000000144,657,657,,657,extension_200_probability_v1,127,Kiel (DEU),False,1830,28,Kiel,DEU,Germany,Europe,376866.9102690667,False,True,127.0,657,0.0875,11.428571428571429,0.2125,4.705882352941177,20260811.0,continent_population_quintile_proportional_systematic_v1,f231acbb3938e32b,1,,Europe|P2,,,,,,2,Temperate,15,True,High,0.959,N_polar,54.32853654702482,10.091899258594678,712.4017707911078,False,True,,
00000000000000000afd,00000000000000000afd,658,658,,658,extension_200_probability_v1,128,Cagliari (ITA),False,1847,18,Cagliari,ITA,Italy,Europe,374105.5751767047,False,True,128.0,658,0.0875,11.428571428571429,0.2125,4.705882352941177,20260811.0,continent_population_quintile_proportional_systematic_v1,72125abdf708fe46,1,,Europe|P2,,,,,,2,Temperate,8,True,High,0.915,N_mid,39.28577941857392,9.131001347648338,389.1267776776459,False,True,,
00000000000000002131,00000000000000002131,659,659,,659,extension_200_probability_v1,129,Palmdale (USA),False,1851,115,Palmdale,USA,United States,America,373168.72317314614,False,True,129.0,659,0.0886075949367088,11.285714285714286,0.2151898734177215,4.647058823529412,20260811.0,continent_population_quintile_proportional_systematic_v1,1b20bfa70c67957e,1,,America|P2,,,,,,2,Arid,7,True,High,0.938,N_mid,34.630587140171656,-118.16224337017536,927.9267014099102,False,True,,
000000000000000000c5,000000000000000000c5,660,660,,660,extension_200_probability_v1,130,Jijiga (ETH),False,1855,8,Jijiga,ETH,Ethiopia,Africa,372741.5102119446,False,True,130.0,660,0.0925925925925925,10.8,0.2037037037037037,4.909090909090909,20260811.0,continent_population_quintile_proportional_systematic_v1,e394845c50657460,1,,Africa|P2,,,,,,2,Arid,6,True,Low,0.497,N_tropical,9.353697269863664,42.80018167933899,29.933487329877853,False,True,,
00000000000000000864,00000000000000000864,661,661,,661,extension_200_probability_v1,131,Bhagalpur (IND),False,1865,312,Bhagalpur,IND,India,Asia,370482.3393354416,False,True,131.0,661,0.0912280701754386,10.961538461538462,0.2105263157894736,4.750000000000002,20260811.0,continent_population_quintile_proportional_systematic_v1,67e3906b89e0a428,1,,Asia|P2,,,,,,2,Temperate,11,True,Low,0.685,N_mid,25.235503502549125,86.98778207958055,105.76176775742368,False,True,,
000000000000000016db,000000000000000016db,662,662,,662,extension_200_probability_v1,132,Haimen (CHN),False,1871,355,Haimen,CHN,China,Asia,369296.77017974854,False,True,132.0,662,0.0912280701754386,10.961538461538462,0.2105263157894736,4.750000000000002,20260811.0,continent_population_quintile_proportional_systematic_v1,bf05c54962f07560,1,,Asia|P2,,,,,,2,Temperate,14,True,Middle,0.797,N_mid,31.9073634635273,121.21327999090808,317.289233552264,False,True,,
000000000000000006e3,000000000000000006e3,663,663,,663,extension_200_probability_v1,133,Kadapa (IND),False,1876,316,Kadapa,IND,India,Asia,368123.00302505493,False,True,133.0,663,0.0912280701754386,10.961538461538462,0.2105263157894736,4.750000000000002,20260811.0,continent_population_quintile_proportional_systematic_v1,1993798aa2830568,1,,Asia|P2,,,,,,2,Arid,6,True,Low,0.685,N_tropical,14.471247869676736,78.82555645199278,66.85024904105444,False,True,,
00000000000000001bc0,00000000000000001bc0,664,664,,664,extension_200_probability_v1,134,Jhang (PAK),False,1929,39,Jhang,PAK,Pakistan,Asia,359042.21144485474,False,True,134.0,664,0.0912280701754386,10.961538461538462,0.2105263157894736,4.750000000000002,20260811.0,continent_population_quintile_proportional_systematic_v1,5a68834d43fa86ec,1,,Asia|P2,,,,,,2,Arid,4,True,Low,0.544,N_mid,31.269118960588937,72.35323142829314,173.60727953429284,False,True,,
000000000000000003fd,000000000000000003fd,665,665,,665,extension_200_probability_v1,135,Panaji (IND),False,1933,330,Panaji,IND,India,Asia,358391.95159709454,False,True,135.0,665,0.0912280701754386,10.961538461538462,0.2105263157894736,4.750000000000002,20260811.0,continent_population_quintile_proportional_systematic_v1,d4c6b2af6d5729f8,1,,Asia|P2,,,,,,2,Tropical,2,True,Low,0.685,N_tropical,15.50254288342334,73.82949443098826,218.51422086296392,False,True,,
00000000000000002260,00000000000000002260,666,666,,666,extension_200_probability_v1,136,Mérida (VEN),False,1953,16,Mérida,VEN,Venezuela,America,355403.85595035553,False,True,136.0,666,0.0886075949367088,11.285714285714286,0.2151898734177215,4.647058823529412,20260811.0,continent_population_quintile_proportional_systematic_v1,ec6382e01b1c086c,1,,America|P2,,,,,,2,Temperate,15,True,Middle,0.709,N_tropical,8.590433783888578,-71.17152593358061,249.44031810934857,False,True,,
00000000000000001c25,00000000000000001c25,667,667,,667,extension_200_probability_v1,137,Chimbote (PER),False,1956,9,Chimbote,PER,Peru,America,355129.47454726696,False,True,137.0,667,0.0886075949367088,11.285714285714286,0.2151898734177215,4.647058823529412,20260811.0,continent_population_quintile_proportional_systematic_v1,d7214d9dd71753de,1,,America|P2,,,,,,2,Arid,4,True,Middle,0.794,S_tropical,-9.048993555533045,-78.57295207050437,179.59434106743203,False,True,,
00000000000000000ce9,00000000000000000ce9,668,668,,668,extension_200_probability_v1,138,Tapachula (MEX),False,2002,52,Tapachula,MEX,Mexico,America,347736.533742914,False,True,138.0,668,0.0886075949367088,11.285714285714286,0.2151898734177215,4.647058823529412,20260811.0,continent_population_quintile_proportional_systematic_v1,13973af73dc7aa23,1,,America|P2,,,,,,2,Tropical,2,True,Middle,0.789,N_tropical,14.93457091979181,-92.29120862839594,480.92741343651966,False,True,,
000000000000000007ae,000000000000000007ae,669,669,,669,extension_200_probability_v1,139,Buxar (IND),False,2023,344,Buxar,IND,India,Asia,344493.50153160095,False,True,139.0,669,0.0912280701754386,10.961538461538462,0.2105263157894736,4.750000000000002,20260811.0,continent_population_quintile_proportional_systematic_v1,464eb66c95d960a3,1,,Asia|P2,,,,,,2,Temperate,11,True,Low,0.685,N_mid,25.581848482178856,83.97805489485637,113.74536573846784,False,True,,
00000000000000001311,00000000000000001311,670,670,,670,extension_200_probability_v1,140,Xingyi (CHN),False,2028,376,Xingyi,CHN,China,Asia,343807.2310023308,False,True,140.0,670,0.0912280701754386,10.961538461538462,0.2105263157894736,4.750000000000002,20260811.0,continent_population_quintile_proportional_systematic_v1,ed9f94070032dd62,1,,Asia|P2,,,,,,2,Temperate,11,True,Middle,0.797,N_mid,25.12363690892451,104.89915911576465,277.3803754215614,False,True,,
000000000000000022e4,000000000000000022e4,671,671,,671,extension_200_probability_v1,141,Quảng Ngãi (VNM),False,2029,22,Quảng Ngãi,VNM,Vietnam,Asia,343790.85730552673,False,True,141.0,671,0.0912280701754386,10.961538461538462,0.2105263157894736,4.750000000000002,20260811.0,continent_population_quintile_proportional_systematic_v1,aabf0313ac0f32dc,1,,Asia|P2,,,,,,2,Tropical,2,True,Middle,0.766,N_tropical,15.128907512607762,108.79310156071858,225.4931651905705,False,True,,
00000000000000001671,00000000000000001671,672,672,,672,extension_200_probability_v1,142,Taishan (CHN),False,2034,379,Taishan,CHN,China,Asia,343406.9741399884,False,True,142.0,672,0.0912280701754386,10.961538461538462,0.2105263157894736,4.750000000000002,20260811.0,continent_population_quintile_proportional_systematic_v1,a5adb2bb00d9490c,1,,Asia|P2,,,,,,2,Temperate,11,True,Middle,0.797,N_tropical,22.246224168121184,112.79549891392448,244.45121370875657,False,True,,
00000000000000001fe0,00000000000000001fe0,673,673,,673,extension_200_probability_v1,143,Manisa (TUR),False,2038,27,Manisa,TUR,Türkiye,Asia,342936.51737070084,False,True,143.0,673,0.0912280701754386,10.961538461538462,0.2105263157894736,4.750000000000002,20260811.0,continent_population_quintile_proportional_systematic_v1,f444c672fcce4509,1,,Asia|P2,,,,,,2,Temperate,8,True,High,0.853,N_mid,38.63419384340931,27.40825156168196,123.72416868932366,False,True,,
00000000000000001add,00000000000000001add,674,674,,674,extension_200_probability_v1,144,Mubi (NGA),False,2049,52,Mubi,NGA,Nigeria,Africa,341157.4940185547,False,True,144.0,674,0.0925925925925925,10.8,0.2037037037037037,4.909090909090909,20260811.0,continent_population_quintile_proportional_systematic_v1,a47c5f32c37db549,1,,Africa|P2,,,,,,2,Tropical,3,True,Low,0.56,N_tropical,10.266814480586136,13.26724113692965,41.90742435438825,False,True,,
00000000000000000c2b,00000000000000000c2b,675,675,,675,extension_200_probability_v1,145,Alor Setar (MYS),False,2054,14,Alor Setar,MYS,Malaysia,Asia,339525.56044363976,False,True,145.0,675,0.0912280701754386,10.961538461538462,0.2105263157894736,4.750000000000002,20260811.0,continent_population_quintile_proportional_systematic_v1,ad3c1626bb65c8d1,1,,Asia|P2,,,,,,2,Tropical,2,True,High,0.819,N_tropical,6.130824169132272,100.37647159105649,304.32080482674206,False,True,,
00000000000000001cde,00000000000000001cde,676,676,,676,extension_200_probability_v1,146,Iași (ROU),False,2093,6,Iași,ROU,Romania,Europe,334165.1675430536,False,True,146.0,676,0.0875,11.428571428571429,0.2125,4.705882352941177,20260811.0,continent_population_quintile_proportional_systematic_v1,25201f4c5547e224,1,,Europe|P2,,,,,,2,Continental,25,True,High,0.845,N_polar,47.1856352788302,27.546044751547942,453.98155911517586,False,True,,
00000000000000001484,00000000000000001484,677,677,,677,extension_200_probability_v1,147,Kaiyuan (CHN),False,2095,392,Kaiyuan,CHN,China,Asia,333804.2874965966,False,True,147.0,677,0.0912280701754386,10.961538461538462,0.2105263157894736,4.750000000000002,20260811.0,continent_population_quintile_proportional_systematic_v1,2692f7c790f5a43e,1,,Asia|P2,,,,,,2,Continental,21,True,Middle,0.797,N_mid,42.550136114264205,124.0446981411391,265.40643686430485,False,True,,
00000000000000000457,00000000000000000457,678,678,,678,extension_200_probability_v1,148,Joura (IND),False,2102,358,Joura,IND,India,Asia,332585.25,False,True,148.0,678,0.0912280701754386,10.961538461538462,0.2105263157894736,4.750000000000002,20260811.0,continent_population_quintile_proportional_systematic_v1,307e1c5ef9a1f373,1,,Asia|P2,,,,,,2,Arid,6,True,Low,0.685,N_mid,26.34364161814429,77.80660002276491,5.9866961154569704,False,True,,
00000000000000000650,00000000000000000650,679,679,,679,extension_200_probability_v1,149,Rudauli (IND),False,2127,364,Rudauli,IND,India,Asia,328115.22987270355,False,True,149.0,679,0.0912280701754386,10.961538461538462,0.2105263157894736,4.750000000000002,20260811.0,continent_population_quintile_proportional_systematic_v1,6e435fa9a4be80e7,1,,Asia|P2,,,,,,2,Temperate,11,True,Low,0.685,N_mid,26.77559023838758,81.74153748971854,75.83420391672546,False,True,,
000000000000000020e9,000000000000000020e9,680,680,,680,extension_200_probability_v1,150,Aberdeen (GBR),False,2132,41,Aberdeen,GBR,United Kingdom,Europe,327687.3068919815,False,True,150.0,680,0.0875,11.428571428571429,0.2125,4.705882352941177,20260811.0,continent_population_quintile_proportional_systematic_v1,79b7a85b6739cca7,1,,Europe|P2,,,,,,2,Temperate,15,True,High,0.946,N_polar,57.18322724140818,-2.245462635505736,971.8273295286332,False,True,,
00000000000000001ae9,00000000000000001ae9,681,681,,681,extension_200_probability_v1,151,Dandong (PRK),False,2144,7,Dandong,PRK,North Korea,Asia,325446.74995040894,False,True,151.0,681,0.0912280701754386,10.961538461538462,0.2105263157894736,4.750000000000002,20260811.0,continent_population_quintile_proportional_systematic_v1,4c220b23431d2738,1,,Asia|P2,,,,,,2,Continental,21,False,Missing,,N_mid,40.09987208813386,124.39382314554004,33.92319879505796,False,True,,
00000000000000000159,00000000000000000159,682,682,,682,extension_200_probability_v1,152,Halle (Saale) (DEU),False,2152,35,Halle (Saale),DEU,Germany,Europe,324196.2422914505,False,True,152.0,682,0.0875,11.428571428571429,0.2125,4.705882352941177,20260811.0,continent_population_quintile_proportional_systematic_v1,06333991c1b6347b,1,,Europe|P2,,,,,,2,Arid,7,True,High,0.959,N_polar,51.471822211786424,11.97439721472688,547.7735708118038,False,True,,
00000000000000001679,00000000000000001679,683,683,,683,extension_200_probability_v1,153,Nankang (CHN),False,2153,399,Nankang,CHN,China,Asia,324195.3489356041,False,True,153.0,683,0.0912280701754386,10.961538461538462,0.2105263157894736,4.750000000000002,20260811.0,continent_population_quintile_proportional_systematic_v1,ab6b68b56747a8b3,1,,Asia|P2,,,,,,2,Temperate,14,True,Middle,0.797,N_mid,25.688955841705763,114.79836579536467,178.60350579395836,False,True,,
000000000000000018bf,000000000000000018bf,684,684,,684,extension_200_probability_v1,154,Shimm al Basal al Bahari (EGY),False,2157,27,Shimm al Basal al Bahari,EGY,Egypt,Africa,323609.8657388687,False,True,154.0,684,0.0925925925925925,10.8,0.2037037037037037,4.909090909090909,20260811.0,continent_population_quintile_proportional_systematic_v1,55b052156c1e7192,1,,Africa|P2,,,,,,2,Arid,4,True,Middle,0.754,N_mid,28.617936051795425,30.676285386039055,148.6677872882493,False,True,,
000000000000000008bc,000000000000000008bc,685,685,,685,extension_200_probability_v1,155,Notun Digha (IND),False,2159,369,Notun Digha,IND,India,Asia,323364.59276008606,False,True,155.0,685,0.0912280701754386,10.961538461538462,0.2105263157894736,4.750000000000002,20260811.0,continent_population_quintile_proportional_systematic_v1,67b0a05aa97f044b,1,,Asia|P2,,,,,,2,Tropical,3,True,Low,0.685,N_tropical,21.642686076715208,87.4810283556235,103.7641741650403,False,True,,
0000000000000000074a,0000000000000000074a,686,686,,686,extension_200_probability_v1,156,Singrauli (IND),False,2215,387,Singrauli,IND,India,Asia,313497.93350219727,False,True,156.0,686,0.0891719745222929,11.214285714285715,0.2101910828025477,4.75757575757576,20260811.0,continent_population_quintile_proportional_systematic_v1,afaeacfec08d6899,1,,Asia|P1,,,,,,1,Temperate,11,True,Low,0.685,N_mid,24.199655964111333,82.67738869301392,27.93799497972888,False,True,,
00000000000000001666,00000000000000001666,687,687,,687,extension_200_probability_v1,157,Yizhen (CHN),False,2221,409,Yizhen,CHN,China,Asia,312797.57054013014,False,True,157.0,687,0.0891719745222929,11.214285714285715,0.2101910828025477,4.75757575757576,20260811.0,continent_population_quintile_proportional_systematic_v1,2e49ffcfce6339b4,1,,Asia|P1,,,,,,1,Temperate,14,True,Middle,0.797,N_mid,32.30133226191117,119.16739541471476,263.4131402216633,False,True,,
00000000000000001bd2,00000000000000001bd2,688,688,,688,extension_200_probability_v1,158,Mandi Bahauddin (PAK),False,2229,46,Mandi Bahauddin,PAK,Pakistan,Asia,311938.4387266338,False,True,158.0,688,0.0891719745222929,11.214285714285715,0.2101910828025477,4.75757575757576,20260811.0,continent_population_quintile_proportional_systematic_v1,f4ed3b53c28eb5b8,1,,Asia|P1,,,,,,1,Arid,6,True,Low,0.544,N_mid,32.57373191880667,73.48372118377861,128.71320263727418,False,True,,
00000000000000000292,00000000000000000292,689,689,,689,extension_200_probability_v1,159,Mahuva (IND),False,2238,394,Mahuva,IND,India,Asia,311001.3591966629,False,True,159.0,689,0.0891719745222929,11.214285714285715,0.2101910828025477,4.75757575757576,20260811.0,continent_population_quintile_proportional_systematic_v1,4bcecaa4340de3ad,1,,Asia|P1,,,,,,1,Arid,6,True,Low,0.685,N_tropical,21.096885678861664,71.75420465364488,83.81310942438019,False,True,,
00000000000000000eda,00000000000000000eda,690,690,,690,extension_200_probability_v1,160,Ulipur (BGD),False,2254,32,Ulipur,BGD,Bangladesh,Asia,309077.117023468,False,True,160.0,690,0.0891719745222929,11.214285714285715,0.2101910828025477,4.75757575757576,20260811.0,continent_population_quintile_proportional_systematic_v1,7bf3ac53b2a8b9b4,1,,Asia|P1,,,,,,1,Temperate,11,True,Low,0.685,N_mid,25.695834786125324,89.61518076837164,159.64435929384703,False,True,,
000000000000000014d0,000000000000000014d0,691,691,,691,extension_200_probability_v1,161,Binyang (CHN),False,2262,418,Binyang,CHN,China,Asia,308218.7760024071,False,True,161.0,691,0.0891719745222929,11.214285714285715,0.2101910828025477,4.75757575757576,20260811.0,continent_population_quintile_proportional_systematic_v1,875d2c9f0fd47d6d,1,,Asia|P1,,,,,,1,Temperate,14,True,Middle,0.797,N_tropical,23.24005966314844,108.80827687507104,207.5346961645668,False,True,,
00000000000000000540,00000000000000000540,692,692,,692,extension_200_probability_v1,162,Auraiya (IND),False,2272,403,Auraiya,IND,India,Asia,306627.4917488098,False,True,162.0,692,0.0891719745222929,11.214285714285715,0.2101910828025477,4.75757575757576,20260811.0,continent_population_quintile_proportional_systematic_v1,807c6a9c043169ae,1,,Asia|P1,,,,,,1,Arid,6,True,Low,0.685,N_mid,26.459618512895517,79.51449910473926,59.86436747632565,False,True,,
000000000000000005e7,000000000000000005e7,693,693,,693,extension_200_probability_v1,163,Wardha (IND),False,2296,407,Wardha,IND,India,Asia,303503.6810512543,False,True,163.0,693,0.0891719745222929,11.214285714285715,0.2101910828025477,4.75757575757576,20260811.0,continent_population_quintile_proportional_systematic_v1,af1b01e8d048b1bb,1,,Asia|P1,,,,,,1,Tropical,3,True,Low,0.685,N_tropical,20.736682582373177,78.60033951960143,84.80725344304187,False,True,,
00000000000000000b7e,00000000000000000b7e,694,694,,694,extension_200_probability_v1,164,Hikone (JPN),False,2313,46,Hikone,JPN,Japan,Asia,300501.5061581135,False,True,164.0,694,0.0891719745222929,11.214285714285715,0.2101910828025477,4.75757575757576,20260811.0,continent_population_quintile_proportional_systematic_v1,11718bfb289824aa,1,,Asia|P1,,,,,,1,Temperate,14,True,High,0.925,N_mid,35.20500074347554,136.2222938411361,387.13232418204296,False,True,,
00000000000000000888,00000000000000000888,695,695,,695,extension_200_probability_v1,165,Kishanganj (IND),False,2339,417,Kishanganj,IND,India,Asia,296394.13462638855,False,True,165.0,695,0.0891719745222929,11.214285714285715,0.2101910828025477,4.75757575757576,20260811.0,continent_population_quintile_proportional_systematic_v1,3371dd114ce8d4a5,1,,Asia|P1,,,,,,1,Temperate,11,True,Low,0.685,N_mid,26.09904173689977,87.94486616748051,57.870513688283744,False,True,,
00000000000000002229,00000000000000002229,696,696,,696,extension_200_probability_v1,166,Urgench (UZB),False,2353,13,Urgench,UZB,Uzbekistan,Asia,294797.67333713174,False,True,166.0,696,0.0891719745222929,11.214285714285715,0.2101910828025477,4.75757575757576,20260811.0,continent_population_quintile_proportional_systematic_v1,86562c5740123aac,1,,Asia|P1,,,,,,1,Arid,5,True,Middle,0.74,N_mid,41.563061255131544,60.61014838494135,192.5658135930783,False,True,,
000000000000000014b5,000000000000000014b5,697,697,,697,extension_200_probability_v1,167,Tianmen (CHN),False,2364,434,Tianmen,CHN,China,Asia,292847.37024974823,False,True,167.0,697,0.0891719745222929,11.214285714285715,0.2101910828025477,4.75757575757576,20260811.0,continent_population_quintile_proportional_systematic_v1,424a10717dceafeb,1,,Asia|P1,,,,,,1,Temperate,14,True,Middle,0.797,N_mid,30.669639466772008,113.14044703062127,252.43391008167785,False,True,,
0000000000000000221e,0000000000000000221e,698,698,,698,extension_200_probability_v1,168,Manchester (USA),True,2370,141,Manchester,USA,United States,America,292483.11776516587,False,True,168.0,698,0.0923076923076923,10.833333333333332,0.2153846153846154,4.642857142857142,20260811.0,continent_population_quintile_proportional_systematic_v1,34a6ec08f1d37579,1,,America|P1,,,,,,1,Continental,25,True,High,0.938,N_mid,43.0187157032768,-71.4289047461565,1119.4951541916178,False,True,,
00000000000000001e91,00000000000000001e91,699,699,,699,extension_200_probability_v1,169,Oviedo (ESP),False,2379,21,Oviedo,ESP,Spain,Europe,291202.5506827235,False,True,169.0,699,0.0869565217391304,11.5,0.2028985507246377,4.928571428571428,20260811.0,continent_population_quintile_proportional_systematic_v1,f5d31a71357ed968,1,,Europe|P1,,,,,,1,Temperate,15,True,High,0.918,N_mid,43.359609740087706,-5.805585473587325,328.26378099224297,False,True,,
000000000000000021a2,000000000000000021a2,700,700,,700,extension_200_probability_v1,170,Tallahassee (USA),False,2389,143,Tallahassee,USA,United States,America,290292.73990084603,False,True,170.0,700,0.0923076923076923,10.833333333333332,0.2153846153846154,4.642857142857142,20260811.0,continent_population_quintile_proportional_systematic_v1,6c3147852d446b99,1,,America|P1,,,,,,1,Temperate,14,True,High,0.938,N_mid,30.468424263520117,-84.29764295620255,1038.6767078099435,False,True,,
000000000000000020cc,000000000000000020cc,701,701,,701,extension_200_probability_v1,171,Exeter (GBR),False,2404,46,Exeter,GBR,United Kingdom,Europe,288568.9639685834,False,True,171.0,701,0.0869565217391304,11.5,0.2028985507246377,4.928571428571428,20260811.0,continent_population_quintile_proportional_systematic_v1,fd8ca504b5ca837f,1,,Europe|P1,,,,,,1,Temperate,15,True,High,0.946,N_polar,50.74364994024431,-3.4840867576220305,1090.5589467471618,False,True,,
00000000000000000d95,00000000000000000d95,702,702,,702,extension_200_probability_v1,172,Hinthada (MMR),False,2413,11,Hinthada,MMR,Myanmar,Asia,287592.78576660156,False,True,172.0,702,0.0891719745222929,11.214285714285715,0.2101910828025477,4.75757575757576,20260811.0,continent_population_quintile_proportional_systematic_v1,2210f05fc5c8e4e7,1,,Asia|P1,,,,,,1,Tropical,3,True,Low,0.609,N_tropical,17.63706782789908,95.4491061051502,47.89339643948863,False,True,,
0000000000000000207c,0000000000000000207c,703,703,,703,extension_200_probability_v1,173,Lutsk (UKR),False,2435,28,Lutsk,UKR,Ukraine,Europe,285314.37014198303,False,True,173.0,703,0.0869565217391304,11.5,0.2028985507246377,4.928571428571428,20260811.0,continent_population_quintile_proportional_systematic_v1,855c3be226881ac8,1,,Europe|P1,,,,,,1,Continental,26,True,Middle,0.779,N_polar,50.774567446962735,25.357769426154253,364.18579426602633,False,True,,
000000000000000011b7,000000000000000011b7,704,704,,704,extension_200_probability_v1,174,Pingliang (CHN),False,2437,443,Pingliang,CHN,China,Asia,285243.4275601506,False,True,174.0,704,0.0891719745222929,11.214285714285715,0.2101910828025477,4.75757575757576,20260811.0,continent_population_quintile_proportional_systematic_v1,0ee947071ac4278e,1,,Asia|P1,,,,,,1,Continental,22,True,Middle,0.797,N_mid,35.54788362877607,106.65566923396412,110.7482665112462,False,True,,
00000000000000001dbb,00000000000000001dbb,705,705,,705,extension_200_probability_v1,175,Najran (SAU),False,2443,16,Najran,SAU,Saudi Arabia,Asia,284553.29261112213,False,True,175.0,705,0.0891719745222929,11.214285714285715,0.2101910828025477,4.75757575757576,20260811.0,continent_population_quintile_proportional_systematic_v1,45ec1d9561493ad8,1,,Asia|P1,,,,,,1,Arid,4,True,High,0.9,N_tropical,17.531928456701355,44.21402504834409,195.55907840513868,False,True,,
00000000000000000de6,00000000000000000de6,706,706,,706,extension_200_probability_v1,176,Mostaganem (DZA),False,2447,11,Mostaganem,DZA,Algeria,Africa,284209.481924057,False,True,176.0,706,0.0980392156862745,10.2,0.2156862745098039,4.636363636363637,20260811.0,continent_population_quintile_proportional_systematic_v1,f4b9a4feae596773,1,,Africa|P1,,,,,,1,Temperate,8,True,Middle,0.763,N_mid,35.915399769102635,0.113128907087343,211.52568299706735,False,True,,
00000000000000001505,00000000000000001505,707,707,,707,extension_200_probability_v1,177,Hanchuan (CHN),False,2462,449,Hanchuan,CHN,China,Asia,282298.9249134064,False,True,177.0,707,0.0891719745222929,11.214285714285715,0.2101910828025477,4.75757575757576,20260811.0,continent_population_quintile_proportional_systematic_v1,399f5a5014acb3d6,1,,Asia|P1,,,,,,1,Temperate,14,True,Middle,0.797,N_mid,30.65810808210003,113.86894525506588,144.6771185664691,False,True,,
00000000000000000291,00000000000000000291,708,708,,708,extension_200_probability_v1,178,Hoshiarpur (IND),False,2472,442,Hoshiarpur,IND,India,Asia,280902.36914491653,False,True,178.0,708,0.0891719745222929,11.214285714285715,0.2101910828025477,4.75757575757576,20260811.0,continent_population_quintile_proportional_systematic_v1,3d6ec315b394b3e3,1,,Asia|P1,,,,,,1,Temperate,11,True,Low,0.685,N_mid,31.518685679215565,75.90849378727789,169.62010850870448,False,True,,
00000000000000001d89,00000000000000001d89,709,709,,709,extension_200_probability_v1,179,Yakutsk (RUS),False,2485,72,Yakutsk,RUS,Russia,Europe,279323.1054202318,False,True,179.0,709,0.0869565217391304,11.5,0.2028985507246377,4.928571428571428,20260811.0,continent_population_quintile_proportional_systematic_v1,bb5248fcd4880dfe,1,,Europe|P1,,,,,,1,Continental,27,True,High,0.832,N_polar,62.04148554836003,129.7116350419881,244.45472155767936,False,True,,
00000000000000000149,00000000000000000149,710,710,,710,extension_200_probability_v1,180,Würzburg (DEU),False,2488,39,Würzburg,DEU,Germany,Europe,278900.13555413485,False,True,180.0,710,0.0869565217391304,11.5,0.2028985507246377,4.928571428571428,20260811.0,continent_population_quintile_proportional_systematic_v1,2cec099b4d866af0,1,,Europe|P1,,,,,,1,Temperate,15,True,High,0.959,N_polar,49.79695401552978,9.969510796363124,792.2181914713369,False,True,,
00000000000000001067,00000000000000001067,711,711,,711,extension_200_probability_v1,181,Mossoró (BRA),False,2502,67,Mossoró,BRA,Brazil,America,277382.8986865282,False,True,181.0,711,0.0923076923076923,10.833333333333332,0.2153846153846154,4.642857142857142,20260811.0,continent_population_quintile_proportional_systematic_v1,9ba52f188dbb7084,1,,America|P1,,,,,,1,Arid,6,True,Middle,0.786,S_tropical,-5.186351535948367,-37.377715279390195,369.1780277750973,False,True,,
000000000000000006f8,000000000000000006f8,712,712,,712,extension_200_probability_v1,182,Vaniyambadi (IND),False,2504,447,Vaniyambadi,IND,India,Asia,276862.2375602722,False,True,182.0,712,0.0891719745222929,11.214285714285715,0.2101910828025477,4.75757575757576,20260811.0,continent_population_quintile_proportional_systematic_v1,96fa8e4b8a81a042,1,,Asia|P1,,,,,,1,Tropical,3,True,Low,0.685,N_tropical,12.674770196843374,78.61487492354901,63.8550043115243,False,True,,
000000000000000022f6,000000000000000022f6,713,713,,713,extension_200_probability_v1,183,Phan Rang - Tháp Chàm (VNM),False,2524,26,Phan Rang - Tháp Chàm,VNM,Vietnam,Asia,275148.7762517929,False,True,183.0,713,0.0891719745222929,11.214285714285715,0.2101910828025477,4.75757575757576,20260811.0,continent_population_quintile_proportional_systematic_v1,3d518150aedad70e,1,,Asia|P1,,,,,,1,Tropical,3,True,Middle,0.766,N_tropical,11.565929863357823,108.99532956643075,176.60372706703717,False,True,,
0000000000000000153c,0000000000000000153c,714,714,,714,extension_200_probability_v1,184,Yongzhou (CHN),False,2558,470,Yongzhou,CHN,China,Asia,271582.53738999367,False,True,184.0,714,0.0891719745222929,11.214285714285715,0.2101910828025477,4.75757575757576,20260811.0,continent_population_quintile_proportional_systematic_v1,aa66e00c13574be9,1,,Asia|P1,,,,,,1,Temperate,14,True,Middle,0.797,N_mid,26.454861118157357,111.59474808669002,139.6898847380225,False,True,,
000000000000000013ca,000000000000000013ca,715,715,,715,extension_200_probability_v1,185,Qinghe (CHN),False,2561,471,Qinghe,CHN,China,Asia,271154.79651117325,False,True,185.0,715,0.0891719745222929,11.214285714285715,0.2101910828025477,4.75757575757576,20260811.0,continent_population_quintile_proportional_systematic_v1,d796f91e62885302,1,,Asia|P1,,,,,,1,Arid,7,True,Middle,0.797,N_mid,37.06737944213049,115.67901689610343,262.4135025017649,False,True,,
00000000000000002161,00000000000000002161,716,716,,716,extension_200_probability_v1,186,Nuevo Laredo (USA),True,2569,150,Nuevo Laredo,USA,United States,America,270423.2088410314,False,True,186.0,716,0.0923076923076923,10.833333333333332,0.2153846153846154,4.642857142857142,20260811.0,continent_population_quintile_proportional_systematic_v1,e1b2493754eb2a72,1,,America|P1,,,,,,1,Arid,6,True,High,0.938,N_mid,27.512529325877473,-99.46710716303028,271.3902791788491,False,True,,
0000000000000000227b,0000000000000000227b,717,717,,717,extension_200_probability_v1,187,Biruaca (VEN),False,2590,24,Biruaca,VEN,Venezuela,America,268010.47847759724,False,True,187.0,717,0.0923076923076923,10.833333333333332,0.2153846153846154,4.642857142857142,20260811.0,continent_population_quintile_proportional_systematic_v1,92f64b15c697e3f0,1,,America|P1,,,,,,1,Tropical,3,True,Middle,0.709,N_tropical,7.8513265488538835,-67.50872235949302,116.73440528388768,False,True,,
00000000000000001a66,00000000000000001a66,718,718,,718,extension_200_probability_v1,188,Otukpo (NGA),False,2597,63,Otukpo,NGA,Nigeria,Africa,266594.4655485153,False,True,188.0,718,0.0980392156862745,10.2,0.2156862745098039,4.636363636363637,20260811.0,continent_population_quintile_proportional_systematic_v1,ccb4137d31abdaa3,1,,Africa|P1,,,,,,1,Tropical,3,True,Low,0.56,N_tropical,7.202997377922343,8.1239915595626,41.90810169183875,False,True,,
00000000000000000aeb,00000000000000000aeb,719,719,,719,extension_200_probability_v1,189,Beer Sheva (ISR),False,2616,7,Beer Sheva,ISR,Israel,Asia,264842.83908963203,False,True,189.0,719,0.0891719745222929,11.214285714285715,0.2101910828025477,4.75757575757576,20260811.0,continent_population_quintile_proportional_systematic_v1,6d4158070c084ae7,1,,Asia|P1,,,,,,1,Arid,6,True,High,0.919,N_mid,31.2637710205634,34.802199185423966,217.51567890741177,False,True,,
0000000000000000021f,0000000000000000021f,720,720,,720,extension_200_probability_v1,190,Pampore (IND),False,2627,466,Pampore,IND,India,Asia,264074.30216789246,False,True,190.0,720,0.0891719745222929,11.214285714285715,0.2101910828025477,4.75757575757576,20260811.0,continent_population_quintile_proportional_systematic_v1,0979e20de5a43f5f,1,,Asia|P1,,,,,,1,Temperate,14,True,Low,0.685,N_mid,34.014710560073375,74.93278238107216,63.85758309216562,False,True,,
00000000000000001b0e,00000000000000001b0e,721,721,,721,extension_200_probability_v1,191,Songnim (PRK),False,2633,12,Songnim,PRK,North Korea,Asia,263636.25437927246,False,True,191.0,721,0.0891719745222929,11.214285714285715,0.2101910828025477,4.75757575757576,20260811.0,continent_population_quintile_proportional_systematic_v1,dd431ded68c61dc5,1,,Asia|P1,,,,,,1,Continental,21,False,Missing,,N_mid,38.74724278995263,125.643383972403,47.89030341910372,False,True,,
000000000000000011c8,000000000000000011c8,722,722,,722,extension_200_probability_v1,192,Qionglai (CHN),False,2668,494,Qionglai,CHN,China,Asia,259923.65340805057,False,True,192.0,722,0.0891719745222929,11.214285714285715,0.2101910828025477,4.75757575757576,20260811.0,continent_population_quintile_proportional_systematic_v1,7d8947019971a433,1,,Asia|P1,,,,,,1,Temperate,11,True,Middle,0.797,N_mid,30.41056397910164,103.4631564578449,122.72385697875806,False,True,,
00000000000000001ed3,00000000000000001ed3,723,723,,723,extension_200_probability_v1,193,Saraf `Umrah (SDN),False,2670,19,Saraf `Umrah,SDN,Sudan,Africa,259856.92529296875,False,True,193.0,723,0.0980392156862745,10.2,0.2156862745098039,4.636363636363637,20260811.0,continent_population_quintile_proportional_systematic_v1,2ff00c47ca0a54bd,1,,Africa|P1,,,,,,1,Arid,6,True,Low,0.511,N_tropical,13.472615862854973,23.303398557306053,6.984402156583949,False,True,,
0000000000000000132e,0000000000000000132e,724,724,,724,extension_200_probability_v1,194,Lucheng (CHN),False,2681,499,Lucheng,CHN,China,Asia,257814.02107858655,False,True,194.0,724,0.0891719745222929,11.214285714285715,0.2101910828025477,4.75757575757576,20260811.0,continent_population_quintile_proportional_systematic_v1,426190b4c6fba7d2,1,,Asia|P1,,,,,,1,Continental,21,True,Middle,0.797,N_mid,36.3199167490725,113.19115292185992,220.5035303817824,False,True,,
00000000000000000b3b,00000000000000000b3b,725,725,,725,extension_200_probability_v1,195,Taranto (ITA),False,2692,24,Taranto,ITA,Italy,Europe,256656.9187664386,False,True,195.0,725,0.0869565217391304,11.5,0.2028985507246377,4.928571428571428,20260811.0,continent_population_quintile_proportional_systematic_v1,9ba6117cd09a5d3f,1,,Europe|P1,,,,,,1,Arid,7,True,High,0.915,N_mid,40.487420627406664,17.253582698498562,298.33408324616914,False,True,,
000000000000000000bb,000000000000000000bb,726,726,,726,extension_200_probability_v1,196,Chiro (ETH),False,2697,20,Chiro,ETH,Ethiopia,Africa,256425.1462402344,False,True,196.0,726,0.0980392156862745,10.2,0.2156862745098039,4.636363636363637,20260811.0,continent_population_quintile_proportional_systematic_v1,ba434dc6dcbe4906,1,,Africa|P1,,,,,,1,Temperate,12,True,Low,0.497,N_tropical,9.076801902901163,40.86822293050012,9.976506310192196,False,True,,
0000000000000000170a,0000000000000000170a,727,727,,727,extension_200_probability_v1,197,Nanping (CHN),False,2735,513,Nanping,CHN,China,Asia,252424.50568546355,False,True,197.0,727,0.0891719745222929,11.214285714285715,0.2101910828025477,4.75757575757576,20260811.0,continent_population_quintile_proportional_systematic_v1,185e8f78851131eb,1,,Asia|P1,,,,,,1,Temperate,14,True,Middle,0.797,N_mid,26.62695316996024,118.17231670022076,163.63176888997373,False,True,,
00000000000000000cae,00000000000000000cae,728,728,,728,extension_200_probability_v1,198,San Juan del Río (MEX),False,2736,63,San Juan del Río,MEX,Mexico,America,252398.41878807545,False,True,198.0,728,0.0923076923076923,10.833333333333332,0.2153846153846154,4.642857142857142,20260811.0,continent_population_quintile_proportional_systematic_v1,b48f98184ca4a7ce,1,,America|P1,,,,,,1,Temperate,12,True,Middle,0.789,N_tropical,20.38787956371121,-99.9975661864795,333.2565429108717,False,True,,
00000000000000000785,00000000000000000785,729,729,,729,extension_200_probability_v1,199,Rajim (IND),False,2741,487,Rajim,IND,India,Asia,251885.51900863647,False,True,199.0,729,0.0891719745222929,11.214285714285715,0.2101910828025477,4.75757575757576,20260811.0,continent_population_quintile_proportional_systematic_v1,6f4e89f6889ca510,1,,Asia|P1,,,,,,1,Tropical,3,True,Low,0.685,N_tropical,20.964005870211853,81.85862570486589,113.74574523946136,False,True,,
00000000000000001dcb,00000000000000001dcb,730,730,,730,extension_200_probability_v1,200,Ziguinchor (SEN),False,2754,9,Ziguinchor,SEN,Senegal,Africa,250391.58104896545,False,True,200.0,730,0.0980392156862745,10.2,0.2156862745098039,4.636363636363637,20260811.0,continent_population_quintile_proportional_systematic_v1,c00559f524374388,1,,Africa|P1,,,,,,1,Tropical,3,True,Low,0.53,N_tropical,12.561982052752526,-16.27159628161137,39.911041031838955,False,True,,
0000000000000000029d,0000000000000000029d,731,731,,731,extension_270_probability_v2,1,Ahmedabad (IND),False,53,7,Ahmedabad,IND,India,Asia,7293273.589042306,False,False,1.0,731,0.1352941176470588,7.391304347826088,0.213903743315508,4.675,20260824.0,sequential_residual_continent_population_quintile_systematic_v2,433457dbd088d3ed,2,200.0,Asia|P5,17.0,170.0,23.0,40.0,187.0,5,Arid,6,True,Low,0.685,N_tropical,23.038590546116904,72.58795037047213,1130.464967971327,False,True,False,True
000000000000000002d5,000000000000000002d5,732,732,,732,extension_270_probability_v2,2,Surat (IND),False,80,9,Surat,IND,India,Asia,5704834.349586964,False,False,2.0,732,0.1352941176470588,7.391304347826088,0.213903743315508,4.675,20260824.0,sequential_residual_continent_population_quintile_systematic_v2,a06f32091a6496b6,2,200.0,Asia|P5,17.0,170.0,23.0,40.0,187.0,5,Tropical,3,True,Low,0.685,N_tropical,21.200205409343493,72.80962006324405,678.4786865353078,False,True,False,True
0000000000000000173c,0000000000000000173c,733,733,,733,extension_270_probability_v2,3,Wenzhou (CHN),False,88,18,Wenzhou,CHN,China,Asia,5211421.131878277,False,False,3.0,733,0.1352941176470588,7.391304347826088,0.213903743315508,4.675,20260824.0,sequential_residual_continent_population_quintile_systematic_v2,b3e03aa62a40fe9e,2,200.0,Asia|P5,17.0,170.0,23.0,40.0,187.0,5,Temperate,14,True,Middle,0.797,N_mid,27.90391471066286,120.64114553477351,1411.8359618091397,False,True,False,True
000000000000000013ff,000000000000000013ff,734,734,,734,extension_270_probability_v2,4,Harbin (CHN),False,106,22,Harbin,CHN,China,Asia,4590552.643517666,False,False,4.0,734,0.1352941176470588,7.391304347826088,0.213903743315508,4.675,20260824.0,sequential_residual_continent_population_quintile_systematic_v2,45a6b9951eca6f1b,2,200.0,Asia|P5,17.0,170.0,23.0,40.0,187.0,5,Continental,21,True,Middle,0.797,N_polar,45.67045992962264,126.65782759595145,1544.5348981983277,False,True,False,True
00000000000000001363,00000000000000001363,735,735,,735,extension_270_probability_v2,5,Guiyang (CHN),False,175,38,Guiyang,CHN,China,Asia,3244349.9990422726,False,False,5.0,735,0.1352941176470588,7.391304347826088,0.213903743315508,4.675,20260824.0,sequential_residual_continent_population_quintile_systematic_v2,8b83511f2a7cdf4c,2,200.0,Asia|P5,17.0,170.0,23.0,40.0,187.0,5,Temperate,11,True,Middle,0.797,N_mid,26.58381603237805,106.669278838992,1220.2693549614078,False,True,False,True
0000000000000000212a,0000000000000000212a,736,736,,736,extension_270_probability_v2,6,Tijuana (USA),False,184,15,Tijuana,USA,United States,America,3177732.2325371276,False,False,6.0,736,0.1372549019607843,7.285714285714285,0.2142857142857142,4.666666666666667,20260824.0,sequential_residual_continent_population_quintile_systematic_v2,0a667cfc8e9e865b,2,200.0,America|P5,5.0,51.0,7.0,12.0,56.0,5,Arid,6,True,High,0.938,N_mid,32.96687786029396,-117.0564870938812,3931.1929907162385,False,True,False,True
000000000000000007f4,000000000000000007f4,737,737,,737,extension_270_probability_v2,7,Patna (IND),False,189,19,Patna,IND,India,Asia,3062410.200691223,False,False,7.0,737,0.1352941176470588,7.391304347826088,0.213903743315508,4.675,20260824.0,sequential_residual_continent_population_quintile_systematic_v2,0535427fc972b4ae,2,200.0,Asia|P5,17.0,170.0,23.0,40.0,187.0,5,Temperate,11,True,Low,0.685,N_mid,25.588187549579704,85.11950399473074,315.29695547702477,False,True,False,True
00000000000000000fd2,00000000000000000fd2,738,738,,738,extension_270_probability_v2,8,Curitiba (BRA),False,192,7,Curitiba,BRA,Brazil,America,3033042.204932064,False,False,8.0,738,0.1372549019607843,7.285714285714285,0.2142857142857142,4.666666666666667,20260824.0,sequential_residual_continent_population_quintile_systematic_v2,4684648a7da3c268,2,200.0,America|P5,5.0,51.0,7.0,12.0,56.0,5,Temperate,15,True,Middle,0.786,S_mid,-25.416504596550883,-49.24275030289204,1589.4344750332598,False,True,False,True
0000000000000000221a,0000000000000000221a,739,739,,739,extension_270_probability_v2,9,Boston (USA),False,222,17,Boston,USA,United States,America,2703581.588213687,False,False,9.0,739,0.1372549019607843,7.285714285714285,0.2142857142857142,4.666666666666667,20260824.0,sequential_residual_continent_population_quintile_systematic_v2,06c6044c24347174,2,200.0,America|P5,5.0,51.0,7.0,12.0,56.0,5,Continental,25,True,High,0.938,N_mid,42.38072016679721,-71.02255090115288,2793.7315387314875,False,True,False,True
000000000000000021a4,000000000000000021a4,740,740,,740,extension_270_probability_v2,10,Tampa (USA),False,225,18,Tampa,USA,United States,America,2678157.6854101787,False,False,10.0,740,0.1372549019607843,7.285714285714285,0.2142857142857142,4.666666666666667,20260824.0,sequential_residual_continent_population_quintile_systematic_v2,6dbfdfd7f14f84a5,2,200.0,America|P5,5.0,51.0,7.0,12.0,56.0,5,Temperate,14,True,High,0.938,N_mid,28.023032866473713,-82.49109340984765,4158.680511920641,False,True,False,True
000000000000000009c3,000000000000000009c3,741,741,,741,extension_270_probability_v2,11,Makassar (IDN),False,243,13,Makassar,IDN,Indonesia,Asia,2508648.6857380867,False,False,11.0,741,0.1352941176470588,7.391304347826088,0.213903743315508,4.675,20260824.0,sequential_residual_continent_population_quintile_systematic_v2,07e58b46d8a76898,2,200.0,Asia|P5,17.0,170.0,23.0,40.0,187.0,5,Tropical,2,True,Middle,0.728,S_tropical,-5.183114976945969,119.49424749475118,942.8840935422276,False,True,False,True
0000000000000000153f,0000000000000000153f,742,742,,742,extension_270_probability_v2,12,Linyi (CHN),False,257,45,Linyi,CHN,China,Asia,2405441.9762099236,False,False,12.0,742,0.1352941176470588,7.391304347826088,0.213903743315508,4.675,20260824.0,sequential_residual_continent_population_quintile_systematic_v2,689b8a62a1d9478d,2,200.0,Asia|P5,17.0,170.0,23.0,40.0,187.0,5,Continental,21,True,Middle,0.797,N_mid,35.08484778397892,118.30123903028968,1810.945387176227,False,True,False,True
000000000000000018e5,000000000000000018e5,743,743,,743,extension_270_probability_v2,13,Girga (EGY),False,263,7,Girga,EGY,Egypt,Africa,2371731.018770933,False,False,13.0,743,0.1428571428571428,7.0,0.2,5.0,20260824.0,sequential_residual_continent_population_quintile_systematic_v2,11b8f8f77880ca9a,2,200.0,Africa|P5,1.0,14.0,2.0,3.0,15.0,5,Arid,4,True,Middle,0.754,N_mid,26.247663653432134,31.98044668368562,950.8706819683316,False,True,False,True
00000000000000000b43,00000000000000000b43,744,744,,744,extension_270_probability_v2,14,Sapporo (JPN),False,283,6,Sapporo,JPN,Japan,Asia,2222113.4789280742,False,False,14.0,744,0.1352941176470588,7.391304347826088,0.213903743315508,4.675,20260824.0,sequential_residual_continent_population_quintile_systematic_v2,ff5891f487c3a373,2,200.0,Asia|P5,17.0,170.0,23.0,40.0,187.0,5,Continental,26,True,High,0.925,N_mid,43.070555649202475,141.45339846225383,1540.548177991498,False,True,False,True
000000000000000008bb,000000000000000008bb,745,745,,745,extension_270_probability_v2,15,Tamluk (IND),False,289,32,Tamluk,IND,India,Asia,2162558.0176392794,False,False,15.0,745,0.1352941176470588,7.391304347826088,0.213903743315508,4.675,20260824.0,sequential_residual_continent_population_quintile_systematic_v2,93626e9ed3e5efe5,2,200.0,Asia|P5,17.0,170.0,23.0,40.0,187.0,5,Tropical,3,True,Low,0.685,N_tropical,22.40861691951263,87.86809374934356,897.9946574198804,False,True,False,True
000000000000000011b6,000000000000000011b6,746,746,,746,extension_270_probability_v2,16,Hohhot (CHN),False,294,50,Hohhot,CHN,China,Asia,2130821.8557649255,False,False,16.0,746,0.1352941176470588,7.391304347826088,0.213903743315508,4.675,20260824.0,sequential_residual_continent_population_quintile_systematic_v2,27357c0db0b9ad7e,2,200.0,Asia|P5,17.0,170.0,23.0,40.0,187.0,5,Arid,7,True,Middle,0.797,N_mid,40.7960022945469,111.65943187191056,854.0922433914819,False,True,False,True
00000000000000000f59,00000000000000000f59,747,747,,747,extension_270_probability_v2,17,Manaus (BRA),False,298,12,Manaus,BRA,Brazil,America,2080861.009233579,False,False,17.0,747,0.1372549019607843,7.285714285714285,0.2142857142857142,4.666666666666667,20260824.0,sequential_residual_continent_population_quintile_systematic_v2,d1a0213662b91dc7,2,200.0,America|P5,5.0,51.0,7.0,12.0,56.0,5,Tropical,1,True,Middle,0.786,S_tropical,-3.0663553911914665,-60.005434069353974,451.98732015422286,False,True,False,True
000000000000000013b8,000000000000000013b8,748,748,,748,extension_270_probability_v2,18,Xinxiang (CHN),False,307,54,Xinxiang,CHN,China,Asia,2044707.245569773,False,False,18.0,748,0.1352941176470588,7.391304347826088,0.213903743315508,4.675,20260824.0,sequential_residual_continent_population_quintile_systematic_v2,c58340eb5d6e9055,2,200.0,Asia|P5,17.0,170.0,23.0,40.0,187.0,5,Temperate,11,True,Middle,0.797,N_mid,35.327237527475674,113.85879895449742,1211.287101967131,False,True,False,True
00000000000000000838,00000000000000000838,749,749,,749,extension_270_probability_v2,19,Ranchi (IND),False,350,43,Ranchi,IND,India,Asia,1789434.178290546,False,False,19.0,749,0.1352941176470588,7.391304347826088,0.213903743315508,4.675,20260824.0,sequential_residual_continent_population_quintile_systematic_v2,9eb14939179fab25,2,200.0,Asia|P5,17.0,170.0,23.0,40.0,187.0,5,Temperate,11,True,Low,0.685,N_tropical,23.356065917789184,85.33237067126213,457.98463665409,False,True,False,True
000000000000000004b2,000000000000000004b2,750,750,,750,extension_270_probability_v2,20,Bareilly (IND),False,355,44,Bareilly,IND,India,Asia,1761174.350429535,False,False,20.0,750,0.1352941176470588,7.391304347826088,0.213903743315508,4.675,20260824.0,sequential_residual_continent_population_quintile_systematic_v2,ea39d6d4b6350c73,2,200.0,Asia|P5,17.0,170.0,23.0,40.0,187.0,5,Temperate,11,True,Low,0.685,N_mid,28.3857191532391,79.42383712699093,293.34648685759544,False,True,False,True
00000000000000001a35,00000000000000001a35,751,751,,751,extension_270_probability_v2,21,Kaduna (NGA),False,359,7,Kaduna,NGA,Nigeria,Africa,1745138.9485673904,False,False,21.0,751,0.1428571428571428,7.0,0.2,5.0,20260824.0,sequential_residual_continent_population_quintile_systematic_v2,e77b0c1ee29273d8,2,200.0,Africa|P5,1.0,14.0,2.0,3.0,15.0,5,Tropical,3,True,Low,0.56,N_tropical,10.512073323585003,7.442720338823345,489.9004585433827,False,True,False,True
00000000000000000981,00000000000000000981,752,752,,752,extension_270_probability_v2,22,Madiun (IDN),False,382,21,Madiun,IDN,Indonesia,Asia,1678612.452378929,False,False,22.0,752,0.1352941176470588,7.391304347826088,0.213903743315508,4.675,20260824.0,sequential_residual_continent_population_quintile_systematic_v2,67f9df54b98859e0,2,200.0,Asia|P5,17.0,170.0,23.0,40.0,187.0,5,Tropical,2,True,Middle,0.728,S_tropical,-7.7185774811919075,111.47377785009688,1152.4181791995784,False,True,False,True
000000000000000021fa,000000000000000021fa,753,753,,753,extension_270_probability_v2,23,Virginia Beach (USA),False,395,34,Virginia Beach,USA,United States,America,1624468.9803926004,False,False,23.0,753,0.1372549019607843,7.285714285714285,0.2142857142857142,4.666666666666667,20260824.0,sequential_residual_continent_population_quintile_systematic_v2,0d039b6808e13faa,2,200.0,America|P5,5.0,51.0,7.0,12.0,56.0,5,Temperate,14,True,High,0.938,N_mid,36.90788881690709,-76.42364022803093,3940.180306812537,False,True,False,True
00000000000000000743,00000000000000000743,754,754,,754,extension_270_probability_v2,24,Raipur (IND),False,405,50,Raipur,IND,India,Asia,1590781.0718374848,False,False,24.0,754,0.1352941176470588,7.391304347826088,0.213903743315508,4.675,20260824.0,sequential_residual_continent_population_quintile_systematic_v2,9ea81ba6a78e7119,2,200.0,Asia|P5,17.0,170.0,23.0,40.0,187.0,5,Tropical,3,True,Low,0.685,N_tropical,21.27022095844236,81.64784436770519,502.87521715004056,False,True,False,True
000000000000000020f6,000000000000000020f6,755,755,,755,extension_270_probability_v2,25,Nottingham (GBR),False,411,8,Nottingham,GBR,United Kingdom,Europe,1562399.05847881,False,False,25.0,755,0.1428571428571428,7.0,0.25,4.0,20260824.0,sequential_residual_continent_population_quintile_systematic_v2,cd9d3006371d6982,2,200.0,Europe|P5,2.0,14.0,2.0,4.0,16.0,5,Temperate,15,True,High,0.946,N_polar,53.016202770305405,-1.187952827230521,2242.9864400417255,False,True,False,True
000000000000000016bc,000000000000000016bc,756,756,,756,extension_270_probability_v2,26,Zhangjiagang (CHN),False,425,74,Zhangjiagang,CHN,China,Asia,1509729.029847622,False,False,26.0,756,0.1352941176470588,7.391304347826088,0.213903743315508,4.675,20260824.0,sequential_residual_continent_population_quintile_systematic_v2,d69d2d95cc8a3f2d,2,200.0,Asia|P5,17.0,170.0,23.0,40.0,187.0,5,Temperate,14,True,Middle,0.797,N_mid,31.888472606221622,120.49842188236671,715.3930587122882,False,True,False,True
00000000000000002215,00000000000000002215,757,757,,757,extension_270_probability_v2,27,Providence (USA),False,444,37,Providence,USA,United States,America,1448456.553194025,False,False,27.0,757,0.1372549019607843,7.285714285714285,0.2142857142857142,4.666666666666667,20260824.0,sequential_residual_continent_population_quintile_systematic_v2,1f05e46b00840e11,2,200.0,America|P5,5.0,51.0,7.0,12.0,56.0,5,Continental,25,True,High,0.938,N_mid,41.76576308851048,-71.46839499969016,3742.6222223490618,False,True,False,True
00000000000000001d0f,00000000000000001d0f,758,758,,758,extension_270_probability_v2,28,Nizhny Novgorod (RUS),False,468,6,Nizhny Novgorod,RUS,Russia,Europe,1371549.1242805123,False,False,28.0,758,0.1428571428571428,7.0,0.25,4.0,20260824.0,sequential_residual_continent_population_quintile_systematic_v2,5db9a22cceaeaba8,2,200.0,Europe|P5,2.0,14.0,2.0,4.0,16.0,5,Continental,26,True,High,0.832,N_polar,56.28456407328456,43.91123150080951,962.845995572961,False,True,False,True
00000000000000001b80,00000000000000001b80,759,759,,759,extension_270_probability_v2,29,Mardan (PAK),False,486,11,Mardan,PAK,Pakistan,Asia,1327263.4841997027,False,False,29.0,759,0.1352941176470588,7.391304347826088,0.213903743315508,4.675,20260824.0,sequential_residual_continent_population_quintile_systematic_v2,051d0cce9579de90,2,200.0,Asia|P5,17.0,170.0,23.0,40.0,187.0,5,Arid,6,True,Low,0.544,N_mid,34.19095702402113,72.07766828523346,509.85288371475696,False,True,False,True
000000000000000016af,000000000000000016af,760,760,,760,extension_270_probability_v2,30,Jiangyin (CHN),False,513,89,Jiangyin,CHN,China,Asia,1258760.8978862762,False,False,30.0,760,0.1352941176470588,7.391304347826088,0.213903743315508,4.675,20260824.0,sequential_residual_continent_population_quintile_systematic_v2,8b2c54cf892ab2ef,2,200.0,Asia|P5,17.0,170.0,23.0,40.0,187.0,5,Temperate,14,True,Middle,0.797,N_mid,31.974768098540956,120.24699880807732,733.3557825495674,False,True,False,True
00000000000000000728,00000000000000000728,761,761,,761,extension_270_probability_v2,31,Durg (IND),False,522,70,Durg,IND,India,Asia,1235052.616347313,False,False,31.0,761,0.1352941176470588,7.391304347826088,0.213903743315508,4.675,20260824.0,sequential_residual_continent_population_quintile_systematic_v2,df972b42d5e2dbea,2,200.0,Asia|P5,17.0,170.0,23.0,40.0,187.0,5,Tropical,3,True,Low,0.685,N_tropical,21.19942191801853,81.34493951160826,330.2654706408455,False,True,False,True
000000000000000015d0,000000000000000015d0,762,762,,762,extension_270_probability_v2,32,Zhanjiang (CHN),False,536,92,Zhanjiang,CHN,China,Asia,1204127.2661168892,False,False,32.0,762,0.1352941176470588,7.391304347826088,0.213903743315508,4.675,20260824.0,sequential_residual_continent_population_quintile_systematic_v2,a90e67404a1dd334,2,200.0,Asia|P5,17.0,170.0,23.0,40.0,187.0,5,Temperate,11,True,Middle,0.797,N_tropical,21.24647029225824,110.36519435505012,610.6359883062473,False,True,False,True
00000000000000000561,00000000000000000561,763,763,,763,extension_270_probability_v2,33,Hardoi (IND),False,540,71,Hardoi,IND,India,Asia,1195723.5703582764,False,False,33.0,763,0.1352941176470588,7.391304347826088,0.213903743315508,4.675,20260824.0,sequential_residual_continent_population_quintile_systematic_v2,350bc7a1fa9d3312,2,200.0,Asia|P5,17.0,170.0,23.0,40.0,187.0,5,Temperate,11,True,Low,0.685,N_mid,27.39212997461208,80.13865913338263,51.88374101260369,False,True,False,True
00000000000000000281,00000000000000000281,764,764,,764,extension_270_probability_v2,34,Jalandhar (IND),False,541,72,Jalandhar,IND,India,Asia,1193165.847032547,False,False,34.0,764,0.1352941176470588,7.391304347826088,0.213903743315508,4.675,20260824.0,sequential_residual_continent_population_quintile_systematic_v2,b2923139699eb447,2,200.0,Asia|P5,17.0,170.0,23.0,40.0,187.0,5,Arid,6,True,Low,0.685,N_mid,31.34544438662325,75.57403789302799,368.1755746448978,False,True,False,True
0000000000000000141d,0000000000000000141d,765,765,,765,extension_270_probability_v2,35,Jinzhou (CHN),False,554,98,Jinzhou,CHN,China,Asia,1171199.2951397486,False,False,35.0,765,0.1353383458646616,7.388888888888889,0.2150170648464164,4.65079365079365,20260824.0,sequential_residual_continent_population_quintile_systematic_v2,4ebe4506a501232a,2,200.0,Asia|P4,27.0,266.0,36.0,63.0,293.0,4,Continental,21,True,Middle,0.797,N_mid,41.120899985359735,121.18202583682738,573.7145593921432,False,True,False,True
00000000000000000891,00000000000000000891,766,766,,766,extension_270_probability_v2,36,Bhubaneshwar (IND),False,560,75,Bhubaneshwar,IND,India,Asia,1156974.1931708902,False,False,36.0,766,0.1353383458646616,7.388888888888889,0.2150170648464164,4.65079365079365,20260824.0,sequential_residual_continent_population_quintile_systematic_v2,872ba8ac1c4f92a9,2,200.0,Asia|P4,27.0,266.0,36.0,63.0,293.0,4,Tropical,3,True,Low,0.685,N_tropical,20.292497399495037,85.83336269874347,300.32806262615816,False,True,False,True
000000000000000011dd,000000000000000011dd,767,767,,767,extension_270_probability_v2,37,Mianyang (CHN),False,583,101,Mianyang,CHN,China,Asia,1129793.1630721092,False,False,37.0,767,0.1353383458646616,7.388888888888889,0.2150170648464164,4.65079365079365,20260824.0,sequential_residual_continent_population_quintile_systematic_v2,91b9147d31325720,2,200.0,Asia|P4,27.0,266.0,36.0,63.0,293.0,4,Temperate,11,True,Middle,0.797,N_mid,31.469071750689903,104.709237280367,647.5486452130742,False,True,False,True
000000000000000009b5,000000000000000009b5,768,768,,768,extension_270_probability_v2,38,Samarinda (IDN),False,590,27,Samarinda,IDN,Indonesia,Asia,1114038.7533493042,False,False,38.0,768,0.1353383458646616,7.388888888888889,0.2150170648464164,4.65079365079365,20260824.0,sequential_residual_continent_population_quintile_systematic_v2,90d337567232bda8,2,200.0,Asia|P4,27.0,266.0,36.0,63.0,293.0,4,Tropical,1,True,Middle,0.728,S_tropical,-0.5212334568654549,117.15340859876768,493.89475858364176,False,True,False,True
00000000000000001adb,00000000000000001adb,769,769,,769,extension_270_probability_v2,39,Maiduguri (NGA),False,591,14,Maiduguri,NGA,Nigeria,Africa,1112394.56466794,False,False,39.0,769,0.1481481481481481,6.75,0.2333333333333333,4.285714285714286,20260824.0,sequential_residual_continent_population_quintile_systematic_v2,d2d9ad8d423ce6ad,2,200.0,Africa|P4,3.0,27.0,4.0,7.0,30.0,4,Arid,6,True,Low,0.56,N_tropical,11.842327622898662,13.156014156923074,240.46268285535012,False,True,False,True
000000000000000021f8,000000000000000021f8,770,770,,770,extension_270_probability_v2,40,Richmond (USA),False,609,46,Richmond,USA,United States,America,1082917.9088214412,False,False,40.0,770,0.1351351351351351,7.4,0.2098765432098765,4.764705882352941,20260824.0,sequential_residual_continent_population_quintile_systematic_v2,8ac860bb49ed768a,2,200.0,America|P4,7.0,74.0,10.0,17.0,81.0,4,Temperate,14,True,High,0.938,N_mid,37.50978707526638,-77.51056383211846,2785.7666525330033,False,True,False,True
00000000000000000b56,00000000000000000b56,771,771,,771,extension_270_probability_v2,41,Kumamoto (JPN),False,617,14,Kumamoto,JPN,Japan,Asia,1068107.6197495786,False,False,41.0,771,0.1353383458646616,7.388888888888889,0.2150170648464164,4.65079365079365,20260824.0,sequential_residual_continent_population_quintile_systematic_v2,db56dc4938e242a7,2,200.0,Asia|P4,27.0,266.0,36.0,63.0,293.0,4,Temperate,14,True,High,0.925,N_mid,32.81006502586692,130.7233760546459,1120.4892895790856,False,True,False,True
00000000000000000517,00000000000000000517,772,772,,772,extension_270_probability_v2,42,Shahjahanpur (IND),False,633,85,Shahjahanpur,IND,India,Asia,1044912.37819767,False,False,42.0,772,0.1353383458646616,7.388888888888889,0.2150170648464164,4.65079365079365,20260824.0,sequential_residual_continent_population_quintile_systematic_v2,01ac84c234fb4734,2,200.0,Asia|P4,27.0,266.0,36.0,63.0,293.0,4,Temperate,11,True,Low,0.685,N_mid,27.854455175642112,79.92278019684807,217.50916761764196,False,True,False,True
00000000000000002208,00000000000000002208,773,773,,773,extension_270_probability_v2,43,Allentown (USA),False,639,48,Allentown,USA,United States,America,1036069.8264085724,False,False,43.0,773,0.1351351351351351,7.4,0.2098765432098765,4.764705882352941,20260824.0,sequential_residual_continent_population_quintile_systematic_v2,2693115445744699,2,200.0,America|P4,7.0,74.0,10.0,17.0,81.0,4,Continental,25,True,High,0.938,N_mid,40.68422011552337,-75.3741255138226,4355.235329837976,False,True,False,True
00000000000000000ef6,00000000000000000ef6,774,774,,774,extension_270_probability_v2,44,Kishoreganj (BGD),False,640,16,Kishoreganj,BGD,Bangladesh,Asia,1035698.0808268636,False,False,44.0,774,0.1353383458646616,7.388888888888889,0.2150170648464164,4.65079365079365,20260824.0,sequential_residual_continent_population_quintile_systematic_v2,6d6d4dfe02ddb833,2,200.0,Asia|P4,27.0,266.0,36.0,63.0,293.0,4,Temperate,11,True,Low,0.685,N_mid,24.411547046374608,90.81323479385078,548.7735970145761,False,True,False,True
00000000000000001677,00000000000000001677,775,775,,775,extension_270_probability_v2,45,Ganzhou (CHN),False,664,115,Ganzhou,CHN,China,Asia,1008165.4311771542,False,False,45.0,775,0.1353383458646616,7.388888888888889,0.2150170648464164,4.65079365079365,20260824.0,sequential_residual_continent_population_quintile_systematic_v2,b22c79ff90c5d1a1,2,200.0,Asia|P4,27.0,266.0,36.0,63.0,293.0,4,Temperate,14,True,Middle,0.797,N_mid,25.85663984418396,114.89949156596327,606.6457022032815,False,True,False,True
00000000000000002005,00000000000000002005,776,776,,776,extension_270_probability_v2,46,Konya (TUR),False,681,8,Konya,TUR,Türkiye,Asia,972561.9410755634,False,False,46.0,776,0.1353383458646616,7.388888888888889,0.2150170648464164,4.65079365079365,20260824.0,sequential_residual_continent_population_quintile_systematic_v2,c75403689b1ae23c,2,200.0,Asia|P4,27.0,266.0,36.0,63.0,293.0,4,Arid,7,True,High,0.853,N_mid,37.878061621064575,32.544460864591265,915.9477629099596,False,True,False,True
0000000000000000211d,0000000000000000211d,777,777,,777,extension_270_probability_v2,47,Honolulu (USA),False,694,51,Honolulu,USA,United States,America,958405.491074875,False,False,47.0,777,0.1351351351351351,7.4,0.2098765432098765,4.764705882352941,20260824.0,sequential_residual_continent_population_quintile_systematic_v2,ff9142f6eddcc75c,2,200.0,America|P4,7.0,74.0,10.0,17.0,81.0,4,Tropical,3,True,High,0.938,N_tropical,21.410429433580195,-157.94524961481807,1219.2675209045244,False,True,False,True
00000000000000000615,00000000000000000615,778,778,,778,extension_270_probability_v2,48,Bahraich (IND),False,697,98,Bahraich,IND,India,Asia,956732.7698516846,False,False,48.0,778,0.1353383458646616,7.388888888888889,0.2150170648464164,4.65079365079365,20260824.0,sequential_residual_continent_population_quintile_systematic_v2,6e30b0021b9d4d5d,2,200.0,Asia|P4,27.0,266.0,36.0,63.0,293.0,4,Temperate,11,True,Low,0.685,N_mid,27.574810832534215,81.61742898453504,81.8170891233733,False,True,False,True
000000000000000000f0,000000000000000000f0,779,779,,779,extension_270_probability_v2,49,Lens (FRA),False,703,8,Lens,FRA,France,Europe,951274.8073833138,False,False,49.0,779,0.125,8.0,0.2075471698113207,4.818181818181818,20260824.0,sequential_residual_continent_population_quintile_systematic_v2,6367f36e26dd8d58,2,200.0,Europe|P4,5.0,48.0,6.0,11.0,53.0,4,Temperate,15,True,High,0.92,N_polar,50.44243385492869,2.884526874270073,1625.354320575435,False,True,False,True
00000000000000001a5c,00000000000000001a5c,780,780,,780,extension_270_probability_v2,50,Uyo (NGA),False,706,17,Uyo,NGA,Nigeria,Africa,948300.1651668547,False,False,50.0,780,0.1481481481481481,6.75,0.2333333333333333,4.285714285714286,20260824.0,sequential_residual_continent_population_quintile_systematic_v2,7d444e280a6f74de,2,200.0,Africa|P4,3.0,27.0,4.0,7.0,30.0,4,Tropical,2,True,Low,0.56,N_tropical,5.013486863577272,7.91543032131495,191.5713454154564,False,True,False,True
00000000000000000c92,00000000000000000c92,781,781,,781,extension_270_probability_v2,51,Morelia (MEX),False,714,15,Morelia,MEX,Mexico,America,939744.5468974748,False,False,51.0,781,0.1351351351351351,7.4,0.2098765432098765,4.764705882352941,20260824.0,sequential_residual_continent_population_quintile_systematic_v2,4f00728b71db74ca,2,200.0,America|P4,7.0,74.0,10.0,17.0,81.0,4,Temperate,12,True,Middle,0.789,N_tropical,19.725871955552197,-101.20844064967312,897.9877837634219,False,True,False,True
00000000000000000606,00000000000000000606,782,782,,782,extension_270_probability_v2,52,Alappuzha (IND),False,715,103,Alappuzha,IND,India,Asia,939486.4398622512,False,False,52.0,782,0.1353383458646616,7.388888888888889,0.2150170648464164,4.65079365079365,20260824.0,sequential_residual_continent_population_quintile_systematic_v2,98d9f8bba61e062a,2,200.0,Asia|P4,27.0,266.0,36.0,63.0,293.0,4,Tropical,2,True,Low,0.685,N_tropical,9.575736830694954,76.34287031795347,398.10213406279286,False,True,False,True
000000000000000022c4,000000000000000022c4,783,783,,783,extension_270_probability_v2,53,Can Tho (VNM),False,736,7,Can Tho,VNM,Vietnam,Asia,916920.4082962276,False,False,53.0,783,0.1353383458646616,7.388888888888889,0.2150170648464164,4.65079365079365,20260824.0,sequential_residual_continent_population_quintile_systematic_v2,79ee8b5048fb2ab4,2,200.0,Asia|P4,27.0,266.0,36.0,63.0,293.0,4,Tropical,3,True,Middle,0.766,N_tropical,10.03337810823705,105.73152743489275,446.9974953868396,False,True,False,True
00000000000000001286,00000000000000001286,784,784,,784,extension_270_probability_v2,54,Luzhou (CHN),False,737,127,Luzhou,CHN,China,Asia,916108.7853631972,False,False,54.0,784,0.1353383458646616,7.388888888888889,0.2150170648464164,4.65079365079365,20260824.0,sequential_residual_continent_population_quintile_systematic_v2,f6dbf329a2309411,2,200.0,Asia|P4,27.0,266.0,36.0,63.0,293.0,4,Temperate,14,True,Middle,0.797,N_mid,28.915396980109524,105.431442083432,475.93320455290745,False,True,False,True
00000000000000000c72,00000000000000000c72,785,785,,785,extension_270_probability_v2,55,Culiacán (MEX),False,754,17,Culiacán,MEX,Mexico,America,897804.7078671008,False,False,55.0,785,0.1351351351351351,7.4,0.2098765432098765,4.764705882352941,20260824.0,sequential_residual_continent_population_quintile_systematic_v2,7e9fdd135d4322b8,2,200.0,America|P4,7.0,74.0,10.0,17.0,81.0,4,Arid,6,True,Middle,0.789,N_mid,24.73426524158508,-107.4587296426837,993.7673308898136,False,True,False,True
0000000000000000215d,0000000000000000215d,786,786,,786,extension_270_probability_v2,56,Albuquerque (USA),False,757,54,Albuquerque,USA,United States,America,890375.740810233,False,False,56.0,786,0.1351351351351351,7.4,0.2098765432098765,4.764705882352941,20260824.0,sequential_residual_continent_population_quintile_systematic_v2,4d14c4545b3d01ce,2,200.0,America|P4,7.0,74.0,10.0,17.0,81.0,4,Arid,5,True,High,0.938,N_mid,35.11799782651416,-106.55456238090866,1955.6234646820535,False,True,False,True
00000000000000000f62,00000000000000000f62,787,787,,787,extension_270_probability_v2,57,Cuiabá (BRA),False,787,26,Cuiabá,BRA,Brazil,America,867077.4442822114,False,False,57.0,787,0.1351351351351351,7.4,0.2098765432098765,4.764705882352941,20260824.0,sequential_residual_continent_population_quintile_systematic_v2,7e6637ed14474d94,2,200.0,America|P4,7.0,74.0,10.0,17.0,81.0,4,Tropical,3,True,Middle,0.786,S_tropical,-15.633075013023191,-56.081924091557426,459.970352080744,False,True,False,True
00000000000000000cd9,00000000000000000cd9,788,788,,788,extension_270_probability_v2,58,Veracruz (MEX),False,791,19,Veracruz,MEX,Mexico,America,864076.8092431128,False,False,58.0,788,0.1351351351351351,7.4,0.2098765432098765,4.764705882352941,20260824.0,sequential_residual_continent_population_quintile_systematic_v2,b70cae3101ceaeab,2,200.0,America|P4,7.0,74.0,10.0,17.0,81.0,4,Tropical,3,True,Middle,0.789,N_tropical,19.181613255613843,-96.22746792912636,621.5992476360123,False,True,False,True
000000000000000013f9,000000000000000013f9,789,789,,789,extension_270_probability_v2,59,Fuxin (CHN),False,796,135,Fuxin,CHN,China,Asia,851771.0495356917,False,False,59.0,789,0.1353383458646616,7.388888888888889,0.2150170648464164,4.65079365079365,20260824.0,sequential_residual_continent_population_quintile_systematic_v2,35ce88313a3d1ca7,2,200.0,Asia|P4,27.0,266.0,36.0,63.0,293.0,4,Continental,21,True,Middle,0.797,N_mid,42.02686405916132,121.66037895049683,738.3454333883268,False,True,False,True
0000000000000000139b,0000000000000000139b,790,790,,790,extension_270_probability_v2,60,Gongyi (CHN),False,808,141,Gongyi,CHN,China,Asia,843093.3854482174,False,False,60.0,790,0.1353383458646616,7.388888888888889,0.2150170648464164,4.65079365079365,20260824.0,sequential_residual_continent_population_quintile_systematic_v2,b2a6b298ce07d137,2,200.0,Asia|P4,27.0,266.0,36.0,63.0,293.0,4,Temperate,11,True,Middle,0.797,N_mid,34.71786498505697,112.88330997557446,532.8046999053129,False,True,False,True
00000000000000000abd,00000000000000000abd,791,791,,791,extension_270_probability_v2,61,Karbala (IRQ),False,812,9,Karbala,IRQ,Iraq,Asia,837483.7909502983,False,False,61.0,791,0.1353383458646616,7.388888888888889,0.2150170648464164,4.65079365079365,20260824.0,sequential_residual_continent_population_quintile_systematic_v2,e45a0fe74f0b0ee7,2,200.0,Asia|P4,27.0,266.0,36.0,63.0,293.0,4,Arid,4,True,Low,0.695,N_mid,32.61483038983001,44.06062236037002,328.2691566070234,False,True,False,True
00000000000000000ac3,00000000000000000ac3,792,792,,792,extension_270_probability_v2,62,Sulaymaniyah (IRQ),False,816,10,Sulaymaniyah,IRQ,Iraq,Asia,830298.172311306,False,False,62.0,792,0.1353383458646616,7.388888888888889,0.2150170648464164,4.65079365079365,20260824.0,sequential_residual_continent_population_quintile_systematic_v2,362b915dd03c0263,2,200.0,Asia|P4,27.0,266.0,36.0,63.0,293.0,4,Temperate,8,True,Low,0.695,N_mid,35.55356378845778,45.4286884594333,241.45910066470017,False,True,False,True
00000000000000000632,00000000000000000632,793,793,,793,extension_270_probability_v2,63,Rae Bareli (IND),False,827,119,Rae Bareli,IND,India,Asia,822183.4974594116,False,False,63.0,793,0.1353383458646616,7.388888888888889,0.2150170648464164,4.65079365079365,20260824.0,sequential_residual_continent_population_quintile_systematic_v2,93a5aed2776e1034,2,200.0,Asia|P4,27.0,266.0,36.0,63.0,293.0,4,Temperate,11,True,Low,0.685,N_mid,26.227597768763022,81.25675140911535,109.75526162819824,False,True,False,True
00000000000000001638,00000000000000001638,794,794,,794,extension_270_probability_v2,64,Zhaoqing (CHN),False,830,146,Zhaoqing,CHN,China,Asia,821236.7485662475,False,False,64.0,794,0.1353383458646616,7.388888888888889,0.2150170648464164,4.65079365079365,20260824.0,sequential_residual_continent_population_quintile_systematic_v2,7d2bd61177bfcee9,2,200.0,Asia|P4,27.0,266.0,36.0,63.0,293.0,4,Temperate,14,True,Middle,0.797,N_tropical,23.04200331502219,112.46744287057484,484.9132639949708,False,True,False,True
000000000000000012db,000000000000000012db,795,795,,795,extension_270_probability_v2,65,Yangquan (CHN),False,850,150,Yangquan,CHN,China,Asia,798860.7924858034,False,False,65.0,795,0.1353383458646616,7.388888888888889,0.2150170648464164,4.65079365079365,20260824.0,sequential_residual_continent_population_quintile_systematic_v2,57715d31e48dd622,2,200.0,Asia|P4,27.0,266.0,36.0,63.0,293.0,4,Arid,7,True,Middle,0.797,N_mid,37.86024988633657,113.55874514608756,466.95216451828054,False,True,False,True
00000000000000000134,00000000000000000134,796,796,,796,extension_270_probability_v2,66,Karlsruhe (DEU),False,860,15,Karlsruhe,DEU,Germany,Europe,794086.1276295502,False,False,66.0,796,0.125,8.0,0.2075471698113207,4.818181818181818,20260824.0,sequential_residual_continent_population_quintile_systematic_v2,89c53f405072a51e,2,200.0,Europe|P4,5.0,48.0,6.0,11.0,53.0,4,Temperate,15,True,High,0.959,N_polar,49.03934210492882,8.363413411279454,1295.1005612895856,False,True,False,True
000000000000000014ce,000000000000000014ce,797,797,,797,extension_270_probability_v2,67,Bayuquan (CHN),False,861,154,Bayuquan,CHN,China,Asia,791031.531754341,False,False,67.0,797,0.1353383458646616,7.388888888888889,0.2150170648464164,4.65079365079365,20260824.0,sequential_residual_continent_population_quintile_systematic_v2,fc69080802bbd1b4,2,200.0,Asia|P4,27.0,266.0,36.0,63.0,293.0,4,Continental,21,True,Middle,0.797,N_mid,40.310027132151205,122.23244342068168,608.6405847980109,False,True,False,True
0000000000000000057b,0000000000000000057b,798,798,,798,extension_270_probability_v2,68,Kalaburagi (IND),False,866,124,Kalaburagi,IND,India,Asia,787693.5436935425,False,False,68.0,798,0.1353383458646616,7.388888888888889,0.2150170648464164,4.65079365079365,20260824.0,sequential_residual_continent_population_quintile_systematic_v2,48b1fcfd0357731d,2,200.0,Asia|P4,27.0,266.0,36.0,63.0,293.0,4,Arid,6,True,Low,0.685,N_tropical,17.32669150339031,76.82964431195036,192.57017037126153,False,True,False,True
00000000000000000b70,00000000000000000b70,799,799,,799,extension_270_probability_v2,69,Takamatsu (JPN),False,874,22,Takamatsu,JPN,Japan,Asia,779885.4010130484,False,False,69.0,799,0.1353383458646616,7.388888888888889,0.2150170648464164,4.65079365079365,20260824.0,sequential_residual_continent_population_quintile_systematic_v2,37c537ce3c8b2a47,2,200.0,Asia|P4,27.0,266.0,36.0,63.0,293.0,4,Temperate,14,True,High,0.925,N_mid,34.27651509027202,133.97768935461056,985.791234028725,False,True,False,True
00000000000000001d3e,00000000000000001d3e,800,800,,800,extension_270_probability_v2,70,Tolyatti (RUS),False,877,18,Tolyatti,RUS,Russia,Europe,774625.7824796843,False,False,70.0,800,0.125,8.0,0.2075471698113207,4.818181818181818,20260824.0,sequential_residual_continent_population_quintile_systematic_v2,41282dc0d6cff0e7,2,200.0,Europe|P4,5.0,48.0,6.0,11.0,53.0,4,Continental,26,True,High,0.832,N_polar,53.50315046068308,49.423245885248775,468.9475932817904,False,True,False,True
00000000000000000965,00000000000000000965,801,801,,801,extension_270_probability_v2,71,Kuningan (IDN),False,894,38,Kuningan,IDN,Indonesia,Asia,762418.1730463505,False,False,71.0,801,0.1353383458646616,7.388888888888889,0.2150170648464164,4.65079365079365,20260824.0,sequential_residual_continent_population_quintile_systematic_v2,a04d9a231480091c,2,200.0,Asia|P4,27.0,266.0,36.0,63.0,293.0,4,Tropical,2,True,Middle,0.728,S_tropical,-6.9547446860428455,108.53790556457206,382.14510306225543,False,True,False,True
000000000000000008ad,000000000000000008ad,802,802,,802,extension_270_probability_v2,72,Kharagpur (IND),False,896,131,Kharagpur,IND,India,Asia,762236.4851975441,False,False,72.0,802,0.1353383458646616,7.388888888888889,0.2150170648464164,4.65079365079365,20260824.0,sequential_residual_continent_population_quintile_systematic_v2,80d1986c96078fe9,2,200.0,Asia|P4,27.0,266.0,36.0,63.0,293.0,4,Tropical,3,True,Low,0.685,N_tropical,22.332680648708244,87.31192468127841,119.73296637617678,False,True,False,True
000000000000000016b6,000000000000000016b6,803,803,,803,extension_270_probability_v2,73,Yixing (CHN),False,914,163,Yixing,CHN,China,Asia,740229.4380922318,False,False,73.0,803,0.1353383458646616,7.388888888888889,0.2150170648464164,4.65079365079365,20260824.0,sequential_residual_continent_population_quintile_systematic_v2,c3936562ec0ed064,2,200.0,Asia|P4,27.0,266.0,36.0,63.0,293.0,4,Temperate,14,True,Middle,0.797,N_mid,31.34079575682208,119.832998559684,478.9290879298566,False,True,False,True
0000000000000000075b,0000000000000000075b,804,804,,804,extension_270_probability_v2,74,Deoria (IND),False,922,137,Deoria,IND,India,Asia,728047.2099647522,False,False,74.0,804,0.1353383458646616,7.388888888888889,0.2150170648464164,4.65079365079365,20260824.0,sequential_residual_continent_population_quintile_systematic_v2,07a36214cb82552f,2,200.0,Asia|P4,27.0,266.0,36.0,63.0,293.0,4,Temperate,11,True,Low,0.685,N_mid,26.506595034898112,83.7784957872853,54.87797039499421,False,True,False,True
00000000000000000b12,00000000000000000b12,805,805,,805,extension_270_probability_v2,75,Padua (ITA),False,936,10,Padua,ITA,Italy,Europe,714150.8333095908,False,False,75.0,805,0.125,8.0,0.2075471698113207,4.818181818181818,20260824.0,sequential_residual_continent_population_quintile_systematic_v2,1b8b85c0aa4acea5,2,200.0,Europe|P4,5.0,48.0,6.0,11.0,53.0,4,Temperate,14,True,High,0.915,N_polar,45.4180025786347,11.907414475418872,901.9800673585702,False,True,False,True
00000000000000001d91,00000000000000001d91,806,806,,806,extension_270_probability_v2,76,Vladivostok (RUS),False,943,19,Vladivostok,RUS,Russia,Europe,706842.516172573,False,False,76.0,806,0.125,8.0,0.2075471698113207,4.818181818181818,20260824.0,sequential_residual_continent_population_quintile_systematic_v2,ae94120a3fde14a4,2,200.0,Europe|P4,5.0,48.0,6.0,11.0,53.0,4,Continental,22,True,High,0.832,N_mid,43.23845198902787,132.0561930087693,786.2434748556327,False,True,False,True
00000000000000001ad3,00000000000000001ad3,807,807,,807,extension_270_probability_v2,77,Jimeta (NGA),False,952,24,Jimeta,NGA,Nigeria,Africa,703661.3584508896,False,False,77.0,807,0.1481481481481481,6.75,0.2333333333333333,4.285714285714286,20260824.0,sequential_residual_continent_population_quintile_systematic_v2,49c63fdf64a05cf6,2,200.0,Africa|P4,3.0,27.0,4.0,7.0,30.0,4,Tropical,3,True,Low,0.56,N_tropical,9.254721261667813,12.439637532586795,163.63511718741566,False,True,False,True
000000000000000002e4,000000000000000002e4,808,808,,808,extension_270_probability_v2,78,Patiala (IND),False,954,143,Patiala,IND,India,Asia,702413.5524048805,False,False,78.0,808,0.1353383458646616,7.388888888888889,0.2150170648464164,4.65079365079365,20260824.0,sequential_residual_continent_population_quintile_systematic_v2,7acd586ca47665c0,2,200.0,Asia|P4,27.0,266.0,36.0,63.0,293.0,4,Arid,6,True,Low,0.685,N_mid,30.345976359760776,76.39593318423401,226.49204174847793,False,True,False,True
00000000000000000d23,00000000000000000d23,809,809,,809,extension_270_probability_v2,79,Meknes (MAR),False,963,7,Meknes,MAR,Morocco,Africa,698287.7274768353,False,False,79.0,809,0.1481481481481481,6.75,0.2333333333333333,4.285714285714286,20260824.0,sequential_residual_continent_population_quintile_systematic_v2,6b15310d5afad79f,2,200.0,Africa|P4,3.0,27.0,4.0,7.0,30.0,4,Temperate,8,True,Middle,0.71,N_mid,33.88596703739916,-5.546952120702552,291.3509079118096,False,True,False,True
0000000000000000123c,0000000000000000123c,810,810,,810,extension_270_probability_v2,80,Xingping (CHN),False,987,179,Xingping,CHN,China,Asia,683027.4496933296,False,False,80.0,810,0.1353383458646616,7.388888888888889,0.2150170648464164,4.65079365079365,20260824.0,sequential_residual_continent_population_quintile_systematic_v2,8419d25ca5108d05,2,200.0,Asia|P4,27.0,266.0,36.0,63.0,293.0,4,Temperate,11,True,Middle,0.797,N_mid,34.2456295851556,108.33271580701376,488.9094496326554,False,True,False,True
00000000000000000705,00000000000000000705,811,811,,811,extension_270_probability_v2,81,Bhadohi (IND),False,988,151,Bhadohi,IND,India,Asia,681444.9927818179,False,False,81.0,811,0.1353383458646616,7.388888888888889,0.2150170648464164,4.65079365079365,20260824.0,sequential_residual_continent_population_quintile_systematic_v2,6a55a31a13aeee3e,2,200.0,Asia|P4,27.0,266.0,36.0,63.0,293.0,4,Temperate,11,True,Low,0.685,N_mid,25.38534596000021,82.58148900421915,117.73669547745452,False,True,False,True
000000000000000008f1,000000000000000008f1,812,812,,812,extension_270_probability_v2,82,Silchar (IND),False,1024,162,Silchar,IND,India,Asia,653578.0066260099,False,False,82.0,812,0.1353383458646616,7.388888888888889,0.2150170648464164,4.65079365079365,20260824.0,sequential_residual_continent_population_quintile_systematic_v2,58d9659eede911a3,2,200.0,Asia|P4,27.0,266.0,36.0,63.0,293.0,4,Tropical,2,True,Low,0.685,N_mid,24.806485302462796,92.80037748994076,216.51857900739483,False,True,False,True
000000000000000008e1,000000000000000008e1,813,813,,813,extension_270_probability_v2,83,Kharupetia (IND),False,1028,163,Kharupetia,IND,India,Asia,651600.6446933746,False,False,83.0,813,0.1353383458646616,7.388888888888889,0.2150170648464164,4.65079365079365,20260824.0,sequential_residual_continent_population_quintile_systematic_v2,d51d1ab091809bd1,2,200.0,Asia|P4,27.0,266.0,36.0,63.0,293.0,4,Temperate,11,True,Low,0.685,N_mid,26.562580063351795,92.12708999468884,417.0668677816988,False,True,False,True
000000000000000000f9,000000000000000000f9,814,814,,814,extension_270_probability_v2,84,Montpellier (FRA),False,1032,12,Montpellier,FRA,France,Europe,649423.0359131545,False,False,84.0,814,0.125,8.0,0.2075471698113207,4.818181818181818,20260824.0,sequential_residual_continent_population_quintile_systematic_v2,eb22d600d249a052,2,200.0,Europe|P4,5.0,48.0,6.0,11.0,53.0,4,Temperate,8,True,High,0.92,N_mid,43.62658436466517,3.889409085023127,1300.093011843181,False,True,False,True
00000000000000002200,00000000000000002200,815,815,,815,extension_270_probability_v2,85,Harrisburg (USA),False,1036,71,Harrisburg,USA,United States,America,646273.3181898207,False,False,85.0,815,0.1351351351351351,7.4,0.2098765432098765,4.764705882352941,20260824.0,sequential_residual_continent_population_quintile_systematic_v2,727ce77a7469543d,2,200.0,America|P4,7.0,74.0,10.0,17.0,81.0,4,Continental,25,True,High,0.938,N_mid,40.28533146120292,-76.93894757233504,3481.204207117348,False,True,False,True
00000000000000001ff1,00000000000000001ff1,816,816,,816,extension_270_probability_v2,86,Denizli (TUR),False,1065,15,Denizli,TUR,Türkiye,Asia,632000.6824935973,False,False,86.0,816,0.1353383458646616,7.388888888888889,0.2150170648464164,4.65079365079365,20260824.0,sequential_residual_continent_population_quintile_systematic_v2,cf18ddb0089ce8a2,2,200.0,Asia|P4,27.0,266.0,36.0,63.0,293.0,4,Temperate,8,True,High,0.853,N_mid,37.79367957817895,29.10454002443288,398.1058680318249,False,True,False,True
0000000000000000167e,0000000000000000167e,817,817,,817,extension_270_probability_v2,87,Fuzhou (CHN),False,1066,188,Fuzhou,CHN,China,Asia,631595.2963790745,False,False,87.0,817,0.1353383458646616,7.388888888888889,0.2150170648464164,4.65079365079365,20260824.0,sequential_residual_continent_population_quintile_systematic_v2,d751fa1f20d6582a,2,200.0,Asia|P4,27.0,266.0,36.0,63.0,293.0,4,Temperate,14,True,Middle,0.797,N_mid,27.956029050346142,116.35178155210276,416.0689143673662,False,True,False,True
00000000000000000558,00000000000000000558,818,818,,818,extension_270_probability_v2,88,Davanagere (IND),False,1068,170,Davanagere,IND,India,Asia,629837.9634437561,False,False,88.0,818,0.1353383458646616,7.388888888888889,0.2150170648464164,4.65079365079365,20260824.0,sequential_residual_continent_population_quintile_systematic_v2,59148c6424d89734,2,200.0,Asia|P4,27.0,266.0,36.0,63.0,293.0,4,Arid,6,True,Low,0.685,N_tropical,14.453325359678038,75.91884758006272,111.74818510099038,False,True,False,True
000000000000000021d9,000000000000000021d9,819,819,,819,extension_270_probability_v2,89,Columbia (USA),False,1087,74,Columbia,USA,United States,America,620380.884821988,False,False,89.0,819,0.1351351351351351,7.4,0.2098765432098765,4.764705882352941,20260824.0,sequential_residual_continent_population_quintile_systematic_v2,bbba68ea0740a579,2,200.0,America|P4,7.0,74.0,10.0,17.0,81.0,4,Temperate,14,True,High,0.938,N_mid,34.02654819056058,-81.06319070172249,1709.1729530404211,False,True,False,True
000000000000000014d8,000000000000000014d8,820,820,,820,extension_270_probability_v2,90,Qingzhou (CHN),False,1099,195,Qingzhou,CHN,China,Asia,617122.5465664864,False,False,90.0,820,0.1353383458646616,7.388888888888889,0.2150170648464164,4.65079365079365,20260824.0,sequential_residual_continent_population_quintile_systematic_v2,ab2e85845f55fe45,2,200.0,Asia|P4,27.0,266.0,36.0,63.0,293.0,4,Continental,21,True,Middle,0.797,N_mid,36.71237353343296,118.51707000124874,511.8485422347255,False,True,False,True
0000000000000000096f,0000000000000000096f,821,821,,821,extension_270_probability_v2,91,Kebumen (IDN),False,1115,45,Kebumen,IDN,Indonesia,Asia,610386.7368507385,False,False,91.0,821,0.1350364963503649,7.405405405405405,0.2119205298013245,4.71875,20260824.0,sequential_residual_continent_population_quintile_systematic_v2,465b07d3de5c8903,2,200.0,Asia|P3,27.0,274.0,37.0,64.0,302.0,3,Tropical,1,True,Middle,0.728,S_tropical,-7.6525657374063885,109.60796898474976,334.2530587141579,False,True,False,True
000000000000000005a8,000000000000000005a8,822,822,,822,extension_270_probability_v2,92,Sandila (IND),False,1118,178,Sandila,IND,India,Asia,609341.8166809082,False,False,92.0,822,0.1350364963503649,7.405405405405405,0.2119205298013245,4.71875,20260824.0,sequential_residual_continent_population_quintile_systematic_v2,72f262123c587fcc,2,200.0,Asia|P3,27.0,274.0,37.0,64.0,302.0,3,Temperate,11,True,Low,0.685,N_mid,27.065990345825508,80.50472350386146,17.958945066546303,False,True,False,True
00000000000000001665,00000000000000001665,823,823,,823,extension_270_probability_v2,93,Kaiping (CHN),False,1132,202,Kaiping,CHN,China,Asia,601210.7923573107,False,False,93.0,823,0.1350364963503649,7.405405405405405,0.2119205298013245,4.71875,20260824.0,sequential_residual_continent_population_quintile_systematic_v2,a0e69fb1dc80c8d7,2,200.0,Asia|P3,27.0,274.0,37.0,64.0,302.0,3,Temperate,11,True,Middle,0.797,N_tropical,22.413726076813997,112.71969721206015,380.1490207035753,False,True,False,True
000000000000000006da,000000000000000006da,824,824,,824,extension_270_probability_v2,94,Dindigul (IND),False,1136,180,Dindigul,IND,India,Asia,599850.104190588,False,False,94.0,824,0.1350364963503649,7.405405405405405,0.2119205298013245,4.71875,20260824.0,sequential_residual_continent_population_quintile_systematic_v2,199f6f46702348dd,2,200.0,Asia|P3,27.0,274.0,37.0,64.0,302.0,3,Tropical,3,True,Low,0.685,N_tropical,10.365164205222566,77.96608695637745,121.7310799636543,False,True,False,True
00000000000000001693,00000000000000001693,825,825,,825,extension_270_probability_v2,95,Yangzhong (CHN),False,1138,204,Yangzhong,CHN,China,Asia,598529.5622095466,False,False,95.0,825,0.1350364963503649,7.405405405405405,0.2119205298013245,4.71875,20260824.0,sequential_residual_continent_population_quintile_systematic_v2,91fa2bd01a7d91a6,2,200.0,Asia|P3,27.0,274.0,37.0,64.0,302.0,3,Temperate,14,True,Middle,0.797,N_mid,32.26732140223732,119.84725307221044,550.7634659835851,False,True,False,True
00000000000000000b8f,00000000000000000b8f,826,826,,826,extension_270_probability_v2,96,Kai [Kofu] (JPN),False,1162,29,Kai [Kofu],JPN,Japan,Asia,584760.9782752544,False,False,96.0,826,0.1350364963503649,7.405405405405405,0.2119205298013245,4.71875,20260824.0,sequential_residual_continent_population_quintile_systematic_v2,24b68ce7e6cc5257,2,200.0,Asia|P3,27.0,274.0,37.0,64.0,302.0,3,Temperate,14,True,High,0.925,N_mid,35.64320035090517,138.56589233792212,896.0019440473076,False,True,False,True
000000000000000020f1,000000000000000020f1,827,827,,827,extension_270_probability_v2,97,Coventry (GBR),False,1164,20,Coventry,GBR,United Kingdom,Europe,583972.0325065553,False,False,97.0,827,0.140625,7.111111111111111,0.2142857142857142,4.666666666666667,20260824.0,sequential_residual_continent_population_quintile_systematic_v2,0d9f095d77eb1df1,2,200.0,Europe|P3,6.0,64.0,9.0,15.0,70.0,3,Temperate,15,True,High,0.946,N_polar,52.46835390480837,-1.48724733828525,554.7564044702267,False,True,False,True
00000000000000001f15,00000000000000001f15,828,828,,828,extension_270_probability_v2,98,Port Sudan (SDN),False,1168,6,Port Sudan,SDN,Sudan,Africa,583069.1126718521,False,False,98.0,828,0.1428571428571428,7.0,0.2307692307692307,4.333333333333333,20260824.0,sequential_residual_continent_population_quintile_systematic_v2,4bcae98b7e32a68e,2,200.0,Africa|P3,4.0,35.0,5.0,9.0,39.0,3,Arid,4,True,Low,0.511,N_tropical,19.601862307833553,37.20198312489072,111.74905124245754,False,True,False,True
000000000000000016bf,000000000000000016bf,829,829,,829,extension_270_probability_v2,99,Shangrao (CHN),False,1178,217,Shangrao,CHN,China,Asia,577633.4259758592,False,False,99.0,829,0.1350364963503649,7.405405405405405,0.2119205298013245,4.71875,20260824.0,sequential_residual_continent_population_quintile_systematic_v2,917850b0b059251c,2,200.0,Asia|P3,27.0,274.0,37.0,64.0,302.0,3,Temperate,14,True,Middle,0.797,N_mid,28.445076007297352,117.93470728362098,447.0001397156649,False,True,False,True
00000000000000001392,00000000000000001392,830,830,,830,extension_270_probability_v2,100,Xitao (CHN),False,1210,224,Xitao,CHN,China,Asia,568462.5049865246,False,False,100.0,830,0.1350364963503649,7.405405405405405,0.2119205298013245,4.71875,20260824.0,sequential_residual_continent_population_quintile_systematic_v2,7cc273432e9b258c,2,200.0,Asia|P3,27.0,274.0,37.0,64.0,302.0,3,Arid,7,True,Middle,0.797,N_mid,35.0800809102064,113.31867832053771,480.9235144839576,False,True,False,True
00000000000000000746,00000000000000000746,831,831,,831,extension_270_probability_v2,101,Waidhan (IND),False,1211,193,Waidhan,IND,India,Asia,567513.4616513252,False,False,101.0,831,0.1350364963503649,7.405405405405405,0.2119205298013245,4.71875,20260824.0,sequential_residual_continent_population_quintile_systematic_v2,40bed0d254e7df65,2,200.0,Asia|P3,27.0,274.0,37.0,64.0,302.0,3,Temperate,11,True,Low,0.685,N_mid,24.111780336927012,82.66611844634772,139.68541367918243,False,True,False,True
00000000000000001d78,00000000000000001d78,832,832,,832,extension_270_probability_v2,102,Kemerovo (RUS),False,1224,33,Kemerovo,RUS,Russia,Europe,563897.0053001838,False,False,102.0,832,0.140625,7.111111111111111,0.2142857142857142,4.666666666666667,20260824.0,sequential_residual_continent_population_quintile_systematic_v2,c1e808a6378f962c,2,200.0,Europe|P3,6.0,64.0,9.0,15.0,70.0,3,Continental,26,True,High,0.832,N_polar,55.38001479373517,86.06792871979746,781.2487512038913,False,True,False,True
000000000000000015d6,000000000000000015d6,833,833,,833,extension_270_probability_v2,103,Shuyang (CHN),False,1227,228,Shuyang,CHN,China,Asia,561307.0411370546,False,False,103.0,833,0.1350364963503649,7.405405405405405,0.2119205298013245,4.71875,20260824.0,sequential_residual_continent_population_quintile_systematic_v2,6f1f4ee76214b006,2,200.0,Asia|P3,27.0,274.0,37.0,64.0,302.0,3,Temperate,11,True,Middle,0.797,N_mid,34.09414039103836,118.7838696144793,446.9999865709497,False,True,False,True
000000000000000019ec,000000000000000019ec,834,834,,834,extension_270_probability_v2,104,Igbe (NGA),False,1231,30,Igbe,NGA,Nigeria,Africa,558722.6922440529,False,False,104.0,834,0.1428571428571428,7.0,0.2307692307692307,4.333333333333333,20260824.0,sequential_residual_continent_population_quintile_systematic_v2,d9641969859f6a9a,2,200.0,Africa|P3,4.0,35.0,5.0,9.0,39.0,3,Tropical,3,True,Low,0.56,N_tropical,7.511239964054835,5.780169757747359,227.48824179604495,False,True,False,True
000000000000000021db,000000000000000021db,835,835,,835,extension_270_probability_v2,105,South Bend (USA),False,1232,84,South Bend,USA,United States,America,558369.5770215025,False,False,105.0,835,0.1384615384615384,7.222222222222221,0.2112676056338028,4.733333333333333,20260824.0,sequential_residual_continent_population_quintile_systematic_v2,24985b80b07b1738,2,200.0,America|P3,6.0,65.0,9.0,15.0,71.0,3,Continental,25,True,High,0.938,N_mid,41.65414963005234,-86.11350219513993,3274.6639790453496,False,True,False,True
00000000000000001776,00000000000000001776,836,836,,836,extension_270_probability_v2,106,Ibagué (COL),False,1237,9,Ibagué,COL,Colombia,America,555958.6355743408,False,False,106.0,836,0.1384615384615384,7.222222222222221,0.2112676056338028,4.733333333333333,20260824.0,sequential_residual_continent_population_quintile_systematic_v2,be1d0813e5d375a5,2,200.0,America|P3,6.0,65.0,9.0,15.0,71.0,3,Tropical,1,True,Middle,0.788,N_tropical,4.429696371235414,-75.18872739096496,105.76204768312957,False,True,False,True
0000000000000000026d,0000000000000000026d,837,837,,837,extension_270_probability_v2,107,Deesa (IND),False,1257,199,Deesa,IND,India,Asia,545746.0120010376,False,False,107.0,837,0.1350364963503649,7.405405405405405,0.2119205298013245,4.71875,20260824.0,sequential_residual_continent_population_quintile_systematic_v2,16fcacd8e2b21c64,2,200.0,Asia|P3,27.0,274.0,37.0,64.0,302.0,3,Arid,6,True,Low,0.685,N_mid,24.258544190446816,72.18395806342298,44.89886788191592,False,True,False,True
000000000000000014e0,000000000000000014e0,838,838,,838,extension_270_probability_v2,108,Shouguang (CHN),False,1264,235,Shouguang,CHN,China,Asia,544184.4206953049,False,False,108.0,838,0.1350364963503649,7.405405405405405,0.2119205298013245,4.71875,20260824.0,sequential_residual_continent_population_quintile_systematic_v2,4410df0149763082,2,200.0,Asia|P3,27.0,274.0,37.0,64.0,302.0,3,Continental,21,True,Middle,0.797,N_mid,36.88168082689441,118.77381159061918,402.0940877621099,False,True,False,True
00000000000000001c66,00000000000000001c66,839,839,,839,extension_270_probability_v2,109,Zamboanga City (PHL),False,1269,10,Zamboanga City,PHL,Philippines,Asia,542003.2975219488,False,False,109.0,839,0.1350364963503649,7.405405405405405,0.2119205298013245,4.71875,20260824.0,sequential_residual_continent_population_quintile_systematic_v2,db007036529ddee9,2,200.0,Asia|P3,27.0,274.0,37.0,64.0,302.0,3,Tropical,1,True,Middle,0.72,N_tropical,6.934215831642372,122.08844182202316,115.74255235879627,False,True,False,True
00000000000000002095,00000000000000002095,840,840,,840,extension_270_probability_v2,110,Mykolaiv (UKR),False,1271,9,Mykolaiv,UKR,Ukraine,Europe,541188.1056037843,False,False,110.0,840,0.140625,7.111111111111111,0.2142857142857142,4.666666666666667,20260824.0,sequential_residual_continent_population_quintile_systematic_v2,92a6ffba83b6febe,2,200.0,Europe|P3,6.0,64.0,9.0,15.0,70.0,3,Arid,7,True,Middle,0.779,N_polar,47.001313895323015,32.02516497449611,524.8259934379363,False,True,False,True
0000000000000000084f,0000000000000000084f,841,841,,841,extension_270_probability_v2,111,Mansa Nagar (IND),False,1291,207,Mansa Nagar,IND,India,Asia,533172.9945545197,False,False,111.0,841,0.1350364963503649,7.405405405405405,0.2119205298013245,4.71875,20260824.0,sequential_residual_continent_population_quintile_systematic_v2,931de0586b162cd8,2,200.0,Asia|P3,27.0,274.0,37.0,64.0,302.0,3,Temperate,11,True,Low,0.685,N_mid,23.77092854190709,85.93975243948378,163.631754453516,False,True,False,True
00000000000000001d9c,00000000000000001d9c,842,842,,842,extension_270_probability_v2,112,Tabuk (SAU),False,1310,9,Tabuk,SAU,Saudi Arabia,Asia,525139.2993621826,False,False,112.0,842,0.1350364963503649,7.405405405405405,0.2119205298013245,4.71875,20260824.0,sequential_residual_continent_population_quintile_systematic_v2,60e3dcf88a3869b0,2,200.0,Asia|P3,27.0,274.0,37.0,64.0,302.0,3,Arid,4,True,High,0.9,N_mid,28.388681658453176,36.56725254387311,284.36315142507044,False,True,False,True
00000000000000000d36,00000000000000000d36,843,843,,843,extension_270_probability_v2,113,Oujda (MAR),False,1313,8,Oujda,MAR,Morocco,Africa,523607.2386565208,False,False,113.0,843,0.1428571428571428,7.0,0.2307692307692307,4.333333333333333,20260824.0,sequential_residual_continent_population_quintile_systematic_v2,e0a3d38ed664ea98,2,200.0,Africa|P3,4.0,35.0,5.0,9.0,39.0,3,Arid,5,True,Middle,0.71,N_mid,34.68714208257011,-1.904419112763028,102.76568239866978,False,True,False,True
0000000000000000048d,0000000000000000048d,844,844,,844,extension_270_probability_v2,114,Haldwani (IND),False,1342,219,Haldwani,IND,India,Asia,513442.6852169037,False,False,114.0,844,0.1350364963503649,7.405405405405405,0.2119205298013245,4.71875,20260824.0,sequential_residual_continent_population_quintile_systematic_v2,d9fdbecf172bc7c6,2,200.0,Asia|P3,27.0,274.0,37.0,64.0,302.0,3,Temperate,11,True,Low,0.685,N_mid,29.200978435306396,79.51888241043916,112.74897682736824,False,True,False,True
0000000000000000202a,0000000000000000202a,845,845,,845,extension_270_probability_v2,115,Kahramanmaraş (TUR),False,1348,17,Kahramanmaraş,TUR,Türkiye,Asia,511352.9800739288,False,False,115.0,845,0.1350364963503649,7.405405405405405,0.2119205298013245,4.71875,20260824.0,sequential_residual_continent_population_quintile_systematic_v2,c7aa00d405ae5217,2,200.0,Asia|P3,27.0,274.0,37.0,64.0,302.0,3,Temperate,8,True,High,0.853,N_mid,37.55409287509701,36.94666962645705,236.46788384381404,False,True,False,True
00000000000000000efb,00000000000000000efb,846,846,,846,extension_270_probability_v2,116,Barisal (BGD),False,1349,25,Barisal,BGD,Bangladesh,Asia,511333.6223526001,False,False,116.0,846,0.1350364963503649,7.405405405405405,0.2119205298013245,4.71875,20260824.0,sequential_residual_continent_population_quintile_systematic_v2,838000eff3d19d15,2,200.0,Asia|P3,27.0,274.0,37.0,64.0,302.0,3,Tropical,3,True,Low,0.685,N_tropical,22.70310229900305,90.34584651087616,171.61758342148525,False,True,False,True
00000000000000001ea3,00000000000000001ea3,847,847,,847,extension_270_probability_v2,117,Granada (ESP),False,1353,12,Granada,ESP,Spain,Europe,508590.4348276555,False,False,117.0,847,0.140625,7.111111111111111,0.2142857142857142,4.666666666666667,20260824.0,sequential_residual_continent_population_quintile_systematic_v2,83fe5690332e03ab,2,200.0,Europe|P3,6.0,64.0,9.0,15.0,70.0,3,Arid,7,True,High,0.918,N_mid,37.17432986360561,-3.641770417878462,488.9049542564855,False,True,False,True
00000000000000000348,00000000000000000348,848,848,,848,extension_270_probability_v2,118,Dahod (IND),False,1357,224,Dahod,IND,India,Asia,506642.3308868408,False,False,118.0,848,0.1350364963503649,7.405405405405405,0.2119205298013245,4.71875,20260824.0,sequential_residual_continent_population_quintile_systematic_v2,753fbb871db8f819,2,200.0,Asia|P3,27.0,274.0,37.0,64.0,302.0,3,Tropical,3,True,Low,0.685,N_tropical,22.851179111783477,74.25166624490824,63.85936989014579,False,True,False,True
00000000000000001749,00000000000000001749,849,849,,849,extension_270_probability_v2,119,Fuqing (CHN),False,1358,250,Fuqing,CHN,China,Asia,505919.86818220466,False,False,119.0,849,0.1350364963503649,7.405405405405405,0.2119205298013245,4.71875,20260824.0,sequential_residual_continent_population_quintile_systematic_v2,4f2e1f96f2c6fc40,2,200.0,Asia|P3,27.0,274.0,37.0,64.0,302.0,3,Temperate,14,True,Middle,0.797,N_mid,25.70115517605617,119.34923862722547,258.42103673756003,False,True,False,True
0000000000000000218d,0000000000000000218d,850,850,,850,extension_270_probability_v2,120,Little Rock (USA),False,1392,92,Little Rock,USA,United States,America,495450.7523108118,False,False,120.0,850,0.1384615384615384,7.222222222222221,0.2112676056338028,4.733333333333333,20260824.0,sequential_residual_continent_population_quintile_systematic_v2,86638c8376480d06,2,200.0,America|P3,6.0,65.0,9.0,15.0,71.0,3,Temperate,14,True,High,0.938,N_mid,34.786632462899064,-92.25781388456386,1862.8270572296165,False,True,False,True
000000000000000006c8,000000000000000006c8,851,851,,851,extension_270_probability_v2,121,Akbarpur (IND),False,1394,230,Akbarpur,IND,India,Asia,495408.11515808105,False,False,121.0,851,0.1350364963503649,7.405405405405405,0.2119205298013245,4.71875,20260824.0,sequential_residual_continent_population_quintile_systematic_v2,d62c8e27569af6b1,2,200.0,Asia|P3,27.0,274.0,37.0,64.0,302.0,3,Temperate,11,True,Low,0.685,N_mid,26.439895491451985,82.54958791833388,101.76934018649686,False,True,False,True
000000000000000015ee,000000000000000015ee,852,852,,852,extension_270_probability_v2,122,Chenzhou (CHN),False,1407,263,Chenzhou,CHN,China,Asia,490844.133687377,False,False,122.0,852,0.1350364963503649,7.405405405405405,0.2119205298013245,4.71875,20260824.0,sequential_residual_continent_population_quintile_systematic_v2,f3197927fda85449,2,200.0,Asia|P3,27.0,274.0,37.0,64.0,302.0,3,Temperate,14,True,Middle,0.797,N_mid,25.791604155497804,113.02270208718082,227.49074206139943,False,True,False,True
000000000000000020b4,000000000000000020b4,853,853,,853,extension_270_probability_v2,123,Mariupol (UKR),False,1409,11,Mariupol,UKR,Ukraine,Europe,490448.7107131046,False,False,123.0,853,0.140625,7.111111111111111,0.2142857142857142,4.666666666666667,20260824.0,sequential_residual_continent_population_quintile_systematic_v2,40c8361fb1618693,2,200.0,Europe|P3,6.0,64.0,9.0,15.0,70.0,3,Continental,25,True,Middle,0.779,N_polar,47.13384199427167,37.588624111537406,557.746304479158,False,True,False,True
00000000000000000c78,00000000000000000c78,854,854,,854,extension_270_probability_v2,124,Tepic (MEX),False,1434,36,Tepic,MEX,Mexico,America,482248.6304035485,False,False,124.0,854,0.1384615384615384,7.222222222222221,0.2112676056338028,4.733333333333333,20260824.0,sequential_residual_continent_population_quintile_systematic_v2,0fc8e2fc303223a1,2,200.0,America|P3,6.0,65.0,9.0,15.0,71.0,3,Temperate,11,True,Middle,0.789,N_tropical,21.49047961240371,-104.87655895473164,515.8428052307652,False,True,False,True
000000000000000012df,000000000000000012df,855,855,,855,extension_270_probability_v2,125,Yuncheng (CHN),False,1435,268,Yuncheng,CHN,China,Asia,482229.6910519004,False,False,125.0,855,0.1350364963503649,7.405405405405405,0.2119205298013245,4.71875,20260824.0,sequential_residual_continent_population_quintile_systematic_v2,10299e97add8425e,2,200.0,Asia|P3,27.0,274.0,37.0,64.0,302.0,3,Arid,7,True,Middle,0.797,N_mid,35.05522696161741,110.9904775817712,385.1353188315967,False,True,False,True
00000000000000001b97,00000000000000001b97,856,856,,856,extension_270_probability_v2,126,Dera Ghazi Khan (PAK),False,1441,29,Dera Ghazi Khan,PAK,Pakistan,Asia,480430.9352722168,False,False,126.0,856,0.1350364963503649,7.405405405405405,0.2119205298013245,4.71875,20260824.0,sequential_residual_continent_population_quintile_systematic_v2,95ddd29532ba5f1b,2,200.0,Asia|P3,27.0,274.0,37.0,64.0,302.0,3,Arid,4,True,Low,0.544,N_mid,30.044918401186493,70.66214867521626,163.63383139829585,False,True,False,True
0000000000000000186c,0000000000000000186c,857,857,,857,extension_270_probability_v2,127,Mongbwalu (COD),False,1459,12,Mongbwalu,COD,DR Congo,Africa,474711.5837097168,False,False,127.0,857,0.1428571428571428,7.0,0.2307692307692307,4.333333333333333,20260824.0,sequential_residual_continent_population_quintile_systematic_v2,481ac11bb8018888,2,200.0,Africa|P3,4.0,35.0,5.0,9.0,39.0,3,Tropical,2,True,Low,0.522,N_tropical,1.9418089517367672,30.034914428150685,25.942279850610465,False,True,False,True
00000000000000001eee,00000000000000001eee,858,858,,858,extension_270_probability_v2,128,Umm Ruwaba (SDN),False,1463,13,Umm Ruwaba,SDN,Sudan,Africa,473744.3580169678,False,False,128.0,858,0.1428571428571428,7.0,0.2307692307692307,4.333333333333333,20260824.0,sequential_residual_continent_population_quintile_systematic_v2,2e7dc3b603121ef8,2,200.0,Africa|P3,4.0,35.0,5.0,9.0,39.0,3,Arid,4,True,Low,0.511,N_tropical,12.909409843523202,31.212083285707138,25.94076071015721,False,True,False,True
000000000000000011a9,000000000000000011a9,859,859,,859,extension_270_probability_v2,129,Baoshan (CHN),False,1466,275,Baoshan,CHN,China,Asia,472960.46040769666,False,False,129.0,859,0.1350364963503649,7.405405405405405,0.2119205298013245,4.71875,20260824.0,sequential_residual_continent_population_quintile_systematic_v2,2b9022239a183e14,2,200.0,Asia|P3,27.0,274.0,37.0,64.0,302.0,3,Temperate,12,True,Middle,0.797,N_mid,25.12453687952289,99.19214295485617,276.3744761619574,False,True,False,True
00000000000000001d25,00000000000000001d25,860,860,,860,extension_270_probability_v2,130,Kirov (RUS),False,1494,41,Kirov,RUS,Russia,Europe,464005.6819821,False,False,130.0,860,0.140625,7.111111111111111,0.2142857142857142,4.666666666666667,20260824.0,sequential_residual_continent_population_quintile_systematic_v2,c331ce9543c40706,2,200.0,Europe|P3,6.0,64.0,9.0,15.0,70.0,3,Continental,26,True,High,0.832,N_polar,58.59219924733598,49.61253251967325,494.89258483080977,False,True,False,True
000000000000000003e7,000000000000000003e7,861,861,,861,extension_270_probability_v2,131,Khurja (IND),False,1506,248,Khurja,IND,India,Asia,460373.6371154785,False,False,131.0,861,0.1350364963503649,7.405405405405405,0.2119205298013245,4.71875,20260824.0,sequential_residual_continent_population_quintile_systematic_v2,ed87f96080d6031c,2,200.0,Asia|P3,27.0,274.0,37.0,64.0,302.0,3,Arid,6,True,Low,0.685,N_mid,28.235683904651506,77.84933143674732,66.84816237647644,False,True,False,True
00000000000000000488,00000000000000000488,862,862,,862,extension_270_probability_v2,132,Jalna (IND),False,1514,251,Jalna,IND,India,Asia,458066.1782171726,False,False,132.0,862,0.1350364963503649,7.405405405405405,0.2119205298013245,4.71875,20260824.0,sequential_residual_continent_population_quintile_systematic_v2,9c10747cdef98c46,2,200.0,Asia|P3,27.0,274.0,37.0,64.0,302.0,3,Arid,6,True,Low,0.685,N_tropical,19.850909282872134,75.88272421904024,98.78043855124848,False,True,False,True
00000000000000001483,00000000000000001483,863,863,,863,extension_270_probability_v2,133,Suizhou (CHN),False,1525,292,Suizhou,CHN,China,Asia,455257.2811821699,False,False,133.0,863,0.1350364963503649,7.405405405405405,0.2119205298013245,4.71875,20260824.0,sequential_residual_continent_population_quintile_systematic_v2,829b2632b2c73c07,2,200.0,Asia|P3,27.0,274.0,37.0,64.0,302.0,3,Temperate,11,True,Middle,0.797,N_mid,31.72130250690068,113.37638094693816,459.9681370056139,False,True,False,True
000000000000000009e0,000000000000000009e0,864,864,,864,extension_270_probability_v2,134,Kendari (IDN),False,1530,54,Kendari,IDN,Indonesia,Asia,454364.42697906494,False,False,134.0,864,0.1350364963503649,7.405405405405405,0.2119205298013245,4.71875,20260824.0,sequential_residual_continent_population_quintile_systematic_v2,409dafe45f0b05a5,2,200.0,Asia|P3,27.0,274.0,37.0,64.0,302.0,3,Tropical,1,True,Middle,0.728,S_tropical,-4.008811703934303,122.50603563305262,219.50552286243772,False,True,False,True
00000000000000001373,00000000000000001373,865,865,,865,extension_270_probability_v2,135,宝坻区 (CHN),False,1532,294,宝坻区,CHN,China,Asia,453829.4113422632,False,False,135.0,865,0.1350364963503649,7.405405405405405,0.2119205298013245,4.71875,20260824.0,sequential_residual_continent_population_quintile_systematic_v2,6b1deb825fec1c36,2,200.0,Asia|P3,27.0,274.0,37.0,64.0,302.0,3,Continental,21,True,Middle,0.797,N_mid,39.72499430262515,117.31220403200916,334.250621194743,False,True,False,True
00000000000000001c33,00000000000000001c33,866,866,,866,extension_270_probability_v2,136,Huancayo (PER),False,1537,7,Huancayo,PER,Peru,America,451967.5363712311,False,False,136.0,866,0.1384615384615384,7.222222222222221,0.2112676056338028,4.733333333333333,20260824.0,sequential_residual_continent_population_quintile_systematic_v2,e3b82c016f5be89c,2,200.0,America|P3,6.0,65.0,9.0,15.0,71.0,3,Temperate,12,True,Middle,0.794,S_tropical,-12.053684063930724,-75.24381846411626,189.57390832434217,False,True,False,True
0000000000000000210e,0000000000000000210e,867,867,,867,extension_270_probability_v2,137,Cambridge (GBR),False,1541,28,Cambridge,GBR,United Kingdom,Europe,450558.725890629,False,False,137.0,867,0.140625,7.111111111111111,0.2142857142857142,4.666666666666667,20260824.0,sequential_residual_continent_population_quintile_systematic_v2,3de16e17bae0124f,2,200.0,Europe|P3,6.0,64.0,9.0,15.0,70.0,3,Temperate,15,True,High,0.946,N_polar,52.225536684172155,0.1348273281445091,1430.79523991346,False,True,False,True
000000000000000005ed,000000000000000005ed,868,868,,868,extension_270_probability_v2,138,Nizamabad (IND),False,1544,253,Nizamabad,IND,India,Asia,449382.2903094292,False,False,138.0,868,0.1350364963503649,7.405405405405405,0.2119205298013245,4.71875,20260824.0,sequential_residual_continent_population_quintile_systematic_v2,78d18904bfe9c34b,2,200.0,Asia|P3,27.0,274.0,37.0,64.0,302.0,3,Tropical,3,True,Low,0.685,N_tropical,18.680877961959055,78.10011308162576,146.67386538054183,False,True,False,True
0000000000000000131b,0000000000000000131b,869,869,,869,extension_270_probability_v2,139,Ranghulu (CHN),False,1547,298,Ranghulu,CHN,China,Asia,447692.0296993256,False,False,139.0,869,0.1350364963503649,7.405405405405405,0.2119205298013245,4.71875,20260824.0,sequential_residual_continent_population_quintile_systematic_v2,0a213ee216f19808,2,200.0,Asia|P3,27.0,274.0,37.0,64.0,302.0,3,Continental,21,True,Middle,0.797,N_polar,46.616324626506966,124.8615131851828,206.5387468499836,False,True,False,True
00000000000000000162,00000000000000000162,870,870,,870,extension_270_probability_v2,140,Chemnitz (DEU),False,1550,24,Chemnitz,DEU,Germany,Europe,446989.76311173383,False,False,140.0,870,0.140625,7.111111111111111,0.2142857142857142,4.666666666666667,20260824.0,sequential_residual_continent_population_quintile_systematic_v2,d0c024d65a21973a,2,200.0,Europe|P3,6.0,64.0,9.0,15.0,70.0,3,Temperate,15,True,High,0.959,N_polar,50.828803416143955,12.892030858940984,890.0074092884654,False,True,False,True
000000000000000000e2,000000000000000000e2,871,871,,871,extension_270_probability_v2,141,Tours (FRA),False,1554,18,Tours,FRA,France,Europe,445493.45768135786,False,False,141.0,871,0.140625,7.111111111111111,0.2142857142857142,4.666666666666667,20260824.0,sequential_residual_continent_population_quintile_systematic_v2,f13dae9ae9678a3c,2,200.0,Europe|P3,6.0,64.0,9.0,15.0,70.0,3,Temperate,15,True,High,0.92,N_polar,47.38752930004571,0.6978349562743469,1602.4179563722037,False,True,False,True
00000000000000002157,00000000000000002157,872,872,,872,extension_270_probability_v2,142,Boise (USA),False,1559,100,Boise,USA,United States,America,443500.1822957397,False,False,142.0,872,0.1384615384615384,7.222222222222221,0.2112676056338028,4.733333333333333,20260824.0,sequential_residual_continent_population_quintile_systematic_v2,2a1883198b643cea,2,200.0,America|P3,6.0,65.0,9.0,15.0,71.0,3,Arid,7,True,High,0.938,N_mid,43.70822045565023,-116.33115358376374,1181.3509431023135,False,True,False,True
000000000000000021ef,000000000000000021ef,873,873,,873,extension_270_probability_v2,143,Flint (USA),False,1578,101,Flint,USA,United States,America,436057.6460031476,False,False,143.0,873,0.1384615384615384,7.222222222222221,0.2112676056338028,4.733333333333333,20260824.0,sequential_residual_continent_population_quintile_systematic_v2,8e3b67e47078c1d7,2,200.0,America|P3,6.0,65.0,9.0,15.0,71.0,3,Continental,25,True,High,0.938,N_mid,43.00040125825436,-83.69152152912164,1760.058830037557,False,True,False,True
00000000000000000686,00000000000000000686,874,874,,874,extension_270_probability_v2,144,Utraula (IND),False,1584,258,Utraula,IND,India,Asia,434946.13983154297,False,False,144.0,874,0.1350364963503649,7.405405405405405,0.2119205298013245,4.71875,20260824.0,sequential_residual_continent_population_quintile_systematic_v2,ac0ea79bc0841545,2,200.0,Asia|P3,27.0,274.0,37.0,64.0,302.0,3,Temperate,11,True,Low,0.685,N_mid,27.321107645718,82.41019059648308,8.979431718626685,False,True,False,True
00000000000000001167,00000000000000001167,875,875,,875,extension_270_probability_v2,145,Tianshan (CHN),False,1585,303,Tianshan,CHN,China,Asia,434781.4334285259,False,False,145.0,875,0.1350364963503649,7.405405405405405,0.2119205298013245,4.71875,20260824.0,sequential_residual_continent_population_quintile_systematic_v2,f53fb37f59d04388,2,200.0,Asia|P3,27.0,274.0,37.0,64.0,302.0,3,Arid,5,True,Middle,0.797,N_mid,41.767186565532256,86.12949265779447,147.66856680190534,False,True,False,True
00000000000000001674,00000000000000001674,876,876,,876,extension_270_probability_v2,146,Conghua (CHN),False,1589,306,Conghua,CHN,China,Asia,433320.264621377,False,False,146.0,876,0.1350364963503649,7.405405405405405,0.2119205298013245,4.71875,20260824.0,sequential_residual_continent_population_quintile_systematic_v2,f31b1ad4ee77360b,2,200.0,Asia|P3,27.0,274.0,37.0,64.0,302.0,3,Temperate,11,True,Middle,0.797,N_mid,23.520850073188868,113.55280913307998,409.0851649794313,False,True,False,True
00000000000000000f52,00000000000000000f52,877,877,,877,extension_270_probability_v2,147,Porto Velho (BRA),False,1596,47,Porto Velho,BRA,Brazil,America,431904.7185248584,False,False,147.0,877,0.1384615384615384,7.222222222222221,0.2112676056338028,4.733333333333333,20260824.0,sequential_residual_continent_population_quintile_systematic_v2,3558678885931808,2,200.0,America|P3,6.0,65.0,9.0,15.0,71.0,3,Tropical,2,True,Middle,0.786,S_tropical,-8.769300185487255,-63.88131843300251,192.57253346160945,False,True,False,True
00000000000000000cdf,00000000000000000cdf,878,878,,878,extension_270_probability_v2,148,Nuevo Laredo (MEX),True,1614,38,Nuevo Laredo,MEX,Mexico,America,424051.5303297527,False,False,148.0,878,0.1384615384615384,7.222222222222221,0.2112676056338028,4.733333333333333,20260824.0,sequential_residual_continent_population_quintile_systematic_v2,7966415e931a065b,2,200.0,America|P3,6.0,65.0,9.0,15.0,71.0,3,Arid,6,True,Middle,0.789,N_mid,27.458823288572873,-99.55713436896092,191.57314190581087,False,True,False,True
00000000000000000a31,00000000000000000a31,879,879,,879,extension_270_probability_v2,149,Khorramabad (IRN),False,1624,23,Khorramabad,IRN,Iran,Asia,421867.70898485184,False,False,149.0,879,0.1350364963503649,7.405405405405405,0.2119205298013245,4.71875,20260824.0,sequential_residual_continent_population_quintile_systematic_v2,e785f93673f42e8c,2,200.0,Asia|P3,27.0,274.0,37.0,64.0,302.0,3,Temperate,8,True,High,0.799,N_mid,33.46280851726739,48.34568104185695,187.58167980372008,False,True,False,True
00000000000000001645,00000000000000001645,880,880,,880,extension_270_probability_v2,150,拖船镇 (CHN),False,1647,318,拖船镇,CHN,China,Asia,416122.7244644165,False,False,150.0,880,0.1350364963503649,7.405405405405405,0.2119205298013245,4.71875,20260824.0,sequential_residual_continent_population_quintile_systematic_v2,7795910e73f614d0,2,200.0,Asia|P3,27.0,274.0,37.0,64.0,302.0,3,Temperate,14,True,Middle,0.797,N_mid,28.188178018135833,115.73329079297396,268.39861145491597,False,True,False,True
00000000000000001382,00000000000000001382,881,881,,881,extension_270_probability_v2,151,Fengfeng (CHN),False,1659,319,Fengfeng,CHN,China,Asia,414140.68181712925,False,False,151.0,881,0.1322957198443579,7.5588235294117645,0.2105263157894736,4.75,20260824.0,sequential_residual_continent_population_quintile_systematic_v2,f0b57909f44af86d,2,200.0,Asia|P2,26.0,257.0,34.0,60.0,285.0,2,Continental,21,True,Middle,0.797,N_mid,36.44674268225263,114.2108257269376,242.45320456599137,False,True,False,True
00000000000000000c6e,00000000000000000c6e,882,882,,882,extension_270_probability_v2,152,Ciudad Obregón (MEX),False,1664,40,Ciudad Obregón,MEX,Mexico,America,411466.38801406417,False,False,152.0,882,0.1388888888888889,7.199999999999999,0.2151898734177215,4.647058823529411,20260824.0,sequential_residual_continent_population_quintile_systematic_v2,3e43dc74c8e50f16,2,200.0,America|P2,7.0,72.0,10.0,17.0,79.0,2,Arid,4,True,Middle,0.789,N_mid,27.497342453109447,-109.94622730223207,367.1720404748638,False,True,False,True
00000000000000002043,00000000000000002043,883,883,,883,extension_270_probability_v2,153,Batman (TUR),False,1669,24,Batman,TUR,Türkiye,Asia,409504.6724933386,False,False,153.0,883,0.1322957198443579,7.5588235294117645,0.2105263157894736,4.75,20260824.0,sequential_residual_continent_population_quintile_systematic_v2,d1e780c20e593eaa,2,200.0,Asia|P2,26.0,257.0,34.0,60.0,285.0,2,Temperate,8,True,High,0.853,N_mid,37.89311398245955,41.13685900900817,195.56228233731804,False,True,False,True
00000000000000000233,00000000000000000233,884,884,,884,extension_270_probability_v2,154,Phalodi (IND),False,1675,270,Phalodi,IND,India,Asia,408877.8511428833,False,False,154.0,884,0.1322957198443579,7.5588235294117645,0.2105263157894736,4.75,20260824.0,sequential_residual_continent_population_quintile_systematic_v2,0fdd07cd9b44e102,2,200.0,Asia|P2,26.0,257.0,34.0,60.0,285.0,2,Arid,4,True,Low,0.685,N_mid,27.12079941906095,72.36507085798077,25.94171642450003,False,True,False,True
000000000000000016a3,000000000000000016a3,885,885,,885,extension_270_probability_v2,155,Haian (CHN),False,1682,324,Haian,CHN,China,Asia,407984.35167217255,False,False,155.0,885,0.1322957198443579,7.5588235294117645,0.2105263157894736,4.75,20260824.0,sequential_residual_continent_population_quintile_systematic_v2,ea7a6a9fd8f5db2e,2,200.0,Asia|P2,26.0,257.0,34.0,60.0,285.0,2,Temperate,14,True,Middle,0.797,N_mid,32.5249741903311,120.44637635432711,297.3356627554084,False,True,False,True
00000000000000001827,00000000000000001827,886,886,,886,extension_270_probability_v2,156,Kamina (COD),False,1685,17,Kamina,COD,DR Congo,Africa,407500.6249275207,False,False,156.0,886,0.1224489795918367,8.166666666666666,0.2037037037037037,4.909090909090909,20260824.0,sequential_residual_continent_population_quintile_systematic_v2,3a79dfca8f9a19c1,2,200.0,Africa|P2,5.0,49.0,6.0,11.0,54.0,2,Tropical,3,True,Low,0.522,S_tropical,-8.74079423780313,25.000158638544228,33.923811250437794,False,True,False,True
00000000000000001b8b,00000000000000001b8b,887,887,,887,extension_270_probability_v2,157,Swabi (PAK),False,1686,34,Swabi,PAK,Pakistan,Asia,407464.71953958273,False,False,157.0,887,0.1322957198443579,7.5588235294117645,0.2105263157894736,4.75,20260824.0,sequential_residual_continent_population_quintile_systematic_v2,b761e0dd4eb2330c,2,200.0,Asia|P2,26.0,257.0,34.0,60.0,285.0,2,Temperate,14,True,Low,0.544,N_mid,34.07999989465848,72.42853943943678,238.46214358653265,False,True,False,True
000000000000000021c9,000000000000000021c9,888,888,,888,extension_270_probability_v2,158,Rockford (USA),False,1701,108,Rockford,USA,United States,America,404531.76695871167,False,False,158.0,888,0.1388888888888889,7.199999999999999,0.2151898734177215,4.647058823529411,20260824.0,sequential_residual_continent_population_quintile_systematic_v2,ae5cc4ec07a384d9,2,200.0,America|P2,7.0,72.0,10.0,17.0,79.0,2,Continental,25,True,High,0.938,N_mid,42.259959744449226,-89.05204742409808,2389.647782709513,False,True,False,True
0000000000000000179e,0000000000000000179e,889,889,,889,extension_270_probability_v2,159,Valledupar (COL),False,1707,15,Valledupar,COL,Colombia,America,403416.85433864594,False,False,159.0,889,0.1388888888888889,7.199999999999999,0.2151898734177215,4.647058823529411,20260824.0,sequential_residual_continent_population_quintile_systematic_v2,75be59f5d3eab6d4,2,200.0,America|P2,7.0,72.0,10.0,17.0,79.0,2,Tropical,3,True,Middle,0.788,N_tropical,10.462483212481402,-73.25829465060126,55.87430226401917,False,True,False,True
00000000000000001864,00000000000000001864,890,890,,890,extension_270_probability_v2,160,Butembo (COD),False,1710,18,Butembo,COD,DR Congo,Africa,402314.2921848297,False,False,160.0,890,0.1224489795918367,8.166666666666666,0.2037037037037037,4.909090909090909,20260824.0,sequential_residual_continent_population_quintile_systematic_v2,022488ade4786240,2,200.0,Africa|P2,5.0,49.0,6.0,11.0,54.0,2,Temperate,15,True,Low,0.522,N_tropical,0.1180545698046104,29.302780532661433,92.78858127210462,False,True,False,True
000000000000000020eb,000000000000000020eb,891,891,,891,extension_270_probability_v2,161,Swindon (GBR),False,1719,32,Swindon,GBR,United Kingdom,Europe,399897.5754583776,False,False,161.0,891,0.136986301369863,7.300000000000001,0.2125,4.705882352941177,20260824.0,sequential_residual_continent_population_quintile_systematic_v2,29923eacc0343432,2,200.0,Europe|P2,7.0,73.0,10.0,17.0,80.0,2,Temperate,15,True,High,0.946,N_polar,51.55064903345754,-1.7890448139082842,1534.5611618575183,False,True,False,True
000000000000000019ac,000000000000000019ac,892,892,,892,extension_270_probability_v2,162,Ogbomosho (NGA),False,1720,41,Ogbomosho,NGA,Nigeria,Africa,399202.5180840492,False,False,162.0,892,0.1224489795918367,8.166666666666666,0.2037037037037037,4.909090909090909,20260824.0,sequential_residual_continent_population_quintile_systematic_v2,a0829a38d117edc4,2,200.0,Africa|P2,5.0,49.0,6.0,11.0,54.0,2,Tropical,3,True,Low,0.56,N_tropical,8.124836487236498,4.256569556140809,248.44346096609027,False,True,False,True
00000000000000000972,00000000000000000972,893,893,,893,extension_270_probability_v2,163,Purworejo (IDN),False,1721,62,Purworejo,IDN,Indonesia,Asia,398862.5030145645,False,False,163.0,893,0.1322957198443579,7.5588235294117645,0.2105263157894736,4.75,20260824.0,sequential_residual_continent_population_quintile_systematic_v2,4d8a8fed7efeb256,2,200.0,Asia|P2,26.0,257.0,34.0,60.0,285.0,2,Tropical,2,True,Middle,0.728,S_tropical,-7.727785524563803,109.9571279813644,262.41505508415526,False,True,False,True
000000000000000006ea,000000000000000006ea,894,894,,894,extension_270_probability_v2,164,Jalalpur (IND),False,1736,281,Jalalpur,IND,India,Asia,393926.15225219727,False,False,164.0,894,0.1322957198443579,7.5588235294117645,0.2105263157894736,4.75,20260824.0,sequential_residual_continent_population_quintile_systematic_v2,c27331763d50ac10,2,200.0,Asia|P2,26.0,257.0,34.0,60.0,285.0,2,Temperate,11,True,Low,0.685,N_mid,26.31599969826233,82.73715490770064,8.980898644586901,False,True,False,True
00000000000000000a3c,00000000000000000a3c,895,895,,895,extension_270_probability_v2,165,Abadan (IRN),False,1737,25,Abadan,IRN,Iran,Asia,393691.99368548393,False,False,165.0,895,0.1322957198443579,7.5588235294117645,0.2105263157894736,4.75,20260824.0,sequential_residual_continent_population_quintile_systematic_v2,5da43366d3bcaa61,2,200.0,Asia|P2,26.0,257.0,34.0,60.0,285.0,2,Arid,4,True,High,0.799,N_mid,30.388014254395426,48.24817754357351,174.61279117782175,False,True,False,True
000000000000000005c3,000000000000000005c3,896,896,,896,extension_270_probability_v2,166,Bidar (IND),False,1744,283,Bidar,IND,India,Asia,392750.9694519043,False,False,166.0,896,0.1322957198443579,7.5588235294117645,0.2105263157894736,4.75,20260824.0,sequential_residual_continent_population_quintile_systematic_v2,866f063c0bb577be,2,200.0,Asia|P2,26.0,257.0,34.0,60.0,285.0,2,Tropical,3,True,Low,0.685,N_tropical,17.911336694611006,77.50282720827674,73.83319630732058,False,True,False,True
00000000000000000a5d,00000000000000000a5d,897,897,,897,extension_270_probability_v2,167,Sari (IRN),False,1758,26,Sari,IRN,Iran,Asia,388685.50293281674,False,False,167.0,897,0.1322957198443579,7.5588235294117645,0.2105263157894736,4.75,20260824.0,sequential_residual_continent_population_quintile_systematic_v2,757e3143a260d7bc,2,200.0,Asia|P2,26.0,257.0,34.0,60.0,285.0,2,Temperate,8,True,High,0.799,N_mid,36.56205007001952,53.052351261734806,305.3172995545328,False,True,False,True
00000000000000001413,00000000000000001413,898,898,,898,extension_270_probability_v2,168,Tanghe (CHN),False,1772,338,Tanghe,CHN,China,Asia,386522.10610818863,False,False,168.0,898,0.1322957198443579,7.5588235294117645,0.2105263157894736,4.75,20260824.0,sequential_residual_continent_population_quintile_systematic_v2,034c09c8e94145b4,2,200.0,Asia|P2,26.0,257.0,34.0,60.0,285.0,2,Temperate,11,True,Middle,0.797,N_mid,32.68061265016089,112.84415491860564,373.16132579700945,False,True,False,True
000000000000000008e7,000000000000000008e7,899,899,,899,extension_270_probability_v2,169,Tezpur (IND),False,1803,298,Tezpur,IND,India,Asia,381256.9129036069,False,False,169.0,899,0.1322957198443579,7.5588235294117645,0.2105263157894736,4.75,20260824.0,sequential_residual_continent_population_quintile_systematic_v2,ac41ec18593dde8d,2,200.0,Asia|P2,26.0,257.0,34.0,60.0,285.0,2,Temperate,11,True,Low,0.685,N_mid,26.671918667831584,92.79652606138112,243.4571654845968,False,True,False,True
00000000000000000b2a,00000000000000000b2a,900,900,,900,extension_270_probability_v2,170,Salerno (ITA),False,1816,17,Salerno,ITA,Italy,Europe,379125.5348454332,False,False,170.0,900,0.136986301369863,7.300000000000001,0.2125,4.705882352941177,20260824.0,sequential_residual_continent_population_quintile_systematic_v2,a3979c954c9d87da,2,200.0,Europe|P2,7.0,73.0,10.0,17.0,80.0,2,Temperate,8,True,High,0.915,N_mid,40.67468971947903,14.859365442999698,424.0440534366602,False,True,False,True
00000000000000001538,00000000000000001538,901,901,,901,extension_270_probability_v2,171,沂水县 (CHN),False,1841,351,沂水县,CHN,China,Asia,375639.6661206335,False,False,171.0,901,0.1322957198443579,7.5588235294117645,0.2105263157894736,4.75,20260824.0,sequential_residual_continent_population_quintile_systematic_v2,cc70957510c92494,2,200.0,Asia|P2,26.0,257.0,34.0,60.0,285.0,2,Continental,21,True,Middle,0.797,N_mid,35.773271473796875,118.62468763821748,324.27017749025043,False,True,False,True
00000000000000000e92,00000000000000000e92,902,902,,902,extension_270_probability_v2,172,Posadas (ARG),False,1848,15,Posadas,ARG,Argentina,America,373994.61056160927,False,False,172.0,902,0.1388888888888889,7.199999999999999,0.2151898734177215,4.647058823529411,20260824.0,sequential_residual_continent_population_quintile_systematic_v2,6c40081b1cd36e4f,2,200.0,America|P2,7.0,72.0,10.0,17.0,79.0,2,Temperate,14,True,High,0.865,S_mid,-27.430150172713734,-55.88078745524216,188.57695280816543,False,True,False,True
000000000000000007ca,000000000000000007ca,903,903,,903,extension_270_probability_v2,173,Sasaram (IND),False,1861,310,Sasaram,IND,India,Asia,371009.21727371216,False,False,173.0,903,0.1322957198443579,7.5588235294117645,0.2105263157894736,4.75,20260824.0,sequential_residual_continent_population_quintile_systematic_v2,97a68be51fe8fa3d,2,200.0,Asia|P2,26.0,257.0,34.0,60.0,285.0,2,Temperate,11,True,Low,0.685,N_mid,24.954667368683996,84.03586180358666,110.74862055421788,False,True,False,True
000000000000000006f5,000000000000000006f5,904,904,,904,extension_270_probability_v2,174,Jolarpet (IND),False,1863,311,Jolarpet,IND,India,Asia,370603.2235569954,False,False,174.0,904,0.1322957198443579,7.5588235294117645,0.2105263157894736,4.75,20260824.0,sequential_residual_continent_population_quintile_systematic_v2,99e570bd3af38ab2,2,200.0,Asia|P2,26.0,257.0,34.0,60.0,285.0,2,Tropical,3,True,Low,0.685,N_tropical,12.524421873632908,78.570186334213,88.79875977731908,False,True,False,True
000000000000000000db,000000000000000000db,905,905,,905,extension_270_probability_v2,175,Angers (FRA),False,1864,26,Angers,FRA,France,Europe,370537.6921196524,False,False,175.0,905,0.136986301369863,7.300000000000001,0.2125,4.705882352941177,20260824.0,sequential_residual_continent_population_quintile_systematic_v2,9f3892d65af8533e,2,200.0,Europe|P2,7.0,73.0,10.0,17.0,80.0,2,Temperate,15,True,High,0.92,N_polar,47.44998131186367,-0.5380414206322937,1614.3831688603043,False,True,False,True
000000000000000022a5,000000000000000022a5,906,906,,906,extension_270_probability_v2,176,Hải Dương (VNM),False,1869,18,Hải Dương,VNM,Vietnam,Asia,369514.1949253082,False,False,176.0,906,0.1322957198443579,7.5588235294117645,0.2105263157894736,4.75,20260824.0,sequential_residual_continent_population_quintile_systematic_v2,783b10950360d47c,2,200.0,Asia|P2,26.0,257.0,34.0,60.0,285.0,2,Temperate,11,True,Middle,0.766,N_tropical,20.93317835423356,106.28742213921464,163.63916796694377,False,True,False,True
00000000000000001739,00000000000000001739,907,907,,907,extension_270_probability_v2,177,Ninghai (CHN),False,1901,358,Ninghai,CHN,China,Asia,363502.62208867073,False,False,177.0,907,0.1322957198443579,7.5588235294117645,0.2105263157894736,4.75,20260824.0,sequential_residual_continent_population_quintile_systematic_v2,fea4aeedfdcb1450,2,200.0,Asia|P2,26.0,257.0,34.0,60.0,285.0,2,Temperate,14,True,Middle,0.797,N_mid,29.320480174319208,121.42130928187336,232.481126761002,False,True,False,True
0000000000000000216a,0000000000000000216a,908,908,,908,extension_270_probability_v2,178,Corpus Christi (USA),False,1903,119,Corpus Christi,USA,United States,America,363290.3790281662,False,False,178.0,908,0.1388888888888889,7.199999999999999,0.2151898734177215,4.647058823529411,20260824.0,sequential_residual_continent_population_quintile_systematic_v2,cdec7a2dcc62987a,2,200.0,America|P2,7.0,72.0,10.0,17.0,79.0,2,Temperate,14,True,High,0.938,N_mid,27.792510670282187,-97.42719152330233,864.0586711495155,False,True,False,True
000000000000000005aa,000000000000000005aa,909,909,,909,extension_270_probability_v2,179,Chhatarpur (IND),False,1918,325,Chhatarpur,IND,India,Asia,360864.9933166504,False,False,179.0,909,0.1322957198443579,7.5588235294117645,0.2105263157894736,4.75,20260824.0,sequential_residual_continent_population_quintile_systematic_v2,06c76b5df1ca6bb4,2,200.0,Asia|P2,26.0,257.0,34.0,60.0,285.0,2,Temperate,11,True,Low,0.685,N_mid,24.90590581158301,79.58132977451167,64.8502213789656,False,True,False,True
00000000000000000449,00000000000000000449,910,910,,910,extension_270_probability_v2,180,Dhaulpur (IND),False,1925,328,Dhaulpur,IND,India,Asia,359402.7391872406,False,False,180.0,910,0.1322957198443579,7.5588235294117645,0.2105263157894736,4.75,20260824.0,sequential_residual_continent_population_quintile_systematic_v2,2841ab160666e63d,2,200.0,Asia|P2,26.0,257.0,34.0,60.0,285.0,2,Arid,6,True,Low,0.685,N_mid,26.7036343442377,77.8811993101138,91.79272934127022,False,True,False,True
00000000000000001a25,00000000000000001a25,911,911,,911,extension_270_probability_v2,181,Gwagwalada (NGA),False,1936,49,Gwagwalada,NGA,Nigeria,Africa,357696.43879306316,False,False,181.0,911,0.1224489795918367,8.166666666666666,0.2037037037037037,4.909090909090909,20260824.0,sequential_residual_continent_population_quintile_systematic_v2,c04c63e124f5de02,2,200.0,Africa|P2,5.0,49.0,6.0,11.0,54.0,2,Tropical,3,True,Low,0.56,N_tropical,8.948057835826013,7.09034476898379,101.77190066353984,False,True,False,True
0000000000000000047c,0000000000000000047c,912,912,,912,extension_270_probability_v2,182,Burhanpur (IND),False,1988,340,Burhanpur,IND,India,Asia,350122.1922607422,False,False,182.0,912,0.1322957198443579,7.5588235294117645,0.2105263157894736,4.75,20260824.0,sequential_residual_continent_population_quintile_systematic_v2,a211c20630c32a7e,2,200.0,Asia|P2,26.0,257.0,34.0,60.0,285.0,2,Tropical,3,True,Low,0.685,N_tropical,21.31406820671629,76.21850260096488,46.89429117177399,False,True,False,True
000000000000000015e3,000000000000000015e3,913,913,,913,extension_270_probability_v2,183,Gaozhou (CHN),False,1997,373,Gaozhou,CHN,China,Asia,348838.71514874697,False,False,183.0,913,0.1322957198443579,7.5588235294117645,0.2105263157894736,4.75,20260824.0,sequential_residual_continent_population_quintile_systematic_v2,10b5180b5435e749,2,200.0,Asia|P2,26.0,257.0,34.0,60.0,285.0,2,Temperate,11,True,Middle,0.797,N_tropical,21.907906524003007,110.86821493477616,205.53789104873175,False,True,False,True
000000000000000020d7,000000000000000020d7,914,914,,914,extension_270_probability_v2,184,Chester (GBR),False,2005,39,Chester,GBR,United Kingdom,Europe,347439.8464395553,False,False,184.0,914,0.136986301369863,7.300000000000001,0.2125,4.705882352941177,20260824.0,sequential_residual_continent_population_quintile_systematic_v2,b5539cd413a77016,2,200.0,Europe|P2,7.0,73.0,10.0,17.0,80.0,2,Temperate,15,True,High,0.946,N_polar,53.130201520102105,-2.9295538146878415,805.1960019140702,False,True,False,True
00000000000000002142,00000000000000002142,915,915,,915,extension_270_probability_v2,185,Hesperia (USA),False,2008,126,Hesperia,USA,United States,America,347064.54820307344,False,False,185.0,915,0.1388888888888889,7.199999999999999,0.2151898734177215,4.647058823529411,20260824.0,sequential_residual_continent_population_quintile_systematic_v2,2310d4d386475fe4,2,200.0,America|P2,7.0,72.0,10.0,17.0,79.0,2,Arid,7,True,High,0.938,N_mid,34.49466441266587,-117.31046899671831,550.7661115198059,False,True,False,True
00000000000000000142,00000000000000000142,916,916,,916,extension_270_probability_v2,186,Reutlingen (DEU),False,2013,31,Reutlingen,DEU,Germany,Europe,346539.5889657214,False,False,186.0,916,0.136986301369863,7.300000000000001,0.2125,4.705882352941177,20260824.0,sequential_residual_continent_population_quintile_systematic_v2,89d01550c368f5e1,2,200.0,Europe|P2,7.0,73.0,10.0,17.0,80.0,2,Temperate,15,True,High,0.959,N_polar,48.49650504776133,9.18188004454877,500.8775421754839,False,True,False,True
00000000000000000f0d,00000000000000000f0d,917,917,,917,extension_270_probability_v2,187,Brest (BLR),False,2015,6,Brest,BLR,Belarus,Europe,346147.0738452971,False,False,187.0,917,0.136986301369863,7.300000000000001,0.2125,4.705882352941177,20260824.0,sequential_residual_continent_population_quintile_systematic_v2,467e1b4c9864faa4,2,200.0,Europe|P2,7.0,73.0,10.0,17.0,80.0,2,Continental,26,True,High,0.824,N_polar,52.10365255186145,23.713346223289207,146.6728781743123,False,True,False,True
00000000000000001c51,00000000000000001c51,918,918,,918,extension_270_probability_v2,188,Cabanatuan (PHL),False,2022,16,Cabanatuan,PHL,Philippines,Asia,344559.2639503479,False,False,188.0,918,0.1322957198443579,7.5588235294117645,0.2105263157894736,4.75,20260824.0,sequential_residual_continent_population_quintile_systematic_v2,cf8c43461a859fa3,2,200.0,Asia|P2,26.0,257.0,34.0,60.0,285.0,2,Tropical,3,True,Middle,0.72,N_tropical,15.47099880989214,120.9497993637012,210.5293089465568,False,True,False,True
000000000000000013ba,000000000000000013ba,919,919,,919,extension_270_probability_v2,189,Hebi (CHN),False,2032,378,Hebi,CHN,China,Asia,343548.18505477905,False,False,189.0,919,0.1322957198443579,7.5588235294117645,0.2105263157894736,4.75,20260824.0,sequential_residual_continent_population_quintile_systematic_v2,50640ad62a993091,2,200.0,Asia|P2,26.0,257.0,34.0,60.0,285.0,2,Temperate,11,True,Middle,0.797,N_mid,35.73921250799318,114.252117435375,276.3787664173924,False,True,False,True
000000000000000010db,000000000000000010db,920,920,,920,extension_270_probability_v2,190,Guider (CMR),False,2039,10,Guider,CMR,Cameroon,Africa,342821.00395965576,False,False,190.0,920,0.1224489795918367,8.166666666666666,0.2037037037037037,4.909090909090909,20260824.0,sequential_residual_continent_population_quintile_systematic_v2,f5bfba8cf587e015,2,200.0,Africa|P2,5.0,49.0,6.0,11.0,54.0,2,Tropical,3,True,Low,0.588,N_tropical,9.933387944551862,13.944188159624266,16.960003492615243,False,True,False,True
00000000000000001320,00000000000000001320,921,921,,921,extension_270_probability_v2,191,Xushui (CHN),False,2043,381,Xushui,CHN,China,Asia,342197.4452419281,False,False,191.0,921,0.1322957198443579,7.5588235294117645,0.2105263157894736,4.75,20260824.0,sequential_residual_continent_population_quintile_systematic_v2,fbfc0cc7156f6d05,2,200.0,Asia|P2,26.0,257.0,34.0,60.0,285.0,2,Arid,7,True,Middle,0.797,N_mid,39.03728290543896,115.67596942697246,297.3357816500994,False,True,False,True
000000000000000006fb,000000000000000006fb,922,922,,922,extension_270_probability_v2,192,Musiri (IND),False,2044,350,Musiri,IND,India,Asia,341979.7894973755,False,False,192.0,922,0.1322957198443579,7.5588235294117645,0.2105263157894736,4.75,20260824.0,sequential_residual_continent_population_quintile_systematic_v2,b6ea1740b56768fc,2,200.0,Asia|P2,26.0,257.0,34.0,60.0,285.0,2,Arid,6,True,Low,0.685,N_tropical,10.944186532846624,78.4123328302292,111.74931861995049,False,True,False,True
00000000000000000676,00000000000000000676,923,923,,923,extension_270_probability_v2,193,Kunda (IND),False,2052,351,Kunda,IND,India,Asia,339688.51817655563,False,False,193.0,923,0.1322957198443579,7.5588235294117645,0.2105263157894736,4.75,20260824.0,sequential_residual_continent_population_quintile_systematic_v2,d949994299196f38,2,200.0,Asia|P2,26.0,257.0,34.0,60.0,285.0,2,Temperate,11,True,Low,0.685,N_mid,25.718703785297507,81.53368697364276,43.90133472095489,False,True,False,True
00000000000000001d10,00000000000000001d10,924,924,,924,extension_270_probability_v2,194,Tambov (RUS),False,2058,53,Tambov,RUS,Russia,Europe,338854.9121171236,False,False,194.0,924,0.136986301369863,7.300000000000001,0.2125,4.705882352941177,20260824.0,sequential_residual_continent_population_quintile_systematic_v2,9d20853c7759bd5a,2,200.0,Europe|P2,7.0,73.0,10.0,17.0,80.0,2,Continental,26,True,High,0.832,N_polar,52.71808100960198,41.44543481817579,351.2176935940695,False,True,False,True
00000000000000000fb1,00000000000000000fb1,925,925,,925,extension_270_probability_v2,195,Pelotas (BRA),False,2067,58,Pelotas,BRA,Brazil,America,337812.0673109926,False,False,195.0,925,0.1388888888888889,7.199999999999999,0.2151898734177215,4.647058823529411,20260824.0,sequential_residual_continent_population_quintile_systematic_v2,b6d9be9fd1fa80d1,2,200.0,America|P2,7.0,72.0,10.0,17.0,79.0,2,Temperate,14,True,Middle,0.786,S_mid,-31.72795291663897,-52.337446181295014,244.4549522507428,False,True,False,True
00000000000000002080,00000000000000002080,926,926,,926,extension_270_probability_v2,196,Rivne (UKR),False,2084,18,Rivne,UKR,Ukraine,Europe,335444.3336853236,False,False,196.0,926,0.136986301369863,7.300000000000001,0.2125,4.705882352941177,20260824.0,sequential_residual_continent_population_quintile_systematic_v2,b46b4c53e2f94566,2,200.0,Europe|P2,7.0,73.0,10.0,17.0,80.0,2,Continental,26,True,Middle,0.779,N_polar,50.640312821195565,26.27342363017255,428.0429425601618,False,True,False,True
000000000000000015f1,000000000000000015f1,927,927,,927,extension_270_probability_v2,197,Wendeng (CHN),False,2085,386,Wendeng,CHN,China,Asia,335235.84342229366,False,False,197.0,927,0.1322957198443579,7.5588235294117645,0.2105263157894736,4.75,20260824.0,sequential_residual_continent_population_quintile_systematic_v2,c9ab7a75867453ab,2,200.0,Asia|P2,26.0,257.0,34.0,60.0,285.0,2,Continental,21,True,Middle,0.797,N_mid,37.19556155138976,122.05518184087737,360.19107724139053,False,True,False,True
00000000000000001b78,00000000000000001b78,928,928,,928,extension_270_probability_v2,198,Takht-e-Bhai (PAK),False,2110,42,Takht-e-Bhai,PAK,Pakistan,Asia,330078.84700012207,False,False,198.0,928,0.1322957198443579,7.5588235294117645,0.2105263157894736,4.75,20260824.0,sequential_residual_continent_population_quintile_systematic_v2,a55a0cda40732019,2,200.0,Asia|P2,26.0,257.0,34.0,60.0,285.0,2,Arid,6,True,Low,0.544,N_mid,34.30715729618102,71.91939021708554,127.71420275768035,False,True,False,True
00000000000000001cd4,00000000000000001cd4,929,929,,929,extension_270_probability_v2,199,Brasov (ROU),False,2119,7,Brasov,ROU,Romania,Europe,329022.4929012358,False,False,199.0,929,0.136986301369863,7.300000000000001,0.2125,4.705882352941177,20260824.0,sequential_residual_continent_population_quintile_systematic_v2,0f08fe3fad164dc5,2,200.0,Europe|P2,7.0,73.0,10.0,17.0,80.0,2,Continental,26,True,High,0.845,N_polar,45.66864281631134,25.589471556873832,650.542382013269,False,True,False,True
00000000000000000ff6,00000000000000000ff6,930,930,,930,extension_270_probability_v2,200,Limeira (BRA),False,2120,61,Limeira,BRA,Brazil,America,328917.5370540023,False,False,200.0,930,0.1388888888888889,7.199999999999999,0.2151898734177215,4.647058823529411,20260824.0,sequential_residual_continent_population_quintile_systematic_v2,aa745139c9bb3094,2,200.0,America|P2,7.0,72.0,10.0,17.0,79.0,2,Tropical,3,True,Middle,0.786,S_tropical,-22.561295912584132,-47.43325298187941,153.65608358215613,False,True,False,True
000000000000000020a0,000000000000000020a0,931,931,,931,extension_270_probability_v2,201,Sevastopol (UKR),False,2124,19,Sevastopol,UKR,Ukraine,Europe,328703.02584415674,False,False,201.0,931,0.136986301369863,7.300000000000001,0.2125,4.705882352941177,20260824.0,sequential_residual_continent_population_quintile_systematic_v2,23cb28654a4af7a1,2,200.0,Europe|P2,7.0,73.0,10.0,17.0,80.0,2,Temperate,14,True,Middle,0.779,N_mid,44.584562619557616,33.582901329525654,423.05055982224616,False,True,False,True
000000000000000016e0,000000000000000016e0,932,932,,932,extension_270_probability_v2,202,Nanxun (CHN),False,2128,396,Nanxun,CHN,China,Asia,328112.5670285225,False,False,202.0,932,0.1322957198443579,7.5588235294117645,0.2105263157894736,4.75,20260824.0,sequential_residual_continent_population_quintile_systematic_v2,942b459e1ba573c6,2,200.0,Asia|P2,26.0,257.0,34.0,60.0,285.0,2,Temperate,14,True,Middle,0.797,N_mid,30.891106950526662,120.42187858639662,252.4343428956482,False,True,False,True
00000000000000002270,00000000000000002270,933,933,,933,extension_270_probability_v2,203,Acarigua (VEN),False,2138,19,Acarigua,VEN,Venezuela,America,326564.66310834885,False,False,203.0,933,0.1388888888888889,7.199999999999999,0.2151898734177215,4.647058823529411,20260824.0,sequential_residual_continent_population_quintile_systematic_v2,ecfebc1f04a66865,2,200.0,America|P2,7.0,72.0,10.0,17.0,79.0,2,Tropical,3,True,Middle,0.709,N_tropical,9.583443613695737,-69.2159269496151,258.42205674442437,False,True,False,True
00000000000000000979,00000000000000000979,934,934,,934,extension_270_probability_v2,204,Ketapang (IDN),False,2143,71,Ketapang,IDN,Indonesia,Asia,325987.20346069336,False,False,204.0,934,0.1322957198443579,7.5588235294117645,0.2105263157894736,4.75,20260824.0,sequential_residual_continent_population_quintile_systematic_v2,1319020af372ebcc,2,200.0,Asia|P2,26.0,257.0,34.0,60.0,285.0,2,Tropical,1,True,Middle,0.728,S_tropical,-1.8289690176747908,109.96748096564605,42.90383115259728,False,True,False,True
000000000000000004d2,000000000000000004d2,935,935,,935,extension_270_probability_v2,205,Aliganj (IND),False,2146,366,Aliganj,IND,India,Asia,325351.9167480469,False,False,205.0,935,0.1322957198443579,7.5588235294117645,0.2105263157894736,4.75,20260824.0,sequential_residual_continent_population_quintile_systematic_v2,436dfd620f2aa823,2,200.0,Asia|P2,26.0,257.0,34.0,60.0,285.0,2,Temperate,11,True,Low,0.685,N_mid,27.49239354392257,79.17852778256888,12.972670949913333,False,True,False,True
000000000000000021ec,000000000000000021ec,936,936,,936,extension_270_probability_v2,206,Ann Arbor (USA),False,2148,131,Ann Arbor,USA,United States,America,324646.24568857066,False,False,206.0,936,0.1388888888888889,7.199999999999999,0.2151898734177215,4.647058823529411,20260824.0,sequential_residual_continent_population_quintile_systematic_v2,539cfbdfcb1cef27,2,200.0,America|P2,7.0,72.0,10.0,17.0,79.0,2,Continental,25,True,High,0.938,N_mid,42.249216107910854,-83.73171641320214,755.3129275522201,False,True,False,True
00000000000000002227,00000000000000002227,937,937,,937,extension_270_probability_v2,207,Nukus (UZB),False,2188,11,Nukus,UZB,Uzbekistan,Asia,318516.99846959114,False,False,207.0,937,0.1322957198443579,7.5588235294117645,0.2105263157894736,4.75,20260824.0,sequential_residual_continent_population_quintile_systematic_v2,0bde81d50c518628,2,200.0,Asia|P2,26.0,257.0,34.0,60.0,285.0,2,Arid,5,True,Middle,0.74,N_mid,42.47319430490242,59.60484091995543,134.69964599953505,False,True,False,True
00000000000000000326,00000000000000000326,938,938,,938,extension_270_probability_v2,208,Chittorgarh (IND),False,2189,377,Chittorgarh,IND,India,Asia,318512.6250100136,False,False,208.0,938,0.1322957198443579,7.5588235294117645,0.2105263157894736,4.75,20260824.0,sequential_residual_continent_population_quintile_systematic_v2,3475e8c3fb48ae21,2,200.0,Asia|P2,26.0,257.0,34.0,60.0,285.0,2,Arid,6,True,Low,0.685,N_mid,24.918433782837862,74.62884438187378,129.7085303931928,False,True,False,True
0000000000000000078a,0000000000000000078a,939,939,,939,extension_270_probability_v2,209,Neyveli (IND),False,2190,378,Neyveli,IND,India,Asia,318222.3102841377,False,False,209.0,939,0.1322957198443579,7.5588235294117645,0.2105263157894736,4.75,20260824.0,sequential_residual_continent_population_quintile_systematic_v2,9ecb2ee2a106993b,2,200.0,Asia|P2,26.0,257.0,34.0,60.0,285.0,2,Tropical,3,True,Low,0.685,N_tropical,11.569418714513766,79.50240712601196,151.65885513796434,False,True,False,True
0000000000000000112f,0000000000000000112f,940,940,,940,extension_270_probability_v2,210,أدري Adré (TCD),False,2198,6,أدري Adré,TCD,Chad,Africa,316671.1522216797,False,False,210.0,940,0.1224489795918367,8.166666666666666,0.2037037037037037,4.909090909090909,20260824.0,sequential_residual_continent_population_quintile_systematic_v2,6ee1c8df4982c6f4,2,200.0,Africa|P2,5.0,49.0,6.0,11.0,54.0,2,Arid,6,True,Low,0.416,N_tropical,13.470135068550382,22.1965994705973,7.982709697791002,False,True,False,True
00000000000000001b60,00000000000000001b60,941,941,,941,extension_270_probability_v2,211,Jacobabad (PAK),False,2220,45,Jacobabad,PAK,Pakistan,Asia,312970.4585494995,False,False,211.0,941,0.1333333333333333,7.5,0.2101910828025477,4.757575757575758,20260824.0,sequential_residual_continent_population_quintile_systematic_v2,3c90a2b757338b24,2,200.0,Asia|P1,28.0,285.0,38.0,66.0,314.0,1,Arid,4,True,Low,0.544,N_mid,28.274029084050035,68.44496096484099,53.87682348409116,False,True,False,True
00000000000000001cf3,00000000000000001cf3,942,942,,942,extension_270_probability_v2,212,Cherepovets (RUS),False,2231,62,Cherepovets,RUS,Russia,Europe,311632.9945857525,False,False,212.0,942,0.1269841269841269,7.875,0.2028985507246377,4.928571428571428,20260824.0,sequential_residual_continent_population_quintile_systematic_v2,42fadfc78ec52f81,2,200.0,Europe|P1,6.0,63.0,8.0,14.0,69.0,1,Continental,26,True,High,0.832,N_polar,59.15921817385421,37.89194396995706,222.50101977347015,False,True,False,True
000000000000000020b5,000000000000000020b5,943,943,,943,extension_270_probability_v2,213,Sievierodonetsk (UKR),False,2232,23,Sievierodonetsk,UKR,Ukraine,Europe,311629.34696513414,False,False,213.0,943,0.1269841269841269,7.875,0.2028985507246377,4.928571428571428,20260824.0,sequential_residual_continent_population_quintile_systematic_v2,e0dd0e0d1771229f,2,200.0,Europe|P1,6.0,63.0,8.0,14.0,69.0,1,Continental,25,True,Middle,0.779,N_polar,48.96021988271412,38.40717986898893,242.45813520543183,False,True,False,True
000000000000000007d1,000000000000000007d1,944,944,,944,extension_270_probability_v2,214,Motihari (IND),False,2237,393,Motihari,IND,India,Asia,311060.1653652191,False,False,214.0,944,0.1333333333333333,7.5,0.2101910828025477,4.757575757575758,20260824.0,sequential_residual_continent_population_quintile_systematic_v2,065ae849c1b79bf2,2,200.0,Asia|P1,28.0,285.0,38.0,66.0,314.0,1,Temperate,11,True,Low,0.685,N_mid,26.642315597852846,84.91692416880585,49.89046055295195,False,True,False,True
00000000000000000aed,00000000000000000aed,945,945,,945,extension_270_probability_v2,215,Nazareth (ISR),False,2241,6,Nazareth,ISR,Israel,Asia,310201.0489678383,False,False,215.0,945,0.1333333333333333,7.5,0.2101910828025477,4.757575757575758,20260824.0,sequential_residual_continent_population_quintile_systematic_v2,ecb7c07efa4a0183,2,200.0,Asia|P1,28.0,285.0,38.0,66.0,314.0,1,Temperate,8,True,High,0.919,N_mid,32.71467200555411,35.286329867455386,292.3454405558839,False,True,False,True
0000000000000000125c,0000000000000000125c,946,946,,946,extension_270_probability_v2,216,Huyi (CHN),False,2247,413,Huyi,CHN,China,Asia,309745.9076447487,False,False,216.0,946,0.1333333333333333,7.5,0.2101910828025477,4.757575757575758,20260824.0,sequential_residual_continent_population_quintile_systematic_v2,20658eee23a66834,2,200.0,Asia|P1,28.0,285.0,38.0,66.0,314.0,1,Temperate,11,True,Middle,0.797,N_mid,34.10164474512258,108.61633847154664,213.52097570408245,False,True,False,True
000000000000000006c6,000000000000000006c6,947,947,,947,extension_270_probability_v2,217,Krishnagiri (IND),False,2261,401,Krishnagiri,IND,India,Asia,308463.56829452515,False,False,217.0,947,0.1333333333333333,7.5,0.2101910828025477,4.757575757575758,20260824.0,sequential_residual_continent_population_quintile_systematic_v2,abd67f20de6b704b,2,200.0,Asia|P1,28.0,285.0,38.0,66.0,314.0,1,Tropical,3,True,Low,0.685,N_tropical,12.520964365873102,78.22793097847212,145.67633845957982,False,True,False,True
00000000000000001521,00000000000000001521,948,948,,948,extension_270_probability_v2,218,Meihekou (CHN),False,2267,419,Meihekou,CHN,China,Asia,307486.6128746271,False,False,218.0,948,0.1333333333333333,7.5,0.2101910828025477,4.757575757575758,20260824.0,sequential_residual_continent_population_quintile_systematic_v2,a1d77599407e1eec,2,200.0,Asia|P1,28.0,285.0,38.0,66.0,314.0,1,Continental,21,True,Middle,0.797,N_mid,42.517770954946094,125.67883048450489,233.47544646033825,False,True,False,True
000000000000000007c3,000000000000000007c3,949,949,,949,extension_270_probability_v2,219,Ambikapur (IND),False,2283,405,Ambikapur,IND,India,Asia,305149.95670461655,False,False,219.0,949,0.1333333333333333,7.5,0.2101910828025477,4.757575757575758,20260824.0,sequential_residual_continent_population_quintile_systematic_v2,b66dedd5db2c7454,2,200.0,Asia|P1,28.0,285.0,38.0,66.0,314.0,1,Temperate,11,True,Low,0.685,N_tropical,23.123256003176376,83.18262412242288,60.863828400467575,False,True,False,True
00000000000000001a65,00000000000000001a65,950,950,,950,extension_270_probability_v2,220,Abakaliki (NGA),False,2293,55,Abakaliki,NGA,Nigeria,Africa,304097.91942596436,False,False,220.0,950,0.1304347826086956,7.666666666666667,0.2156862745098039,4.636363636363636,20260824.0,sequential_residual_continent_population_quintile_systematic_v2,f3b46d32c0343807,2,200.0,Africa|P1,5.0,46.0,6.0,11.0,51.0,1,Tropical,3,True,Low,0.56,N_tropical,6.31961013064938,8.097624536286277,49.887376820292445,False,True,False,True
000000000000000003d1,000000000000000003d1,951,951,,951,extension_270_probability_v2,221,Najibabad (IND),False,2326,414,Najibabad,IND,India,Asia,298341.2279987335,False,False,221.0,951,0.1333333333333333,7.5,0.2101910828025477,4.757575757575758,20260824.0,sequential_residual_continent_population_quintile_systematic_v2,0d090908c9051fe4,2,200.0,Asia|P1,28.0,285.0,38.0,66.0,314.0,1,Temperate,11,True,Low,0.685,N_mid,29.60407909411044,78.32093555743961,74.83224192109536,False,True,False,True
00000000000000000bb3,00000000000000000bb3,952,952,,952,extension_270_probability_v2,222,Pavlodar (KAZ),False,2340,7,Pavlodar,KAZ,Kazakhstan,Asia,296206.2564368248,False,False,222.0,952,0.1333333333333333,7.5,0.2101910828025477,4.757575757575758,20260824.0,sequential_residual_continent_population_quintile_systematic_v2,2604e4ef6f2a8025,2,200.0,Asia|P1,28.0,285.0,38.0,66.0,314.0,1,Arid,7,True,High,0.837,N_polar,52.29027174868208,76.97656592272442,172.6131887651189,False,True,False,True
0000000000000000167a,0000000000000000167a,953,953,,953,extension_270_probability_v2,223,Jurong (CHN),False,2341,431,Jurong,CHN,China,Asia,296066.3124205768,False,False,223.0,953,0.1333333333333333,7.5,0.2101910828025477,4.757575757575758,20260824.0,sequential_residual_continent_population_quintile_systematic_v2,02b6eedc91e9601c,2,200.0,Asia|P1,28.0,285.0,38.0,66.0,314.0,1,Temperate,14,True,Middle,0.797,N_mid,31.95434631159743,119.19111473949326,249.4401559877822,False,True,False,True
000000000000000013be,000000000000000013be,954,954,,954,extension_270_probability_v2,224,Suihua (CHN),False,2351,433,Suihua,CHN,China,Asia,294974.30935680866,False,False,224.0,954,0.1333333333333333,7.5,0.2101910828025477,4.757575757575758,20260824.0,sequential_residual_continent_population_quintile_systematic_v2,9837403504eff962,2,200.0,Asia|P1,28.0,285.0,38.0,66.0,314.0,1,Continental,21,True,Middle,0.797,N_polar,46.63798807532227,126.9765665103098,160.6401822388313,False,True,False,True
00000000000000000100,00000000000000000100,955,955,,955,extension_270_probability_v2,225,Valence (FRA),False,2374,33,Valence,FRA,France,Europe,291978.9922871664,False,False,225.0,955,0.1269841269841269,7.875,0.2028985507246377,4.928571428571428,20260824.0,sequential_residual_continent_population_quintile_systematic_v2,a24c37387cfdcf79,2,200.0,Europe|P1,6.0,63.0,8.0,14.0,69.0,1,Temperate,14,True,High,0.92,N_mid,44.90540834290934,4.876780881473235,973.8213827468484,False,True,False,True
000000000000000002cd,000000000000000002cd,956,956,,956,extension_270_probability_v2,226,Makrana (IND),False,2387,425,Makrana,IND,India,Asia,290339.87061440945,False,False,226.0,956,0.1333333333333333,7.5,0.2101910828025477,4.757575757575758,20260824.0,sequential_residual_continent_population_quintile_systematic_v2,c9c84b9320f7fdf9,2,200.0,Asia|P1,28.0,285.0,38.0,66.0,314.0,1,Arid,6,True,Low,0.685,N_mid,27.017223067153044,74.71408361924003,76.82830966378133,False,True,False,True
0000000000000000041b,0000000000000000041b,957,957,,957,extension_270_probability_v2,227,Margao (IND),False,2421,432,Margao,IND,India,Asia,286704.27941703796,False,False,227.0,957,0.1333333333333333,7.5,0.2101910828025477,4.757575757575758,20260824.0,sequential_residual_continent_population_quintile_systematic_v2,27e5564a6b1e9582,2,200.0,Asia|P1,28.0,285.0,38.0,66.0,314.0,1,Tropical,2,True,Low,0.685,N_tropical,15.250394101966611,73.96275745249943,220.5060492980418,False,True,False,True
00000000000000000486,00000000000000000486,958,958,,958,extension_270_probability_v2,228,UNNAMED (IND),False,2424,434,UNNAMED,IND,India,Asia,286507.98236083984,False,False,228.0,958,0.1333333333333333,7.5,0.2101910828025477,4.757575757575758,20260824.0,sequential_residual_continent_population_quintile_systematic_v2,099fcdcbbe66518e,2,200.0,Asia|P1,28.0,285.0,38.0,66.0,314.0,1,Temperate,11,True,Low,0.685,N_mid,28.128340533720383,78.91399463934165,7.982583102813991,False,True,False,True
00000000000000000ce4,00000000000000000ce4,959,959,,959,extension_270_probability_v2,229,Minatitlán (MEX),False,2427,57,Minatitlán,MEX,Mexico,America,286094.12925206125,False,False,229.0,959,0.135593220338983,7.375,0.2153846153846154,4.642857142857142,20260824.0,sequential_residual_continent_population_quintile_systematic_v2,498b7583f2d3272d,2,200.0,America|P1,6.0,59.0,8.0,14.0,65.0,1,Tropical,2,True,Middle,0.789,N_tropical,17.9997949356196,-94.56141822745994,238.46658423594883,False,True,False,True
000000000000000012d0,000000000000000012d0,960,960,,960,extension_270_probability_v2,230,Bijie (CHN),False,2444,445,Bijie,CHN,China,Asia,284426.6772130728,False,False,230.0,960,0.1333333333333333,7.5,0.2101910828025477,4.757575757575758,20260824.0,sequential_residual_continent_population_quintile_systematic_v2,632951155997c658,2,200.0,Asia|P1,28.0,285.0,38.0,66.0,314.0,1,Temperate,12,True,Middle,0.797,N_mid,27.27703852501739,105.28420700894004,78.82312583357904,False,True,False,True
00000000000000001cd0,00000000000000001cd0,961,961,,961,extension_270_probability_v2,231,Craiova (ROU),False,2455,9,Craiova,ROU,Romania,Europe,283020.8380441386,False,False,231.0,961,0.1269841269841269,7.875,0.2028985507246377,4.928571428571428,20260824.0,sequential_residual_continent_population_quintile_systematic_v2,cb6df1f65e706b55,2,200.0,Europe|P1,6.0,63.0,8.0,14.0,69.0,1,Continental,25,True,High,0.845,N_mid,44.3001908456088,23.840620096108356,500.87710187107905,False,True,False,True
00000000000000001f62,00000000000000001f62,962,962,,962,extension_270_probability_v2,232,Kilima Hewa (TZA),False,2458,7,Kilima Hewa,TZA,Tanzania,Africa,282639.659910202,False,False,232.0,962,0.1304347826086956,7.666666666666667,0.2156862745098039,4.636363636363636,20260824.0,sequential_residual_continent_population_quintile_systematic_v2,f1c73390185dc7ef,2,200.0,Africa|P1,5.0,46.0,6.0,11.0,51.0,1,Tropical,3,True,Low,0.555,S_tropical,-4.8755283205355475,29.65240032265605,108.758633152016,False,True,False,True
00000000000000002240,00000000000000002240,963,963,,963,extension_270_probability_v2,233,Termez (UZB),False,2470,14,Termez,UZB,Uzbekistan,Asia,280975.46045684814,False,False,233.0,963,0.1333333333333333,7.5,0.2101910828025477,4.757575757575758,20260824.0,sequential_residual_continent_population_quintile_systematic_v2,fb906616fc6455f7,2,200.0,Asia|P1,28.0,285.0,38.0,66.0,314.0,1,Arid,4,True,Middle,0.74,N_mid,37.253682390264515,67.30664166033748,107.76005887651009,False,True,False,True
000000000000000006de,000000000000000006de,964,964,,964,extension_270_probability_v2,234,Namakkal (IND),False,2471,441,Namakkal,IND,India,Asia,280973.1095223427,False,False,234.0,964,0.1333333333333333,7.5,0.2101910828025477,4.757575757575758,20260824.0,sequential_residual_continent_population_quintile_systematic_v2,0e115da134aaaa4c,2,200.0,Asia|P1,28.0,285.0,38.0,66.0,314.0,1,Arid,6,True,Low,0.685,N_tropical,11.230887695129615,78.168668365014,114.7407335166905,False,True,False,True
000000000000000021dc,000000000000000021dc,965,965,,965,extension_270_probability_v2,235,Appleton (USA),False,2474,147,Appleton,USA,United States,America,280779.2789347733,False,False,235.0,965,0.135593220338983,7.375,0.2153846153846154,4.642857142857142,20260824.0,sequential_residual_continent_population_quintile_systematic_v2,30acc8f3275a3d6b,2,200.0,America|P1,6.0,59.0,8.0,14.0,65.0,1,Continental,25,True,High,0.938,N_mid,44.26832811309636,-88.36107625477575,1508.6263804643552,False,True,False,True
00000000000000001132,00000000000000001132,966,966,,966,extension_270_probability_v2,236,Iquique (CHL),False,2484,8,Iquique,CHL,Chile,America,279380.99141693115,False,False,236.0,966,0.135593220338983,7.375,0.2153846153846154,4.642857142857142,20260824.0,sequential_residual_continent_population_quintile_systematic_v2,145d49ab697e9c12,2,200.0,America|P1,6.0,59.0,8.0,14.0,65.0,1,Arid,5,True,High,0.878,S_tropical,-20.24636390960551,-70.12047060686622,78.82228146406986,False,True,False,True
00000000000000000fb2,00000000000000000fb2,967,967,,967,extension_270_probability_v2,237,Imperatriz (BRA),False,2494,66,Imperatriz,BRA,Brazil,America,278426.42293517105,False,False,237.0,967,0.135593220338983,7.375,0.2153846153846154,4.642857142857142,20260824.0,sequential_residual_continent_population_quintile_systematic_v2,8bc19b06950a1312,2,200.0,America|P1,6.0,59.0,8.0,14.0,65.0,1,Tropical,3,True,Middle,0.786,S_tropical,-5.505297516342264,-47.470297897061016,209.5311383908908,False,True,False,True
000000000000000011fd,000000000000000011fd,968,968,,968,extension_270_probability_v2,238,Jianyang (CHN),False,2506,459,Jianyang,CHN,China,Asia,276675.9721484184,False,False,238.0,968,0.1333333333333333,7.5,0.2101910828025477,4.757575757575758,20260824.0,sequential_residual_continent_population_quintile_systematic_v2,16cfc3ee724d40de,2,200.0,Asia|P1,28.0,285.0,38.0,66.0,314.0,1,Temperate,11,True,Middle,0.797,N_mid,30.386004485658816,104.53484148719023,150.66002298468848,False,True,False,True
00000000000000001172,00000000000000001172,969,969,,969,extension_270_probability_v2,239,Jiuquan (CHN),False,2513,460,Jiuquan,CHN,China,Asia,276204.1050928533,False,False,239.0,969,0.1333333333333333,7.5,0.2101910828025477,4.757575757575758,20260824.0,sequential_residual_continent_population_quintile_systematic_v2,c7e370b8324e7420,2,200.0,Asia|P1,28.0,285.0,38.0,66.0,314.0,1,Arid,5,True,Middle,0.797,N_mid,39.72874955383595,98.53590745984197,197.55620592856863,False,True,False,True
00000000000000000bba,00000000000000000bba,970,970,,970,extension_270_probability_v2,240,Oskemen (KAZ),False,2515,8,Oskemen,KAZ,Kazakhstan,Asia,276131.92972934246,False,False,240.0,970,0.1333333333333333,7.5,0.2101910828025477,4.757575757575758,20260824.0,sequential_residual_continent_population_quintile_systematic_v2,ed21abc3b8e92a51,2,200.0,Asia|P1,28.0,285.0,38.0,66.0,314.0,1,Continental,26,True,High,0.837,N_polar,49.9751517149965,82.58594568400993,261.4160373068611,False,True,False,True
000000000000000020fd,000000000000000020fd,971,971,,971,extension_270_probability_v2,241,York (GBR),False,2516,50,York,GBR,United Kingdom,Europe,276081.4734750688,False,False,241.0,971,0.1269841269841269,7.875,0.2028985507246377,4.928571428571428,20260824.0,sequential_residual_continent_population_quintile_systematic_v2,45c35abf1ba31789,2,200.0,Europe|P1,6.0,63.0,8.0,14.0,69.0,1,Temperate,15,True,High,0.946,N_polar,53.97013742003166,-1.032466307083904,1083.5694401661535,False,True,False,True
00000000000000001faa,00000000000000001faa,972,972,,972,extension_270_probability_v2,242,Khon Kaen (THA),False,2522,10,Khon Kaen,THA,Thailand,Asia,275187.0619915128,False,False,242.0,972,0.1333333333333333,7.5,0.2101910828025477,4.757575757575758,20260824.0,sequential_residual_continent_population_quintile_systematic_v2,0fa0f2365dc0a41a,2,200.0,Asia|P1,28.0,285.0,38.0,66.0,314.0,1,Tropical,3,True,High,0.798,N_tropical,16.451823965008654,102.8270316835132,353.20639162697177,False,True,False,True
00000000000000000055,00000000000000000055,973,973,,973,extension_270_probability_v2,243,ቡሌ ሆራ / Bule Hora (ETH),False,2526,16,ቡሌ ሆራ / Bule Hora,ETH,Ethiopia,Africa,274982.96875,False,False,243.0,973,0.1304347826086956,7.666666666666667,0.2156862745098039,4.636363636363636,20260824.0,sequential_residual_continent_population_quintile_systematic_v2,50830afcb67ddc72,2,200.0,Africa|P1,5.0,46.0,6.0,11.0,51.0,1,Temperate,9,True,Low,0.497,N_tropical,5.635742031434226,38.23621108019864,9.978176658937413,False,True,False,True
000000000000000008f7,000000000000000008f7,974,974,,974,extension_270_probability_v2,244,Jorhat (IND),False,2534,452,Jorhat,IND,India,Asia,274350.6354484558,False,False,244.0,974,0.1333333333333333,7.5,0.2101910828025477,4.757575757575758,20260824.0,sequential_residual_continent_population_quintile_systematic_v2,c29e6744294a2df8,2,200.0,Asia|P1,28.0,285.0,38.0,66.0,314.0,1,Temperate,11,True,Low,0.685,N_mid,26.73776237646013,94.18834829555698,200.5498470393575,False,True,False,True
00000000000000001c78,00000000000000001c78,975,975,,975,extension_270_probability_v2,245,Marawi (PHL),False,2537,23,Marawi,PHL,Philippines,Asia,274013.3598175049,False,False,245.0,975,0.1333333333333333,7.5,0.2101910828025477,4.757575757575758,20260824.0,sequential_residual_continent_population_quintile_systematic_v2,38a29eebd4eba062,2,200.0,Asia|P1,28.0,285.0,38.0,66.0,314.0,1,Tropical,1,True,Middle,0.72,N_tropical,8.018052676746734,124.28448107254007,162.63575533219372,False,True,False,True
00000000000000000d8d,00000000000000000d8d,976,976,,976,extension_270_probability_v2,246,Myaungmya (MMR),False,2545,12,Myaungmya,MMR,Myanmar,Asia,273316.4223327637,False,False,246.0,976,0.1333333333333333,7.5,0.2101910828025477,4.757575757575758,20260824.0,sequential_residual_continent_population_quintile_systematic_v2,6dcdb9509bb52af6,2,200.0,Asia|P1,28.0,285.0,38.0,66.0,314.0,1,Tropical,2,True,Low,0.609,N_tropical,16.5941595644138,94.92034968932302,33.92485065592426,False,True,False,True
00000000000000001f30,00000000000000001f30,977,977,,977,extension_270_probability_v2,247,Sankt Gallen (CHE),False,2564,7,Sankt Gallen,CHE,Switzerland,Europe,270866.1223432198,False,False,247.0,977,0.1269841269841269,7.875,0.2028985507246377,4.928571428571428,20260824.0,sequential_residual_continent_population_quintile_systematic_v2,d71920eede42cbc1,2,200.0,Europe|P1,6.0,63.0,8.0,14.0,69.0,1,Temperate,15,True,High,0.97,N_polar,47.4468096553445,9.351226841196944,465.95362432619663,False,True,False,True
00000000000000001243,00000000000000001243,978,978,,978,extension_270_probability_v2,248,Yintai (CHN),False,2566,473,Yintai,CHN,China,Asia,270729.50511932373,False,False,248.0,978,0.1333333333333333,7.5,0.2101910828025477,4.757575757575758,20260824.0,sequential_residual_continent_population_quintile_systematic_v2,b2fa410eb1982320,2,200.0,Asia|P1,28.0,285.0,38.0,66.0,314.0,1,Continental,21,True,Middle,0.797,N_mid,35.08730788379951,109.07122459163928,131.70654595002887,False,True,False,True
00000000000000000b15,00000000000000000b15,979,979,,979,extension_270_probability_v2,249,Treviso (ITA),False,2567,23,Treviso,ITA,Italy,Europe,270522.05991876125,False,False,249.0,979,0.1269841269841269,7.875,0.2028985507246377,4.928571428571428,20260824.0,sequential_residual_continent_population_quintile_systematic_v2,52c4aaf4994a99fb,2,200.0,Europe|P1,6.0,63.0,8.0,14.0,69.0,1,Temperate,14,True,High,0.915,N_polar,45.672709432084005,12.234296554672325,411.0795710909711,False,True,False,True
00000000000000001d1a,00000000000000001d1a,980,980,,980,extension_270_probability_v2,250,Shakhty (RUS),False,2584,74,Shakhty,RUS,Russia,Europe,268933.6480088234,False,False,250.0,980,0.1269841269841269,7.875,0.2028985507246377,4.928571428571428,20260824.0,sequential_residual_continent_population_quintile_systematic_v2,1d64a5fcecead54f,2,200.0,Europe|P1,6.0,63.0,8.0,14.0,69.0,1,Continental,25,True,High,0.832,N_polar,47.72399797477446,40.19108945028509,366.1838143495277,False,True,False,True
00000000000000001e60,00000000000000001e60,981,981,,981,extension_270_probability_v2,251,Suncheon-si (KOR),False,2598,17,Suncheon-si,KOR,South Korea,Asia,266591.2440453768,False,False,251.0,981,0.1333333333333333,7.5,0.2101910828025477,4.757575757575758,20260824.0,sequential_residual_continent_population_quintile_systematic_v2,95b9a62b500f011a,2,200.0,Asia|P1,28.0,285.0,38.0,66.0,314.0,1,Temperate,11,True,High,0.937,N_mid,34.93808444205094,127.52190287155042,235.47127315910464,False,True,False,True
000000000000000014cf,000000000000000014cf,982,982,,982,extension_270_probability_v2,252,Dangshan (CHN),False,2606,480,Dangshan,CHN,China,Asia,265789.3755340576,False,False,252.0,982,0.1333333333333333,7.5,0.2101910828025477,4.757575757575758,20260824.0,sequential_residual_continent_population_quintile_systematic_v2,30a13ed4505bb26c,2,200.0,Asia|P1,28.0,285.0,38.0,66.0,314.0,1,Temperate,11,True,Middle,0.797,N_mid,34.422128859386476,116.3429229214702,252.43328765044055,False,True,False,True
0000000000000000188d,0000000000000000188d,983,983,,983,extension_270_probability_v2,253,Machala (ECU),False,2613,8,Machala,ECU,Ecuador,America,265115.883703351,False,False,253.0,983,0.135593220338983,7.375,0.2153846153846154,4.642857142857142,20260824.0,sequential_residual_continent_population_quintile_systematic_v2,96158ddac3aac379,2,200.0,America|P1,6.0,59.0,8.0,14.0,65.0,1,Arid,6,True,Middle,0.777,S_tropical,-3.2803038329590253,-79.9413474166971,128.7136189451182,False,True,False,True
00000000000000000f6d,00000000000000000f6d,984,984,,984,extension_270_probability_v2,254,Ciudad del Este (BRA),True,2624,71,Ciudad del Este,BRA,Brazil,America,264236.9756269455,False,False,254.0,984,0.135593220338983,7.375,0.2153846153846154,4.642857142857142,20260824.0,sequential_residual_continent_population_quintile_systematic_v2,2e0a6d532bebd31a,2,200.0,America|P1,6.0,59.0,8.0,14.0,65.0,1,Temperate,14,True,Middle,0.786,S_mid,-25.518030396159656,-54.53955582086866,171.61740196088522,False,True,False,True
000000000000000007c5,000000000000000007c5,985,985,,985,extension_270_probability_v2,255,Sagauli (IND),False,2639,468,Sagauli,IND,India,Asia,262856.4694020152,False,False,255.0,985,0.1333333333333333,7.5,0.2101910828025477,4.757575757575758,20260824.0,sequential_residual_continent_population_quintile_systematic_v2,6d30982ee08d465e,2,200.0,Asia|P1,28.0,285.0,38.0,66.0,314.0,1,Temperate,11,True,Low,0.685,N_mid,26.74582099518074,84.7526206868621,68.8426802759963,False,True,False,True
0000000000000000071c,0000000000000000071c,986,986,,986,extension_270_probability_v2,256,Chittoor (IND),False,2641,470,Chittoor,IND,India,Asia,262727.5216098875,False,False,256.0,986,0.1333333333333333,7.5,0.2101910828025477,4.757575757575758,20260824.0,sequential_residual_continent_population_quintile_systematic_v2,e1868b645e0afc19,2,200.0,Asia|P1,28.0,285.0,38.0,66.0,314.0,1,Tropical,3,True,Low,0.685,N_tropical,13.20139347317008,79.08634991340577,152.65846626758128,False,True,False,True
000000000000000019e7,000000000000000019e7,987,987,,987,extension_270_probability_v2,257,Owo (NGA),False,2647,64,Owo,NGA,Nigeria,Africa,262345.73648166656,False,False,257.0,987,0.1304347826086956,7.666666666666667,0.2156862745098039,4.636363636363636,20260824.0,sequential_residual_continent_population_quintile_systematic_v2,690038c65a7c0eb4,2,200.0,Africa|P1,5.0,46.0,6.0,11.0,51.0,1,Tropical,3,True,Low,0.56,N_tropical,7.2097748723881905,5.586010190829243,140.6854384456562,False,True,False,True
00000000000000002190,00000000000000002190,988,988,,988,extension_270_probability_v2,258,Biloxi (USA),False,2652,155,Biloxi,USA,United States,America,261875.70401743337,False,False,258.0,988,0.135593220338983,7.375,0.2153846153846154,4.642857142857142,20260824.0,sequential_residual_continent_population_quintile_systematic_v2,ba25df5592980101,2,200.0,America|P1,6.0,59.0,8.0,14.0,65.0,1,Temperate,14,True,High,0.938,N_mid,30.443753280744083,-88.93194389605236,1359.9492307304745,False,True,False,True
0000000000000000167d,0000000000000000167d,989,989,,989,extension_270_probability_v2,259,Lishui (CHN),False,2666,493,Lishui,CHN,China,Asia,260270.40265083313,False,False,259.0,989,0.1333333333333333,7.5,0.2101910828025477,4.757575757575758,20260824.0,sequential_residual_continent_population_quintile_systematic_v2,ea7f34f5e4022615,2,200.0,Asia|P1,28.0,285.0,38.0,66.0,314.0,1,Temperate,14,True,Middle,0.797,N_mid,31.667843832163193,119.0237426761548,281.3701519919732,False,True,False,True
00000000000000000bad,00000000000000000bad,990,990,,990,extension_270_probability_v2,260,Kyzylorda (KAZ),False,2685,12,Kyzylorda,KAZ,Kazakhstan,Asia,257390.94214248657,False,False,260.0,990,0.1333333333333333,7.5,0.2101910828025477,4.757575757575758,20260824.0,sequential_residual_continent_population_quintile_systematic_v2,f58e6d7dd2aabca7,2,200.0,Asia|P1,28.0,285.0,38.0,66.0,314.0,1,Arid,5,True,High,0.837,N_mid,44.82414302757648,65.51853553090966,112.74827328650596,False,True,False,True
000000000000000007c7,000000000000000007c7,991,991,,991,extension_270_probability_v2,261,Madhobani (IND),False,2699,481,Madhobani,IND,India,Asia,255931.8180732727,False,False,261.0,991,0.1333333333333333,7.5,0.2101910828025477,4.757575757575758,20260824.0,sequential_residual_continent_population_quintile_systematic_v2,233294a589c46ea1,2,200.0,Asia|P1,28.0,285.0,38.0,66.0,314.0,1,Temperate,11,True,Low,0.685,N_mid,26.518101478829173,84.6669915169255,87.80164269584132,False,True,False,True
00000000000000001b89,00000000000000001b89,992,992,,992,extension_270_probability_v2,262,Tando Adam (PAK),False,2700,54,Tando Adam,PAK,Pakistan,Asia,255861.65392303467,False,False,262.0,992,0.1333333333333333,7.5,0.2101910828025477,4.757575757575758,20260824.0,sequential_residual_continent_population_quintile_systematic_v2,423b633701cbe889,2,200.0,Asia|P1,28.0,285.0,38.0,66.0,314.0,1,Arid,4,True,Low,0.544,N_mid,25.761415350923865,68.65319357977441,27.937243727601857,False,True,False,True
00000000000000000d03,00000000000000000d03,993,993,,993,extension_270_probability_v2,263,El Jadida (MAR),False,2707,13,El Jadida,MAR,Morocco,Africa,255113.51828289032,False,False,263.0,993,0.1304347826086956,7.666666666666667,0.2156862745098039,4.636363636363636,20260824.0,sequential_residual_continent_population_quintile_systematic_v2,d9c3194a67636c1c,2,200.0,Africa|P1,5.0,46.0,6.0,11.0,51.0,1,Temperate,8,True,Middle,0.71,N_mid,33.21967300820022,-8.510430379601768,119.73296561725364,False,True,False,True
00000000000000001117,00000000000000001117,994,994,,994,extension_270_probability_v2,264,فيانكا Fianga (TCD),False,2710,7,فيانكا Fianga,TCD,Chad,Africa,254989.0126953125,False,False,264.0,994,0.1304347826086956,7.666666666666667,0.2156862745098039,4.636363636363636,20260824.0,sequential_residual_continent_population_quintile_systematic_v2,c4e80a0835e0429f,2,200.0,Africa|P1,5.0,46.0,6.0,11.0,51.0,1,Arid,6,True,Low,0.416,N_tropical,9.919128325772414,15.149719801789924,4.9880599951145745,False,True,False,True
00000000000000001555,00000000000000001555,995,995,,995,extension_270_probability_v2,265,Guiping (CHN),False,2711,504,Guiping,CHN,China,Asia,254916.32737350464,False,False,265.0,995,0.1333333333333333,7.5,0.2101910828025477,4.757575757575758,20260824.0,sequential_residual_continent_population_quintile_systematic_v2,b2f52a7e71b9ad6a,2,200.0,Asia|P1,28.0,285.0,38.0,66.0,314.0,1,Temperate,14,True,Middle,0.797,N_tropical,23.34979527754321,110.05293524629776,140.68731182708285,False,True,False,True
00000000000000001728,00000000000000001728,996,996,,996,extension_270_probability_v2,266,Anxi (CHN),False,2723,508,Anxi,CHN,China,Asia,253893.7770047188,False,False,266.0,996,0.1333333333333333,7.5,0.2101910828025477,4.757575757575758,20260824.0,sequential_residual_continent_population_quintile_systematic_v2,ed8b7efc7a7a4e67,2,200.0,Asia|P1,28.0,285.0,38.0,66.0,314.0,1,Temperate,14,True,Middle,0.797,N_mid,25.06395267465768,118.1546514030282,152.65651053613718,False,True,False,True
00000000000000001398,00000000000000001398,997,997,,997,extension_270_probability_v2,267,Jinghai (CHN),False,2725,509,Jinghai,CHN,China,Asia,253724.8421062231,False,False,267.0,997,0.1333333333333333,7.5,0.2101910828025477,4.757575757575758,20260824.0,sequential_residual_continent_population_quintile_systematic_v2,476d2b6d0032c044,2,200.0,Asia|P1,28.0,285.0,38.0,66.0,314.0,1,Arid,7,True,Middle,0.797,N_mid,38.93123643570243,116.9155049594396,235.47282497437195,False,True,False,True
00000000000000000959,00000000000000000959,998,998,,998,extension_270_probability_v2,268,Palabuhanratu (IDN),False,2730,78,Palabuhanratu,IDN,Indonesia,Asia,253122.9415645599,False,False,268.0,998,0.1333333333333333,7.5,0.2101910828025477,4.757575757575758,20260824.0,sequential_residual_continent_population_quintile_systematic_v2,aaf0ba044b7e94ef,2,200.0,Asia|P1,28.0,285.0,38.0,66.0,314.0,1,Tropical,1,True,Middle,0.728,S_tropical,-6.986932341891952,106.55522974343972,148.66609881964513,False,True,False,True
00000000000000002151,00000000000000002151,999,999,,999,extension_270_probability_v2,269,Olympia (USA),False,2750,158,Olympia,USA,United States,America,250758.2955227029,False,False,269.0,999,0.135593220338983,7.375,0.2153846153846154,4.642857142857142,20260824.0,sequential_residual_continent_population_quintile_systematic_v2,b17450c3e1b4edf8,2,200.0,America|P1,6.0,59.0,8.0,14.0,65.0,1,Temperate,9,True,High,0.938,N_polar,46.99710618043276,-122.8543676832502,973.811745528132,False,True,False,True
00000000000000000783,00000000000000000783,1000,1000,,1000,extension_270_probability_v2,270,Chirala (IND),False,2751,488,Chirala,IND,India,Asia,250620.84346723557,False,False,270.0,1000,0.1333333333333333,7.5,0.2101910828025477,4.757575757575758,20260824.0,sequential_residual_continent_population_quintile_systematic_v2,6e1702b629d3e354,2,200.0,Asia|P1,28.0,285.0,38.0,66.0,314.0,1,Tropical,3,True,Low,0.685,N_tropical,15.80442799356513,80.34283119267103,91.79254580681967,False,True,False,True
